source_url,direct_status,status,final_url,canonical,indexability,x_robots_tag,meta_robots,title,h1,description,word_count,internal_link_count,backlinks_within_old_sitemap,main_domain_equivalent,match_type,service_municipality_offering_evidence,gsc_clicks,gsc_impressions,recommended_disposition,proposed_destination,confirmed_executable_redirect,decision_rationale,error
https://seo.goldenmaplelandscaping.ca/,200,200,https://seo.goldenmaplelandscaping.ca/,https://seo.goldenmaplelandscaping.ca/,INDEXABLE,,,Golden Maple Landscaping | Hardscape Contractor in Barrie ON,Golden Maple Landscaping,Golden Maple Landscaping — 8 hardscape services across 15 ON cities. Call +1-705-790-3838 for a free quote.,71,24,129,https://goldenmaplelandscaping.ca/,EXACT_PATH_IN_CURRENT_SITEMAP,"Exact old URL path appears in current sitemap. Old on-page claim: title='Golden Maple Landscaping | Hardscape Contractor in Barrie ON'; H1='Golden Maple Landscaping'. Current on-page evidence: title='Barrie Landscaping Company | Patios, Interlock & Retaining Walls | Golden Maple Landscaping'; H1=""The backyard you've | always pictured."". This does not independently verify the current service × municipality offering.",NOT_ACCESSIBLE_NO_CREDENTIALS,NOT_ACCESSIBLE_NO_CREDENTIALS,OWNER_CONFIRMATION_REQUIRED,https://goldenmaplelandscaping.ca/,,Read-only crawl found no authenticated owner/GSC offering decision. Do not implement redirect or 410 until owner validates the offering and target; proposed destination is not executable configuration.,
https://seo.goldenmaplelandscaping.ca/services/paver-patio-installation/,200,200,https://seo.goldenmaplelandscaping.ca/services/paver-patio-installation/,https://seo.goldenmaplelandscaping.ca/services/paver-patio-installation/,INDEXABLE,,,Paver Patio Installation Across ON | Golden Maple Landscaping,Paver Patio Installation,"Golden Maple Landscaping provides paver patio installation across 15 ON cities. Starting at $8,000.",122,16,1,https://goldenmaplelandscaping.ca/resources/best-time-install-patio-ontario/,LEXICAL_CANDIDATE,"Automated lexical candidate (token overlap=1): old=['installation', 'patio', 'paver', 'services'], candidate=['best', 'install', 'ontario', 'patio', 'resources', 'time']. Old on-page claim: title='Paver Patio Installation Across ON | Golden Maple Landscaping'; H1='Paver Patio Installation'. Candidate on-page evidence: title='Best Time to Install a Paver Patio in Ontario | When to Book | 2026 | Golden Maple Landscaping'; H1='Best Time to Install a Paver Patio in Ontario (2026 Guide)'. Lexical similarity and sitemap presence are not evidence that the business currently offers the service × municipality combination; owner confirmation required.",NOT_ACCESSIBLE_NO_CREDENTIALS,NOT_ACCESSIBLE_NO_CREDENTIALS,OWNER_CONFIRMATION_REQUIRED,https://goldenmaplelandscaping.ca/resources/best-time-install-patio-ontario/,,Read-only crawl found no authenticated owner/GSC offering decision. Do not implement redirect or 410 until owner validates the offering and target; proposed destination is not executable configuration.,
https://seo.goldenmaplelandscaping.ca/services/retaining-wall-construction/,200,200,https://seo.goldenmaplelandscaping.ca/services/retaining-wall-construction/,https://seo.goldenmaplelandscaping.ca/services/retaining-wall-construction/,INDEXABLE,,,Retaining Wall Construction Across ON | Golden Maple Landscaping,Retaining Wall Construction,"Golden Maple Landscaping provides retaining wall construction across 15 ON cities. Starting at $6,500.",114,16,1,https://goldenmaplelandscaping.ca/resources/retaining-wall-cost-oro-medonte/,LEXICAL_CANDIDATE,"Automated lexical candidate (token overlap=2): old=['construction', 'retaining', 'services', 'wall'], candidate=['cost', 'medonte', 'oro', 'resources', 'retaining', 'wall']. Old on-page claim: title='Retaining Wall Construction Across ON | Golden Maple Landscaping'; H1='Retaining Wall Construction'. Candidate on-page evidence: title='Retaining Wall Cost Oro-Medonte 2026 | Real Prices | Golden Maple Landscaping'; H1='Retaining Wall Cost in Oro-Medonte: 2026 Price Breakdown'. Lexical similarity and sitemap presence are not evidence that the business currently offers the service × municipality combination; owner confirmation required.",NOT_ACCESSIBLE_NO_CREDENTIALS,NOT_ACCESSIBLE_NO_CREDENTIALS,OWNER_CONFIRMATION_REQUIRED,https://goldenmaplelandscaping.ca/resources/retaining-wall-cost-oro-medonte/,,Read-only crawl found no authenticated owner/GSC offering decision. Do not implement redirect or 410 until owner validates the offering and target; proposed destination is not executable configuration.,
https://seo.goldenmaplelandscaping.ca/services/interlocking-driveway/,200,200,https://seo.goldenmaplelandscaping.ca/services/interlocking-driveway/,https://seo.goldenmaplelandscaping.ca/services/interlocking-driveway/,INDEXABLE,,,Interlocking Driveway Across ON | Golden Maple Landscaping,Interlocking Driveway,"Golden Maple Landscaping provides interlocking driveway across 15 ON cities. Starting at $18,000.",97,16,1,https://goldenmaplelandscaping.ca/resources/interlocking-driveway-lifespan-ontario/,LEXICAL_CANDIDATE,"Automated lexical candidate (token overlap=2): old=['driveway', 'interlocking', 'services'], candidate=['driveway', 'interlocking', 'lifespan', 'ontario', 'resources']. Old on-page claim: title='Interlocking Driveway Across ON | Golden Maple Landscaping'; H1='Interlocking Driveway'. Candidate on-page evidence: title='Interlocking Driveway Lifespan Ontario | Paver Longevity Barrie | Golden Maple Landscaping'; H1='Interlocking Driveway Lifespan Ontario: How Long Pavers Really Last'. Lexical similarity and sitemap presence are not evidence that the business currently offers the service × municipality combination; owner confirmation required.",NOT_ACCESSIBLE_NO_CREDENTIALS,NOT_ACCESSIBLE_NO_CREDENTIALS,OWNER_CONFIRMATION_REQUIRED,https://goldenmaplelandscaping.ca/resources/interlocking-driveway-lifespan-ontario/,,Read-only crawl found no authenticated owner/GSC offering decision. Do not implement redirect or 410 until owner validates the offering and target; proposed destination is not executable configuration.,
https://seo.goldenmaplelandscaping.ca/services/pool-deck-installation/,200,200,https://seo.goldenmaplelandscaping.ca/services/pool-deck-installation/,https://seo.goldenmaplelandscaping.ca/services/pool-deck-installation/,INDEXABLE,,,Pool Deck Installation Across ON | Golden Maple Landscaping,Pool Deck Installation,"Golden Maple Landscaping provides pool deck installation across 15 ON cities. Starting at $22,000.",114,16,1,https://goldenmaplelandscaping.ca/resources/best-pavers-pool-deck-simcoe-county/,LEXICAL_CANDIDATE,"Automated lexical candidate (token overlap=2): old=['deck', 'installation', 'pool', 'services'], candidate=['best', 'county', 'deck', 'pavers', 'pool', 'resources', 'simcoe']. Old on-page claim: title='Pool Deck Installation Across ON | Golden Maple Landscaping'; H1='Pool Deck Installation'. Candidate on-page evidence: title='Pool Deck Pavers Simcoe County | Slip-Rated Guide | Golden Maple Landscaping'; H1='Best Pavers for Pool Decks in Simcoe County: Slip-Rated, Cool-Touch, Freeze-Thaw Tested'. Lexical similarity and sitemap presence are not evidence that the business currently offers the service × municipality combination; owner confirmation required.",NOT_ACCESSIBLE_NO_CREDENTIALS,NOT_ACCESSIBLE_NO_CREDENTIALS,OWNER_CONFIRMATION_REQUIRED,https://goldenmaplelandscaping.ca/resources/best-pavers-pool-deck-simcoe-county/,,Read-only crawl found no authenticated owner/GSC offering decision. Do not implement redirect or 410 until owner validates the offering and target; proposed destination is not executable configuration.,
https://seo.goldenmaplelandscaping.ca/services/outdoor-kitchen-construction/,200,200,https://seo.goldenmaplelandscaping.ca/services/outdoor-kitchen-construction/,https://seo.goldenmaplelandscaping.ca/services/outdoor-kitchen-construction/,INDEXABLE,,,Outdoor Kitchen Construction Across ON | Golden Maple Landscaping,Outdoor Kitchen Construction,"Golden Maple Landscaping provides outdoor kitchen construction across 15 ON cities. Starting at $28,000.",113,16,1,https://goldenmaplelandscaping.ca/resources/outdoor-kitchen-planning-guide/,LEXICAL_CANDIDATE,"Automated lexical candidate (token overlap=2): old=['construction', 'kitchen', 'outdoor', 'services'], candidate=['guide', 'kitchen', 'outdoor', 'planning', 'resources']. Old on-page claim: title='Outdoor Kitchen Construction Across ON | Golden Maple Landscaping'; H1='Outdoor Kitchen Construction'. Candidate on-page evidence: title='Outdoor Kitchen Planning Guide Ontario | Gas, Materials & Layout | Golden Maple | Golden Maple Landscaping'; H1='Planning an Outdoor Kitchen in Ontario: What You Need to Know'. Lexical similarity and sitemap presence are not evidence that the business currently offers the service × municipality combination; owner confirmation required.",NOT_ACCESSIBLE_NO_CREDENTIALS,NOT_ACCESSIBLE_NO_CREDENTIALS,OWNER_CONFIRMATION_REQUIRED,https://goldenmaplelandscaping.ca/resources/outdoor-kitchen-planning-guide/,,Read-only crawl found no authenticated owner/GSC offering decision. Do not implement redirect or 410 until owner validates the offering and target; proposed destination is not executable configuration.,
https://seo.goldenmaplelandscaping.ca/services/fire-pit-installation/,200,200,https://seo.goldenmaplelandscaping.ca/services/fire-pit-installation/,https://seo.goldenmaplelandscaping.ca/services/fire-pit-installation/,INDEXABLE,,,Fire Pit Installation Across ON | Golden Maple Landscaping,Fire Pit Installation,"Golden Maple Landscaping provides fire pit installation across 15 ON cities. Starting at $3,500.",113,16,1,https://goldenmaplelandscaping.ca/resources/fire-pit-cost-barrie-with-permits,LEXICAL_CANDIDATE,"Automated lexical candidate (token overlap=2): old=['fire', 'installation', 'pit', 'services'], candidate=['barrie', 'cost', 'fire', 'permits', 'pit', 'resources']. Old on-page claim: title='Fire Pit Installation Across ON | Golden Maple Landscaping'; H1='Fire Pit Installation'. Candidate on-page evidence: title='Fire Pit Cost Barrie 2026 — Permits & Real Pricing | Golden Maple Landscaping'; H1=""Fire Pit Cost in Barrie: What You'll Pay in 2026 (With Permits)"". Lexical similarity and sitemap presence are not evidence that the business currently offers the service × municipality combination; owner confirmation required.",NOT_ACCESSIBLE_NO_CREDENTIALS,NOT_ACCESSIBLE_NO_CREDENTIALS,OWNER_CONFIRMATION_REQUIRED,https://goldenmaplelandscaping.ca/resources/fire-pit-cost-barrie-with-permits,,Read-only crawl found no authenticated owner/GSC offering decision. Do not implement redirect or 410 until owner validates the offering and target; proposed destination is not executable configuration.,
https://seo.goldenmaplelandscaping.ca/services/front-walkway-installation/,200,200,https://seo.goldenmaplelandscaping.ca/services/front-walkway-installation/,https://seo.goldenmaplelandscaping.ca/services/front-walkway-installation/,INDEXABLE,,,Front Walkway Installation Across ON | Golden Maple Landscaping,Front Walkway Installation,"Golden Maple Landscaping provides front walkway installation across 15 ON cities. Starting at $4,500.",113,16,1,https://goldenmaplelandscaping.ca/resources/paver-walkway-cost-barrie/,LEXICAL_CANDIDATE,"Automated lexical candidate (token overlap=1): old=['front', 'installation', 'services', 'walkway'], candidate=['barrie', 'cost', 'paver', 'resources', 'walkway']. Old on-page claim: title='Front Walkway Installation Across ON | Golden Maple Landscaping'; H1='Front Walkway Installation'. Candidate on-page evidence: title='Paver Walkway Cost Barrie: A 2026 Price Guide for Homeowners | Golden Maple Landscaping'; H1='What Does a Paver Walkway Cost in Barrie? Real 2026 Pricing Guide'. Lexical similarity and sitemap presence are not evidence that the business currently offers the service × municipality combination; owner confirmation required.",NOT_ACCESSIBLE_NO_CREDENTIALS,NOT_ACCESSIBLE_NO_CREDENTIALS,OWNER_CONFIRMATION_REQUIRED,https://goldenmaplelandscaping.ca/resources/paver-walkway-cost-barrie/,,Read-only crawl found no authenticated owner/GSC offering decision. Do not implement redirect or 410 until owner validates the offering and target; proposed destination is not executable configuration.,
https://seo.goldenmaplelandscaping.ca/services/landscape-lighting/,200,200,https://seo.goldenmaplelandscaping.ca/services/landscape-lighting/,https://seo.goldenmaplelandscaping.ca/services/landscape-lighting/,INDEXABLE,,,Landscape Lighting Across ON | Golden Maple Landscaping,Landscape Lighting,"Golden Maple Landscaping provides landscape lighting across 15 ON cities. Starting at $2,500.",100,16,1,https://goldenmaplelandscaping.ca/resources/landscape-lighting-guide-barrie/,LEXICAL_CANDIDATE,"Automated lexical candidate (token overlap=2): old=['landscape', 'lighting', 'services'], candidate=['barrie', 'guide', 'landscape', 'lighting', 'resources']. Old on-page claim: title='Landscape Lighting Across ON | Golden Maple Landscaping'; H1='Landscape Lighting'. Candidate on-page evidence: title='Landscape Lighting Guide Barrie | Professional LED Systems | Golden Maple | Golden Maple Landscaping'; H1='Landscape Lighting: The Investment That Doubles Your Outdoor Living Hours'. Lexical similarity and sitemap presence are not evidence that the business currently offers the service × municipality combination; owner confirmation required.",NOT_ACCESSIBLE_NO_CREDENTIALS,NOT_ACCESSIBLE_NO_CREDENTIALS,OWNER_CONFIRMATION_REQUIRED,https://goldenmaplelandscaping.ca/resources/landscape-lighting-guide-barrie/,,Read-only crawl found no authenticated owner/GSC offering decision. Do not implement redirect or 410 until owner validates the offering and target; proposed destination is not executable configuration.,
https://seo.goldenmaplelandscaping.ca/paver-patio-installation/barrie/,200,200,https://seo.goldenmaplelandscaping.ca/paver-patio-installation/barrie/,https://seo.goldenmaplelandscaping.ca/paver-patio-installation/barrie/,INDEXABLE,,,Paver Patio Installation in Barrie | Golden Maple Landscaping,Paver Patio Installation in Barrie,"Paver Patio Installation for Barrie homeowners by Golden Maple Landscaping. Starting at $8,000. Call +1-705-790-3838 for a free quote.",582,8,24,https://goldenmaplelandscaping.ca/resources/concrete-vs-interlocking-patio-barrie/,LEXICAL_CANDIDATE,"Automated lexical candidate (token overlap=2): old=['barrie', 'installation', 'patio', 'paver'], candidate=['barrie', 'concrete', 'interlocking', 'patio', 'resources']. Old on-page claim: title='Paver Patio Installation in Barrie | Golden Maple Landscaping'; H1='Paver Patio Installation in Barrie'. Candidate on-page evidence: title='Concrete vs Interlocking Patio Barrie - Which is Best? | Golden Maple Landscaping'; H1=""Concrete vs Interlocking Patio: Which Is Better for Barrie's Climate?"". Lexical similarity and sitemap presence are not evidence that the business currently offers the service × municipality combination; owner confirmation required.",NOT_ACCESSIBLE_NO_CREDENTIALS,NOT_ACCESSIBLE_NO_CREDENTIALS,OWNER_CONFIRMATION_REQUIRED,https://goldenmaplelandscaping.ca/resources/concrete-vs-interlocking-patio-barrie/,,Read-only crawl found no authenticated owner/GSC offering decision. Do not implement redirect or 410 until owner validates the offering and target; proposed destination is not executable configuration.,
https://seo.goldenmaplelandscaping.ca/paver-patio-installation/innisfil/,200,200,https://seo.goldenmaplelandscaping.ca/paver-patio-installation/innisfil/,https://seo.goldenmaplelandscaping.ca/paver-patio-installation/innisfil/,INDEXABLE,,,Paver Patio Installation in Innisfil | Golden Maple Landscaping,Paver Patio Installation in Innisfil,"Paver Patio Installation for Innisfil homeowners by Golden Maple Landscaping. Starting at $8,000. Call +1-705-790-3838 for a free quote.",684,8,24,https://goldenmaplelandscaping.ca/locations/innisfil/,LEXICAL_CANDIDATE,"Automated lexical candidate (token overlap=1): old=['innisfil', 'installation', 'patio', 'paver'], candidate=['innisfil', 'locations']. Old on-page claim: title='Paver Patio Installation in Innisfil | Golden Maple Landscaping'; H1='Paver Patio Installation in Innisfil'. Candidate on-page evidence: title='Landscaping & Hardscape Contractor Innisfil | Golden Maple Landscaping'; H1='Premium Landscaping & Hardscape | Contractor in Innisfil, Ontario.'. Lexical similarity and sitemap presence are not evidence that the business currently offers the service × municipality combination; owner confirmation required.",NOT_ACCESSIBLE_NO_CREDENTIALS,NOT_ACCESSIBLE_NO_CREDENTIALS,OWNER_CONFIRMATION_REQUIRED,https://goldenmaplelandscaping.ca/locations/innisfil/,,Read-only crawl found no authenticated owner/GSC offering decision. Do not implement redirect or 410 until owner validates the offering and target; proposed destination is not executable configuration.,
https://seo.goldenmaplelandscaping.ca/paver-patio-installation/bradford/,200,200,https://seo.goldenmaplelandscaping.ca/paver-patio-installation/bradford/,https://seo.goldenmaplelandscaping.ca/paver-patio-installation/bradford/,INDEXABLE,,,Paver Patio Installation in Bradford | Golden Maple Landscaping,Paver Patio Installation in Bradford,"Paver Patio Installation for Bradford homeowners by Golden Maple Landscaping. Starting at $8,000. Call +1-705-790-3838 for a free quote.",642,8,24,https://goldenmaplelandscaping.ca/resources/best-time-install-patio-ontario/,LEXICAL_CANDIDATE,"Automated lexical candidate (token overlap=1): old=['bradford', 'installation', 'patio', 'paver'], candidate=['best', 'install', 'ontario', 'patio', 'resources', 'time']. Old on-page claim: title='Paver Patio Installation in Bradford | Golden Maple Landscaping'; H1='Paver Patio Installation in Bradford'. Candidate on-page evidence: title='Best Time to Install a Paver Patio in Ontario | When to Book | 2026 | Golden Maple Landscaping'; H1='Best Time to Install a Paver Patio in Ontario (2026 Guide)'. Lexical similarity and sitemap presence are not evidence that the business currently offers the service × municipality combination; owner confirmation required.",NOT_ACCESSIBLE_NO_CREDENTIALS,NOT_ACCESSIBLE_NO_CREDENTIALS,OWNER_CONFIRMATION_REQUIRED,https://goldenmaplelandscaping.ca/resources/best-time-install-patio-ontario/,,Read-only crawl found no authenticated owner/GSC offering decision. Do not implement redirect or 410 until owner validates the offering and target; proposed destination is not executable configuration.,
https://seo.goldenmaplelandscaping.ca/paver-patio-installation/newmarket/,200,200,https://seo.goldenmaplelandscaping.ca/paver-patio-installation/newmarket/,https://seo.goldenmaplelandscaping.ca/paver-patio-installation/newmarket/,INDEXABLE,,,Paver Patio Installation in Newmarket | Golden Maple Landscaping,Paver Patio Installation in Newmarket,"Paver Patio Installation for Newmarket homeowners by Golden Maple Landscaping. Starting at $8,000. Call +1-705-790-3838 for a free quote.",635,8,13,https://goldenmaplelandscaping.ca/resources/best-time-install-patio-ontario/,LEXICAL_CANDIDATE,"Automated lexical candidate (token overlap=1): old=['installation', 'newmarket', 'patio', 'paver'], candidate=['best', 'install', 'ontario', 'patio', 'resources', 'time']. Old on-page claim: title='Paver Patio Installation in Newmarket | Golden Maple Landscaping'; H1='Paver Patio Installation in Newmarket'. Candidate on-page evidence: title='Best Time to Install a Paver Patio in Ontario | When to Book | 2026 | Golden Maple Landscaping'; H1='Best Time to Install a Paver Patio in Ontario (2026 Guide)'. Lexical similarity and sitemap presence are not evidence that the business currently offers the service × municipality combination; owner confirmation required.",NOT_ACCESSIBLE_NO_CREDENTIALS,NOT_ACCESSIBLE_NO_CREDENTIALS,OWNER_CONFIRMATION_REQUIRED,https://goldenmaplelandscaping.ca/resources/best-time-install-patio-ontario/,,Read-only crawl found no authenticated owner/GSC offering decision. Do not implement redirect or 410 until owner validates the offering and target; proposed destination is not executable configuration.,
https://seo.goldenmaplelandscaping.ca/paver-patio-installation/aurora/,200,200,https://seo.goldenmaplelandscaping.ca/paver-patio-installation/aurora/,https://seo.goldenmaplelandscaping.ca/paver-patio-installation/aurora/,INDEXABLE,,,Paver Patio Installation in Aurora | Golden Maple Landscaping,Paver Patio Installation in Aurora,"Paver Patio Installation for Aurora homeowners by Golden Maple Landscaping. Starting at $8,000. Call +1-705-790-3838 for a free quote.",663,8,10,https://goldenmaplelandscaping.ca/resources/best-time-install-patio-ontario/,LEXICAL_CANDIDATE,"Automated lexical candidate (token overlap=1): old=['aurora', 'installation', 'patio', 'paver'], candidate=['best', 'install', 'ontario', 'patio', 'resources', 'time']. Old on-page claim: title='Paver Patio Installation in Aurora | Golden Maple Landscaping'; H1='Paver Patio Installation in Aurora'. Candidate on-page evidence: title='Best Time to Install a Paver Patio in Ontario | When to Book | 2026 | Golden Maple Landscaping'; H1='Best Time to Install a Paver Patio in Ontario (2026 Guide)'. Lexical similarity and sitemap presence are not evidence that the business currently offers the service × municipality combination; owner confirmation required.",NOT_ACCESSIBLE_NO_CREDENTIALS,NOT_ACCESSIBLE_NO_CREDENTIALS,OWNER_CONFIRMATION_REQUIRED,https://goldenmaplelandscaping.ca/resources/best-time-install-patio-ontario/,,Read-only crawl found no authenticated owner/GSC offering decision. Do not implement redirect or 410 until owner validates the offering and target; proposed destination is not executable configuration.,
https://seo.goldenmaplelandscaping.ca/paver-patio-installation/richmond-hill/,200,200,https://seo.goldenmaplelandscaping.ca/paver-patio-installation/richmond-hill/,https://seo.goldenmaplelandscaping.ca/paver-patio-installation/richmond-hill/,INDEXABLE,,,Paver Patio Installation in Richmond Hill | Golden Maple Landscaping,Paver Patio Installation in Richmond Hill,"Paver Patio Installation for Richmond Hill homeowners by Golden Maple Landscaping. Starting at $8,000. Call +1-705-790-3838 for a free quote.",628,8,10,https://goldenmaplelandscaping.ca/resources/best-time-install-patio-ontario/,LEXICAL_CANDIDATE,"Automated lexical candidate (token overlap=1): old=['hill', 'installation', 'patio', 'paver', 'richmond'], candidate=['best', 'install', 'ontario', 'patio', 'resources', 'time']. Old on-page claim: title='Paver Patio Installation in Richmond Hill | Golden Maple Landscaping'; H1='Paver Patio Installation in Richmond Hill'. Candidate on-page evidence: title='Best Time to Install a Paver Patio in Ontario | When to Book | 2026 | Golden Maple Landscaping'; H1='Best Time to Install a Paver Patio in Ontario (2026 Guide)'. Lexical similarity and sitemap presence are not evidence that the business currently offers the service × municipality combination; owner confirmation required.",NOT_ACCESSIBLE_NO_CREDENTIALS,NOT_ACCESSIBLE_NO_CREDENTIALS,OWNER_CONFIRMATION_REQUIRED,https://goldenmaplelandscaping.ca/resources/best-time-install-patio-ontario/,,Read-only crawl found no authenticated owner/GSC offering decision. Do not implement redirect or 410 until owner validates the offering and target; proposed destination is not executable configuration.,
https://seo.goldenmaplelandscaping.ca/paver-patio-installation/vaughan/,200,200,https://seo.goldenmaplelandscaping.ca/paver-patio-installation/vaughan/,https://seo.goldenmaplelandscaping.ca/paver-patio-installation/vaughan/,INDEXABLE,,,Paver Patio Installation in Vaughan | Golden Maple Landscaping,Paver Patio Installation in Vaughan,"Paver Patio Installation for Vaughan homeowners by Golden Maple Landscaping. Starting at $8,000. Call +1-705-790-3838 for a free quote.",585,8,10,https://goldenmaplelandscaping.ca/resources/best-time-install-patio-ontario/,LEXICAL_CANDIDATE,"Automated lexical candidate (token overlap=1): old=['installation', 'patio', 'paver', 'vaughan'], candidate=['best', 'install', 'ontario', 'patio', 'resources', 'time']. Old on-page claim: title='Paver Patio Installation in Vaughan | Golden Maple Landscaping'; H1='Paver Patio Installation in Vaughan'. Candidate on-page evidence: title='Best Time to Install a Paver Patio in Ontario | When to Book | 2026 | Golden Maple Landscaping'; H1='Best Time to Install a Paver Patio in Ontario (2026 Guide)'. Lexical similarity and sitemap presence are not evidence that the business currently offers the service × municipality combination; owner confirmation required.",NOT_ACCESSIBLE_NO_CREDENTIALS,NOT_ACCESSIBLE_NO_CREDENTIALS,OWNER_CONFIRMATION_REQUIRED,https://goldenmaplelandscaping.ca/resources/best-time-install-patio-ontario/,,Read-only crawl found no authenticated owner/GSC offering decision. Do not implement redirect or 410 until owner validates the offering and target; proposed destination is not executable configuration.,
https://seo.goldenmaplelandscaping.ca/paver-patio-installation/king-city/,200,200,https://seo.goldenmaplelandscaping.ca/paver-patio-installation/king-city/,https://seo.goldenmaplelandscaping.ca/paver-patio-installation/king-city/,INDEXABLE,,,Paver Patio Installation in King City | Golden Maple Landscaping,Paver Patio Installation in King City,"Paver Patio Installation for King City homeowners by Golden Maple Landscaping. Starting at $8,000. Call +1-705-790-3838 for a free quote.",606,8,10,https://goldenmaplelandscaping.ca/resources/best-time-install-patio-ontario/,LEXICAL_CANDIDATE,"Automated lexical candidate (token overlap=1): old=['city', 'installation', 'king', 'patio', 'paver'], candidate=['best', 'install', 'ontario', 'patio', 'resources', 'time']. Old on-page claim: title='Paver Patio Installation in King City | Golden Maple Landscaping'; H1='Paver Patio Installation in King City'. Candidate on-page evidence: title='Best Time to Install a Paver Patio in Ontario | When to Book | 2026 | Golden Maple Landscaping'; H1='Best Time to Install a Paver Patio in Ontario (2026 Guide)'. Lexical similarity and sitemap presence are not evidence that the business currently offers the service × municipality combination; owner confirmation required.",NOT_ACCESSIBLE_NO_CREDENTIALS,NOT_ACCESSIBLE_NO_CREDENTIALS,OWNER_CONFIRMATION_REQUIRED,https://goldenmaplelandscaping.ca/resources/best-time-install-patio-ontario/,,Read-only crawl found no authenticated owner/GSC offering decision. Do not implement redirect or 410 until owner validates the offering and target; proposed destination is not executable configuration.,
https://seo.goldenmaplelandscaping.ca/paver-patio-installation/orillia/,200,200,https://seo.goldenmaplelandscaping.ca/paver-patio-installation/orillia/,https://seo.goldenmaplelandscaping.ca/paver-patio-installation/orillia/,INDEXABLE,,,Paver Patio Installation in Orillia | Golden Maple Landscaping,Paver Patio Installation in Orillia,"Paver Patio Installation for Orillia homeowners by Golden Maple Landscaping. Starting at $8,000. Call +1-705-790-3838 for a free quote.",629,8,10,https://goldenmaplelandscaping.ca/locations/orillia/,LEXICAL_CANDIDATE,"Automated lexical candidate (token overlap=1): old=['installation', 'orillia', 'patio', 'paver'], candidate=['locations', 'orillia']. Old on-page claim: title='Paver Patio Installation in Orillia | Golden Maple Landscaping'; H1='Paver Patio Installation in Orillia'. Candidate on-page evidence: title='Premium Landscaping in Orillia, Ontario | Golden Maple Landscaping'; H1='Premium landscaping | in | Orillia | .'. Lexical similarity and sitemap presence are not evidence that the business currently offers the service × municipality combination; owner confirmation required.",NOT_ACCESSIBLE_NO_CREDENTIALS,NOT_ACCESSIBLE_NO_CREDENTIALS,OWNER_CONFIRMATION_REQUIRED,https://goldenmaplelandscaping.ca/locations/orillia/,,Read-only crawl found no authenticated owner/GSC offering decision. Do not implement redirect or 410 until owner validates the offering and target; proposed destination is not executable configuration.,
https://seo.goldenmaplelandscaping.ca/paver-patio-installation/midland/,200,200,https://seo.goldenmaplelandscaping.ca/paver-patio-installation/midland/,https://seo.goldenmaplelandscaping.ca/paver-patio-installation/midland/,INDEXABLE,,,Paver Patio Installation in Midland | Golden Maple Landscaping,Paver Patio Installation in Midland,"Paver Patio Installation for Midland homeowners by Golden Maple Landscaping. Starting at $8,000. Call +1-705-790-3838 for a free quote.",651,8,10,https://goldenmaplelandscaping.ca/locations/midland/,LEXICAL_CANDIDATE,"Automated lexical candidate (token overlap=1): old=['installation', 'midland', 'patio', 'paver'], candidate=['locations', 'midland']. Old on-page claim: title='Paver Patio Installation in Midland | Golden Maple Landscaping'; H1='Paver Patio Installation in Midland'. Candidate on-page evidence: title='Premium Landscaping in Midland, Ontario | Golden Maple Landscaping'; H1='Premium landscaping | in | Midland | .'. Lexical similarity and sitemap presence are not evidence that the business currently offers the service × municipality combination; owner confirmation required.",NOT_ACCESSIBLE_NO_CREDENTIALS,NOT_ACCESSIBLE_NO_CREDENTIALS,OWNER_CONFIRMATION_REQUIRED,https://goldenmaplelandscaping.ca/locations/midland/,,Read-only crawl found no authenticated owner/GSC offering decision. Do not implement redirect or 410 until owner validates the offering and target; proposed destination is not executable configuration.,
https://seo.goldenmaplelandscaping.ca/paver-patio-installation/wasaga-beach/,200,200,https://seo.goldenmaplelandscaping.ca/paver-patio-installation/wasaga-beach/,https://seo.goldenmaplelandscaping.ca/paver-patio-installation/wasaga-beach/,INDEXABLE,,,Paver Patio Installation in Wasaga Beach | Golden Maple Landscaping,Paver Patio Installation in Wasaga Beach,"Paver Patio Installation for Wasaga Beach homeowners by Golden Maple Landscaping. Starting at $8,000. Call +1-705-790-3838 for a free quote.",593,8,10,https://goldenmaplelandscaping.ca/locations/wasaga-beach/,LEXICAL_CANDIDATE,"Automated lexical candidate (token overlap=2): old=['beach', 'installation', 'patio', 'paver', 'wasaga'], candidate=['beach', 'locations', 'wasaga']. Old on-page claim: title='Paver Patio Installation in Wasaga Beach | Golden Maple Landscaping'; H1='Paver Patio Installation in Wasaga Beach'. Candidate on-page evidence: title='Premium Landscaping in Wasaga Beach, Ontario | Golden Maple Landscaping'; H1='Premium landscaping | in | Wasaga Beach | .'. Lexical similarity and sitemap presence are not evidence that the business currently offers the service × municipality combination; owner confirmation required.",NOT_ACCESSIBLE_NO_CREDENTIALS,NOT_ACCESSIBLE_NO_CREDENTIALS,OWNER_CONFIRMATION_REQUIRED,https://goldenmaplelandscaping.ca/locations/wasaga-beach/,,Read-only crawl found no authenticated owner/GSC offering decision. Do not implement redirect or 410 until owner validates the offering and target; proposed destination is not executable configuration.,
https://seo.goldenmaplelandscaping.ca/paver-patio-installation/collingwood/,200,200,https://seo.goldenmaplelandscaping.ca/paver-patio-installation/collingwood/,https://seo.goldenmaplelandscaping.ca/paver-patio-installation/collingwood/,INDEXABLE,,,Paver Patio Installation in Collingwood | Golden Maple Landscaping,Paver Patio Installation in Collingwood,"Paver Patio Installation for Collingwood homeowners by Golden Maple Landscaping. Starting at $8,000. Call +1-705-790-3838 for a free quote.",581,8,10,https://goldenmaplelandscaping.ca/locations/collingwood/,LEXICAL_CANDIDATE,"Automated lexical candidate (token overlap=1): old=['collingwood', 'installation', 'patio', 'paver'], candidate=['collingwood', 'locations']. Old on-page claim: title='Paver Patio Installation in Collingwood | Golden Maple Landscaping'; H1='Paver Patio Installation in Collingwood'. Candidate on-page evidence: title='Premium Landscaping in Collingwood, Ontario | Golden Maple Landscaping'; H1='Premium landscaping | in | Collingwood | .'. Lexical similarity and sitemap presence are not evidence that the business currently offers the service × municipality combination; owner confirmation required.",NOT_ACCESSIBLE_NO_CREDENTIALS,NOT_ACCESSIBLE_NO_CREDENTIALS,OWNER_CONFIRMATION_REQUIRED,https://goldenmaplelandscaping.ca/locations/collingwood/,,Read-only crawl found no authenticated owner/GSC offering decision. Do not implement redirect or 410 until owner validates the offering and target; proposed destination is not executable configuration.,
https://seo.goldenmaplelandscaping.ca/paver-patio-installation/alliston/,200,200,https://seo.goldenmaplelandscaping.ca/paver-patio-installation/alliston/,https://seo.goldenmaplelandscaping.ca/paver-patio-installation/alliston/,INDEXABLE,,,Paver Patio Installation in Alliston | Golden Maple Landscaping,Paver Patio Installation in Alliston,"Paver Patio Installation for Alliston homeowners by Golden Maple Landscaping. Starting at $8,000. Call +1-705-790-3838 for a free quote.",633,8,10,https://goldenmaplelandscaping.ca/resources/best-time-install-patio-ontario/,LEXICAL_CANDIDATE,"Automated lexical candidate (token overlap=1): old=['alliston', 'installation', 'patio', 'paver'], candidate=['best', 'install', 'ontario', 'patio', 'resources', 'time']. Old on-page claim: title='Paver Patio Installation in Alliston | Golden Maple Landscaping'; H1='Paver Patio Installation in Alliston'. Candidate on-page evidence: title='Best Time to Install a Paver Patio in Ontario | When to Book | 2026 | Golden Maple Landscaping'; H1='Best Time to Install a Paver Patio in Ontario (2026 Guide)'. Lexical similarity and sitemap presence are not evidence that the business currently offers the service × municipality combination; owner confirmation required.",NOT_ACCESSIBLE_NO_CREDENTIALS,NOT_ACCESSIBLE_NO_CREDENTIALS,OWNER_CONFIRMATION_REQUIRED,https://goldenmaplelandscaping.ca/resources/best-time-install-patio-ontario/,,Read-only crawl found no authenticated owner/GSC offering decision. Do not implement redirect or 410 until owner validates the offering and target; proposed destination is not executable configuration.,
https://seo.goldenmaplelandscaping.ca/paver-patio-installation/angus/,200,200,https://seo.goldenmaplelandscaping.ca/paver-patio-installation/angus/,https://seo.goldenmaplelandscaping.ca/paver-patio-installation/angus/,INDEXABLE,,,Paver Patio Installation in Angus | Golden Maple Landscaping,Paver Patio Installation in Angus,"Paver Patio Installation for Angus homeowners by Golden Maple Landscaping. Starting at $8,000. Call +1-705-790-3838 for a free quote.",626,8,10,https://goldenmaplelandscaping.ca/resources/best-time-install-patio-ontario/,LEXICAL_CANDIDATE,"Automated lexical candidate (token overlap=1): old=['angus', 'installation', 'patio', 'paver'], candidate=['best', 'install', 'ontario', 'patio', 'resources', 'time']. Old on-page claim: title='Paver Patio Installation in Angus | Golden Maple Landscaping'; H1='Paver Patio Installation in Angus'. Candidate on-page evidence: title='Best Time to Install a Paver Patio in Ontario | When to Book | 2026 | Golden Maple Landscaping'; H1='Best Time to Install a Paver Patio in Ontario (2026 Guide)'. Lexical similarity and sitemap presence are not evidence that the business currently offers the service × municipality combination; owner confirmation required.",NOT_ACCESSIBLE_NO_CREDENTIALS,NOT_ACCESSIBLE_NO_CREDENTIALS,OWNER_CONFIRMATION_REQUIRED,https://goldenmaplelandscaping.ca/resources/best-time-install-patio-ontario/,,Read-only crawl found no authenticated owner/GSC offering decision. Do not implement redirect or 410 until owner validates the offering and target; proposed destination is not executable configuration.,
https://seo.goldenmaplelandscaping.ca/paver-patio-installation/oro-station/,200,200,https://seo.goldenmaplelandscaping.ca/paver-patio-installation/oro-station/,https://seo.goldenmaplelandscaping.ca/paver-patio-installation/oro-station/,INDEXABLE,,,Paver Patio Installation in Oro-Medonte | Golden Maple Landscaping,Paver Patio Installation in Oro-Medonte,"Paver Patio Installation for Oro-Medonte homeowners by Golden Maple Landscaping. Starting at $8,000. Call +1-705-790-3838 for a free quote.",624,8,10,https://goldenmaplelandscaping.ca/locations/oro-medonte/,LEXICAL_CANDIDATE,"Automated lexical candidate (token overlap=1): old=['installation', 'oro', 'patio', 'paver', 'station'], candidate=['locations', 'medonte', 'oro']. Old on-page claim: title='Paver Patio Installation in Oro-Medonte | Golden Maple Landscaping'; H1='Paver Patio Installation in Oro-Medonte'. Candidate on-page evidence: title='Landscaping Contractor Oro-Medonte | Golden Maple Landscaping'; H1='Premium Landscaping & Outdoor Living | in Oro-Medonte, Ontario.'. Lexical similarity and sitemap presence are not evidence that the business currently offers the service × municipality combination; owner confirmation required.",NOT_ACCESSIBLE_NO_CREDENTIALS,NOT_ACCESSIBLE_NO_CREDENTIALS,OWNER_CONFIRMATION_REQUIRED,https://goldenmaplelandscaping.ca/locations/oro-medonte/,,Read-only crawl found no authenticated owner/GSC offering decision. Do not implement redirect or 410 until owner validates the offering and target; proposed destination is not executable configuration.,
https://seo.goldenmaplelandscaping.ca/retaining-wall-construction/barrie/,200,200,https://seo.goldenmaplelandscaping.ca/retaining-wall-construction/barrie/,https://seo.goldenmaplelandscaping.ca/retaining-wall-construction/barrie/,INDEXABLE,,,Retaining Wall Construction in Barrie | Golden Maple Landscaping,Retaining Wall Construction in Barrie,"Retaining Wall Construction for Barrie homeowners by Golden Maple Landscaping. Starting at $6,500. Call +1-705-790-3838 for a free quote.",641,8,23,https://goldenmaplelandscaping.ca/resources/retaining-wall-cost-oro-medonte/,LEXICAL_CANDIDATE,"Automated lexical candidate (token overlap=2): old=['barrie', 'construction', 'retaining', 'wall'], candidate=['cost', 'medonte', 'oro', 'resources', 'retaining', 'wall']. Old on-page claim: title='Retaining Wall Construction in Barrie | Golden Maple Landscaping'; H1='Retaining Wall Construction in Barrie'. Candidate on-page evidence: title='Retaining Wall Cost Oro-Medonte 2026 | Real Prices | Golden Maple Landscaping'; H1='Retaining Wall Cost in Oro-Medonte: 2026 Price Breakdown'. Lexical similarity and sitemap presence are not evidence that the business currently offers the service × municipality combination; owner confirmation required.",NOT_ACCESSIBLE_NO_CREDENTIALS,NOT_ACCESSIBLE_NO_CREDENTIALS,OWNER_CONFIRMATION_REQUIRED,https://goldenmaplelandscaping.ca/resources/retaining-wall-cost-oro-medonte/,,Read-only crawl found no authenticated owner/GSC offering decision. Do not implement redirect or 410 until owner validates the offering and target; proposed destination is not executable configuration.,
https://seo.goldenmaplelandscaping.ca/retaining-wall-construction/innisfil/,200,200,https://seo.goldenmaplelandscaping.ca/retaining-wall-construction/innisfil/,https://seo.goldenmaplelandscaping.ca/retaining-wall-construction/innisfil/,INDEXABLE,,,Retaining Wall Construction in Innisfil | Golden Maple Landscaping,Retaining Wall Construction in Innisfil,"Retaining Wall Construction for Innisfil homeowners by Golden Maple Landscaping. Starting at $6,500. Call +1-705-790-3838 for a free quote.",611,8,23,https://goldenmaplelandscaping.ca/resources/retaining-wall-cost-oro-medonte/,LEXICAL_CANDIDATE,"Automated lexical candidate (token overlap=2): old=['construction', 'innisfil', 'retaining', 'wall'], candidate=['cost', 'medonte', 'oro', 'resources', 'retaining', 'wall']. Old on-page claim: title='Retaining Wall Construction in Innisfil | Golden Maple Landscaping'; H1='Retaining Wall Construction in Innisfil'. Candidate on-page evidence: title='Retaining Wall Cost Oro-Medonte 2026 | Real Prices | Golden Maple Landscaping'; H1='Retaining Wall Cost in Oro-Medonte: 2026 Price Breakdown'. Lexical similarity and sitemap presence are not evidence that the business currently offers the service × municipality combination; owner confirmation required.",NOT_ACCESSIBLE_NO_CREDENTIALS,NOT_ACCESSIBLE_NO_CREDENTIALS,OWNER_CONFIRMATION_REQUIRED,https://goldenmaplelandscaping.ca/resources/retaining-wall-cost-oro-medonte/,,Read-only crawl found no authenticated owner/GSC offering decision. Do not implement redirect or 410 until owner validates the offering and target; proposed destination is not executable configuration.,
https://seo.goldenmaplelandscaping.ca/retaining-wall-construction/bradford/,200,200,https://seo.goldenmaplelandscaping.ca/retaining-wall-construction/bradford/,https://seo.goldenmaplelandscaping.ca/retaining-wall-construction/bradford/,INDEXABLE,,,Retaining Wall Construction in Bradford | Golden Maple Landscaping,Retaining Wall Construction in Bradford,"Retaining Wall Construction for Bradford homeowners by Golden Maple Landscaping. Starting at $6,500. Call +1-705-790-3838 for a free quote.",588,8,23,https://goldenmaplelandscaping.ca/resources/retaining-wall-cost-oro-medonte/,LEXICAL_CANDIDATE,"Automated lexical candidate (token overlap=2): old=['bradford', 'construction', 'retaining', 'wall'], candidate=['cost', 'medonte', 'oro', 'resources', 'retaining', 'wall']. Old on-page claim: title='Retaining Wall Construction in Bradford | Golden Maple Landscaping'; H1='Retaining Wall Construction in Bradford'. Candidate on-page evidence: title='Retaining Wall Cost Oro-Medonte 2026 | Real Prices | Golden Maple Landscaping'; H1='Retaining Wall Cost in Oro-Medonte: 2026 Price Breakdown'. Lexical similarity and sitemap presence are not evidence that the business currently offers the service × municipality combination; owner confirmation required.",NOT_ACCESSIBLE_NO_CREDENTIALS,NOT_ACCESSIBLE_NO_CREDENTIALS,OWNER_CONFIRMATION_REQUIRED,https://goldenmaplelandscaping.ca/resources/retaining-wall-cost-oro-medonte/,,Read-only crawl found no authenticated owner/GSC offering decision. Do not implement redirect or 410 until owner validates the offering and target; proposed destination is not executable configuration.,
https://seo.goldenmaplelandscaping.ca/retaining-wall-construction/newmarket/,200,200,https://seo.goldenmaplelandscaping.ca/retaining-wall-construction/newmarket/,https://seo.goldenmaplelandscaping.ca/retaining-wall-construction/newmarket/,INDEXABLE,,,Retaining Wall Construction in Newmarket | Golden Maple Landscaping,Retaining Wall Construction in Newmarket,"Retaining Wall Construction for Newmarket homeowners by Golden Maple Landscaping. Starting at $6,500. Call +1-705-790-3838 for a free quote.",588,8,12,https://goldenmaplelandscaping.ca/resources/retaining-wall-cost-oro-medonte/,LEXICAL_CANDIDATE,"Automated lexical candidate (token overlap=2): old=['construction', 'newmarket', 'retaining', 'wall'], candidate=['cost', 'medonte', 'oro', 'resources', 'retaining', 'wall']. Old on-page claim: title='Retaining Wall Construction in Newmarket | Golden Maple Landscaping'; H1='Retaining Wall Construction in Newmarket'. Candidate on-page evidence: title='Retaining Wall Cost Oro-Medonte 2026 | Real Prices | Golden Maple Landscaping'; H1='Retaining Wall Cost in Oro-Medonte: 2026 Price Breakdown'. Lexical similarity and sitemap presence are not evidence that the business currently offers the service × municipality combination; owner confirmation required.",NOT_ACCESSIBLE_NO_CREDENTIALS,NOT_ACCESSIBLE_NO_CREDENTIALS,OWNER_CONFIRMATION_REQUIRED,https://goldenmaplelandscaping.ca/resources/retaining-wall-cost-oro-medonte/,,Read-only crawl found no authenticated owner/GSC offering decision. Do not implement redirect or 410 until owner validates the offering and target; proposed destination is not executable configuration.,
https://seo.goldenmaplelandscaping.ca/retaining-wall-construction/aurora/,200,200,https://seo.goldenmaplelandscaping.ca/retaining-wall-construction/aurora/,https://seo.goldenmaplelandscaping.ca/retaining-wall-construction/aurora/,INDEXABLE,,,Retaining Wall Construction in Aurora | Golden Maple Landscaping,Retaining Wall Construction in Aurora,"Retaining Wall Construction for Aurora homeowners by Golden Maple Landscaping. Starting at $6,500. Call +1-705-790-3838 for a free quote.",580,8,9,https://goldenmaplelandscaping.ca/resources/retaining-wall-cost-oro-medonte/,LEXICAL_CANDIDATE,"Automated lexical candidate (token overlap=2): old=['aurora', 'construction', 'retaining', 'wall'], candidate=['cost', 'medonte', 'oro', 'resources', 'retaining', 'wall']. Old on-page claim: title='Retaining Wall Construction in Aurora | Golden Maple Landscaping'; H1='Retaining Wall Construction in Aurora'. Candidate on-page evidence: title='Retaining Wall Cost Oro-Medonte 2026 | Real Prices | Golden Maple Landscaping'; H1='Retaining Wall Cost in Oro-Medonte: 2026 Price Breakdown'. Lexical similarity and sitemap presence are not evidence that the business currently offers the service × municipality combination; owner confirmation required.",NOT_ACCESSIBLE_NO_CREDENTIALS,NOT_ACCESSIBLE_NO_CREDENTIALS,OWNER_CONFIRMATION_REQUIRED,https://goldenmaplelandscaping.ca/resources/retaining-wall-cost-oro-medonte/,,Read-only crawl found no authenticated owner/GSC offering decision. Do not implement redirect or 410 until owner validates the offering and target; proposed destination is not executable configuration.,
https://seo.goldenmaplelandscaping.ca/retaining-wall-construction/richmond-hill/,200,200,https://seo.goldenmaplelandscaping.ca/retaining-wall-construction/richmond-hill/,https://seo.goldenmaplelandscaping.ca/retaining-wall-construction/richmond-hill/,INDEXABLE,,,Retaining Wall Construction in Richmond Hill | Golden Maple Landscaping,Retaining Wall Construction in Richmond Hill,"Retaining Wall Construction for Richmond Hill homeowners by Golden Maple Landscaping. Starting at $6,500. Call +1-705-790-3838 for a free quote.",648,8,9,https://goldenmaplelandscaping.ca/resources/retaining-wall-cost-oro-medonte/,LEXICAL_CANDIDATE,"Automated lexical candidate (token overlap=2): old=['construction', 'hill', 'retaining', 'richmond', 'wall'], candidate=['cost', 'medonte', 'oro', 'resources', 'retaining', 'wall']. Old on-page claim: title='Retaining Wall Construction in Richmond Hill | Golden Maple Landscaping'; H1='Retaining Wall Construction in Richmond Hill'. Candidate on-page evidence: title='Retaining Wall Cost Oro-Medonte 2026 | Real Prices | Golden Maple Landscaping'; H1='Retaining Wall Cost in Oro-Medonte: 2026 Price Breakdown'. Lexical similarity and sitemap presence are not evidence that the business currently offers the service × municipality combination; owner confirmation required.",NOT_ACCESSIBLE_NO_CREDENTIALS,NOT_ACCESSIBLE_NO_CREDENTIALS,OWNER_CONFIRMATION_REQUIRED,https://goldenmaplelandscaping.ca/resources/retaining-wall-cost-oro-medonte/,,Read-only crawl found no authenticated owner/GSC offering decision. Do not implement redirect or 410 until owner validates the offering and target; proposed destination is not executable configuration.,
https://seo.goldenmaplelandscaping.ca/retaining-wall-construction/vaughan/,200,200,https://seo.goldenmaplelandscaping.ca/retaining-wall-construction/vaughan/,https://seo.goldenmaplelandscaping.ca/retaining-wall-construction/vaughan/,INDEXABLE,,,Retaining Wall Construction in Vaughan | Golden Maple Landscaping,Retaining Wall Construction in Vaughan,"Retaining Wall Construction for Vaughan homeowners by Golden Maple Landscaping. Starting at $6,500. Call +1-705-790-3838 for a free quote.",589,8,9,https://goldenmaplelandscaping.ca/resources/retaining-wall-cost-oro-medonte/,LEXICAL_CANDIDATE,"Automated lexical candidate (token overlap=2): old=['construction', 'retaining', 'vaughan', 'wall'], candidate=['cost', 'medonte', 'oro', 'resources', 'retaining', 'wall']. Old on-page claim: title='Retaining Wall Construction in Vaughan | Golden Maple Landscaping'; H1='Retaining Wall Construction in Vaughan'. Candidate on-page evidence: title='Retaining Wall Cost Oro-Medonte 2026 | Real Prices | Golden Maple Landscaping'; H1='Retaining Wall Cost in Oro-Medonte: 2026 Price Breakdown'. Lexical similarity and sitemap presence are not evidence that the business currently offers the service × municipality combination; owner confirmation required.",NOT_ACCESSIBLE_NO_CREDENTIALS,NOT_ACCESSIBLE_NO_CREDENTIALS,OWNER_CONFIRMATION_REQUIRED,https://goldenmaplelandscaping.ca/resources/retaining-wall-cost-oro-medonte/,,Read-only crawl found no authenticated owner/GSC offering decision. Do not implement redirect or 410 until owner validates the offering and target; proposed destination is not executable configuration.,
https://seo.goldenmaplelandscaping.ca/retaining-wall-construction/king-city/,200,200,https://seo.goldenmaplelandscaping.ca/retaining-wall-construction/king-city/,https://seo.goldenmaplelandscaping.ca/retaining-wall-construction/king-city/,INDEXABLE,,,Retaining Wall Construction in King City | Golden Maple Landscaping,Retaining Wall Construction in King City,"Retaining Wall Construction for King City homeowners by Golden Maple Landscaping. Starting at $6,500. Call +1-705-790-3838 for a free quote.",604,8,9,https://goldenmaplelandscaping.ca/resources/retaining-wall-cost-oro-medonte/,LEXICAL_CANDIDATE,"Automated lexical candidate (token overlap=2): old=['city', 'construction', 'king', 'retaining', 'wall'], candidate=['cost', 'medonte', 'oro', 'resources', 'retaining', 'wall']. Old on-page claim: title='Retaining Wall Construction in King City | Golden Maple Landscaping'; H1='Retaining Wall Construction in King City'. Candidate on-page evidence: title='Retaining Wall Cost Oro-Medonte 2026 | Real Prices | Golden Maple Landscaping'; H1='Retaining Wall Cost in Oro-Medonte: 2026 Price Breakdown'. Lexical similarity and sitemap presence are not evidence that the business currently offers the service × municipality combination; owner confirmation required.",NOT_ACCESSIBLE_NO_CREDENTIALS,NOT_ACCESSIBLE_NO_CREDENTIALS,OWNER_CONFIRMATION_REQUIRED,https://goldenmaplelandscaping.ca/resources/retaining-wall-cost-oro-medonte/,,Read-only crawl found no authenticated owner/GSC offering decision. Do not implement redirect or 410 until owner validates the offering and target; proposed destination is not executable configuration.,
https://seo.goldenmaplelandscaping.ca/retaining-wall-construction/orillia/,200,200,https://seo.goldenmaplelandscaping.ca/retaining-wall-construction/orillia/,https://seo.goldenmaplelandscaping.ca/retaining-wall-construction/orillia/,INDEXABLE,,,Retaining Wall Construction in Orillia | Golden Maple Landscaping,Retaining Wall Construction in Orillia,"Retaining Wall Construction for Orillia homeowners by Golden Maple Landscaping. Starting at $6,500. Call +1-705-790-3838 for a free quote.",651,8,9,https://goldenmaplelandscaping.ca/resources/retaining-wall-cost-oro-medonte/,LEXICAL_CANDIDATE,"Automated lexical candidate (token overlap=2): old=['construction', 'orillia', 'retaining', 'wall'], candidate=['cost', 'medonte', 'oro', 'resources', 'retaining', 'wall']. Old on-page claim: title='Retaining Wall Construction in Orillia | Golden Maple Landscaping'; H1='Retaining Wall Construction in Orillia'. Candidate on-page evidence: title='Retaining Wall Cost Oro-Medonte 2026 | Real Prices | Golden Maple Landscaping'; H1='Retaining Wall Cost in Oro-Medonte: 2026 Price Breakdown'. Lexical similarity and sitemap presence are not evidence that the business currently offers the service × municipality combination; owner confirmation required.",NOT_ACCESSIBLE_NO_CREDENTIALS,NOT_ACCESSIBLE_NO_CREDENTIALS,OWNER_CONFIRMATION_REQUIRED,https://goldenmaplelandscaping.ca/resources/retaining-wall-cost-oro-medonte/,,Read-only crawl found no authenticated owner/GSC offering decision. Do not implement redirect or 410 until owner validates the offering and target; proposed destination is not executable configuration.,
https://seo.goldenmaplelandscaping.ca/retaining-wall-construction/midland/,200,200,https://seo.goldenmaplelandscaping.ca/retaining-wall-construction/midland/,https://seo.goldenmaplelandscaping.ca/retaining-wall-construction/midland/,INDEXABLE,,,Retaining Wall Construction in Midland | Golden Maple Landscaping,Retaining Wall Construction in Midland,"Retaining Wall Construction for Midland homeowners by Golden Maple Landscaping. Starting at $6,500. Call +1-705-790-3838 for a free quote.",579,8,9,https://goldenmaplelandscaping.ca/resources/retaining-wall-cost-oro-medonte/,LEXICAL_CANDIDATE,"Automated lexical candidate (token overlap=2): old=['construction', 'midland', 'retaining', 'wall'], candidate=['cost', 'medonte', 'oro', 'resources', 'retaining', 'wall']. Old on-page claim: title='Retaining Wall Construction in Midland | Golden Maple Landscaping'; H1='Retaining Wall Construction in Midland'. Candidate on-page evidence: title='Retaining Wall Cost Oro-Medonte 2026 | Real Prices | Golden Maple Landscaping'; H1='Retaining Wall Cost in Oro-Medonte: 2026 Price Breakdown'. Lexical similarity and sitemap presence are not evidence that the business currently offers the service × municipality combination; owner confirmation required.",NOT_ACCESSIBLE_NO_CREDENTIALS,NOT_ACCESSIBLE_NO_CREDENTIALS,OWNER_CONFIRMATION_REQUIRED,https://goldenmaplelandscaping.ca/resources/retaining-wall-cost-oro-medonte/,,Read-only crawl found no authenticated owner/GSC offering decision. Do not implement redirect or 410 until owner validates the offering and target; proposed destination is not executable configuration.,
https://seo.goldenmaplelandscaping.ca/retaining-wall-construction/wasaga-beach/,200,200,https://seo.goldenmaplelandscaping.ca/retaining-wall-construction/wasaga-beach/,https://seo.goldenmaplelandscaping.ca/retaining-wall-construction/wasaga-beach/,INDEXABLE,,,Retaining Wall Construction in Wasaga Beach | Golden Maple Landscaping,Retaining Wall Construction in Wasaga Beach,"Retaining Wall Construction for Wasaga Beach homeowners by Golden Maple Landscaping. Starting at $6,500. Call +1-705-790-3838 for a free quote.",575,8,9,https://goldenmaplelandscaping.ca/services/retaining-walls-wasaga-beach/,LEXICAL_CANDIDATE,"Automated lexical candidate (token overlap=3): old=['beach', 'construction', 'retaining', 'wall', 'wasaga'], candidate=['beach', 'retaining', 'services', 'walls', 'wasaga']. Old on-page claim: title='Retaining Wall Construction in Wasaga Beach | Golden Maple Landscaping'; H1='Retaining Wall Construction in Wasaga Beach'. Candidate on-page evidence: title='Retaining Walls in Wasaga Beach | Premium Retaining Wall Construction | Golden Maple Landscaping'; H1='Retaining Walls | in | Wasaga Beach | , Ontario.'. Lexical similarity and sitemap presence are not evidence that the business currently offers the service × municipality combination; owner confirmation required.",NOT_ACCESSIBLE_NO_CREDENTIALS,NOT_ACCESSIBLE_NO_CREDENTIALS,OWNER_CONFIRMATION_REQUIRED,https://goldenmaplelandscaping.ca/services/retaining-walls-wasaga-beach/,,Read-only crawl found no authenticated owner/GSC offering decision. Do not implement redirect or 410 until owner validates the offering and target; proposed destination is not executable configuration.,
https://seo.goldenmaplelandscaping.ca/retaining-wall-construction/collingwood/,200,200,https://seo.goldenmaplelandscaping.ca/retaining-wall-construction/collingwood/,https://seo.goldenmaplelandscaping.ca/retaining-wall-construction/collingwood/,INDEXABLE,,,Retaining Wall Construction in Collingwood | Golden Maple Landscaping,Retaining Wall Construction in Collingwood,"Retaining Wall Construction for Collingwood homeowners by Golden Maple Landscaping. Starting at $6,500. Call +1-705-790-3838 for a free quote.",578,8,9,https://goldenmaplelandscaping.ca/resources/retaining-wall-cost-oro-medonte/,LEXICAL_CANDIDATE,"Automated lexical candidate (token overlap=2): old=['collingwood', 'construction', 'retaining', 'wall'], candidate=['cost', 'medonte', 'oro', 'resources', 'retaining', 'wall']. Old on-page claim: title='Retaining Wall Construction in Collingwood | Golden Maple Landscaping'; H1='Retaining Wall Construction in Collingwood'. Candidate on-page evidence: title='Retaining Wall Cost Oro-Medonte 2026 | Real Prices | Golden Maple Landscaping'; H1='Retaining Wall Cost in Oro-Medonte: 2026 Price Breakdown'. Lexical similarity and sitemap presence are not evidence that the business currently offers the service × municipality combination; owner confirmation required.",NOT_ACCESSIBLE_NO_CREDENTIALS,NOT_ACCESSIBLE_NO_CREDENTIALS,OWNER_CONFIRMATION_REQUIRED,https://goldenmaplelandscaping.ca/resources/retaining-wall-cost-oro-medonte/,,Read-only crawl found no authenticated owner/GSC offering decision. Do not implement redirect or 410 until owner validates the offering and target; proposed destination is not executable configuration.,
https://seo.goldenmaplelandscaping.ca/retaining-wall-construction/alliston/,200,200,https://seo.goldenmaplelandscaping.ca/retaining-wall-construction/alliston/,https://seo.goldenmaplelandscaping.ca/retaining-wall-construction/alliston/,INDEXABLE,,,Retaining Wall Construction in Alliston | Golden Maple Landscaping,Retaining Wall Construction in Alliston,"Retaining Wall Construction for Alliston homeowners by Golden Maple Landscaping. Starting at $6,500. Call +1-705-790-3838 for a free quote.",567,8,9,https://goldenmaplelandscaping.ca/resources/retaining-wall-cost-oro-medonte/,LEXICAL_CANDIDATE,"Automated lexical candidate (token overlap=2): old=['alliston', 'construction', 'retaining', 'wall'], candidate=['cost', 'medonte', 'oro', 'resources', 'retaining', 'wall']. Old on-page claim: title='Retaining Wall Construction in Alliston | Golden Maple Landscaping'; H1='Retaining Wall Construction in Alliston'. Candidate on-page evidence: title='Retaining Wall Cost Oro-Medonte 2026 | Real Prices | Golden Maple Landscaping'; H1='Retaining Wall Cost in Oro-Medonte: 2026 Price Breakdown'. Lexical similarity and sitemap presence are not evidence that the business currently offers the service × municipality combination; owner confirmation required.",NOT_ACCESSIBLE_NO_CREDENTIALS,NOT_ACCESSIBLE_NO_CREDENTIALS,OWNER_CONFIRMATION_REQUIRED,https://goldenmaplelandscaping.ca/resources/retaining-wall-cost-oro-medonte/,,Read-only crawl found no authenticated owner/GSC offering decision. Do not implement redirect or 410 until owner validates the offering and target; proposed destination is not executable configuration.,
https://seo.goldenmaplelandscaping.ca/retaining-wall-construction/angus/,200,200,https://seo.goldenmaplelandscaping.ca/retaining-wall-construction/angus/,https://seo.goldenmaplelandscaping.ca/retaining-wall-construction/angus/,INDEXABLE,,,Retaining Wall Construction in Angus | Golden Maple Landscaping,Retaining Wall Construction in Angus,"Retaining Wall Construction for Angus homeowners by Golden Maple Landscaping. Starting at $6,500. Call +1-705-790-3838 for a free quote.",562,8,9,https://goldenmaplelandscaping.ca/resources/retaining-wall-cost-oro-medonte/,LEXICAL_CANDIDATE,"Automated lexical candidate (token overlap=2): old=['angus', 'construction', 'retaining', 'wall'], candidate=['cost', 'medonte', 'oro', 'resources', 'retaining', 'wall']. Old on-page claim: title='Retaining Wall Construction in Angus | Golden Maple Landscaping'; H1='Retaining Wall Construction in Angus'. Candidate on-page evidence: title='Retaining Wall Cost Oro-Medonte 2026 | Real Prices | Golden Maple Landscaping'; H1='Retaining Wall Cost in Oro-Medonte: 2026 Price Breakdown'. Lexical similarity and sitemap presence are not evidence that the business currently offers the service × municipality combination; owner confirmation required.",NOT_ACCESSIBLE_NO_CREDENTIALS,NOT_ACCESSIBLE_NO_CREDENTIALS,OWNER_CONFIRMATION_REQUIRED,https://goldenmaplelandscaping.ca/resources/retaining-wall-cost-oro-medonte/,,Read-only crawl found no authenticated owner/GSC offering decision. Do not implement redirect or 410 until owner validates the offering and target; proposed destination is not executable configuration.,
https://seo.goldenmaplelandscaping.ca/retaining-wall-construction/oro-station/,200,200,https://seo.goldenmaplelandscaping.ca/retaining-wall-construction/oro-station/,https://seo.goldenmaplelandscaping.ca/retaining-wall-construction/oro-station/,INDEXABLE,,,Retaining Wall Construction in Oro-Medonte | Golden Maple Landscaping,Retaining Wall Construction in Oro-Medonte,"Retaining Wall Construction for Oro-Medonte homeowners by Golden Maple Landscaping. Starting at $6,500. Call +1-705-790-3838 for a free quote.",608,8,9,https://goldenmaplelandscaping.ca/resources/retaining-wall-cost-oro-medonte/,LEXICAL_CANDIDATE,"Automated lexical candidate (token overlap=3): old=['construction', 'oro', 'retaining', 'station', 'wall'], candidate=['cost', 'medonte', 'oro', 'resources', 'retaining', 'wall']. Old on-page claim: title='Retaining Wall Construction in Oro-Medonte | Golden Maple Landscaping'; H1='Retaining Wall Construction in Oro-Medonte'. Candidate on-page evidence: title='Retaining Wall Cost Oro-Medonte 2026 | Real Prices | Golden Maple Landscaping'; H1='Retaining Wall Cost in Oro-Medonte: 2026 Price Breakdown'. Lexical similarity and sitemap presence are not evidence that the business currently offers the service × municipality combination; owner confirmation required.",NOT_ACCESSIBLE_NO_CREDENTIALS,NOT_ACCESSIBLE_NO_CREDENTIALS,OWNER_CONFIRMATION_REQUIRED,https://goldenmaplelandscaping.ca/resources/retaining-wall-cost-oro-medonte/,,Read-only crawl found no authenticated owner/GSC offering decision. Do not implement redirect or 410 until owner validates the offering and target; proposed destination is not executable configuration.,
https://seo.goldenmaplelandscaping.ca/interlocking-driveway/barrie/,200,200,https://seo.goldenmaplelandscaping.ca/interlocking-driveway/barrie/,https://seo.goldenmaplelandscaping.ca/interlocking-driveway/barrie/,INDEXABLE,,,Interlocking Driveway in Barrie | Golden Maple Landscaping,Interlocking Driveway in Barrie,"Interlocking Driveway for Barrie homeowners by Golden Maple Landscaping. Starting at $18,000. Call +1-705-790-3838 for a free quote.",539,8,23,https://goldenmaplelandscaping.ca/resources/concrete-vs-interlocking-patio-barrie/,LEXICAL_CANDIDATE,"Automated lexical candidate (token overlap=2): old=['barrie', 'driveway', 'interlocking'], candidate=['barrie', 'concrete', 'interlocking', 'patio', 'resources']. Old on-page claim: title='Interlocking Driveway in Barrie | Golden Maple Landscaping'; H1='Interlocking Driveway in Barrie'. Candidate on-page evidence: title='Concrete vs Interlocking Patio Barrie - Which is Best? | Golden Maple Landscaping'; H1=""Concrete vs Interlocking Patio: Which Is Better for Barrie's Climate?"". Lexical similarity and sitemap presence are not evidence that the business currently offers the service × municipality combination; owner confirmation required.",NOT_ACCESSIBLE_NO_CREDENTIALS,NOT_ACCESSIBLE_NO_CREDENTIALS,OWNER_CONFIRMATION_REQUIRED,https://goldenmaplelandscaping.ca/resources/concrete-vs-interlocking-patio-barrie/,,Read-only crawl found no authenticated owner/GSC offering decision. Do not implement redirect or 410 until owner validates the offering and target; proposed destination is not executable configuration.,
https://seo.goldenmaplelandscaping.ca/interlocking-driveway/innisfil/,200,200,https://seo.goldenmaplelandscaping.ca/interlocking-driveway/innisfil/,https://seo.goldenmaplelandscaping.ca/interlocking-driveway/innisfil/,INDEXABLE,,,Interlocking Driveway in Innisfil | Golden Maple Landscaping,Interlocking Driveway in Innisfil,"Interlocking Driveway for Innisfil homeowners by Golden Maple Landscaping. Starting at $18,000. Call +1-705-790-3838 for a free quote.",605,8,23,https://goldenmaplelandscaping.ca/resources/interlocking-driveway-lifespan-ontario/,LEXICAL_CANDIDATE,"Automated lexical candidate (token overlap=2): old=['driveway', 'innisfil', 'interlocking'], candidate=['driveway', 'interlocking', 'lifespan', 'ontario', 'resources']. Old on-page claim: title='Interlocking Driveway in Innisfil | Golden Maple Landscaping'; H1='Interlocking Driveway in Innisfil'. Candidate on-page evidence: title='Interlocking Driveway Lifespan Ontario | Paver Longevity Barrie | Golden Maple Landscaping'; H1='Interlocking Driveway Lifespan Ontario: How Long Pavers Really Last'. Lexical similarity and sitemap presence are not evidence that the business currently offers the service × municipality combination; owner confirmation required.",NOT_ACCESSIBLE_NO_CREDENTIALS,NOT_ACCESSIBLE_NO_CREDENTIALS,OWNER_CONFIRMATION_REQUIRED,https://goldenmaplelandscaping.ca/resources/interlocking-driveway-lifespan-ontario/,,Read-only crawl found no authenticated owner/GSC offering decision. Do not implement redirect or 410 until owner validates the offering and target; proposed destination is not executable configuration.,
https://seo.goldenmaplelandscaping.ca/interlocking-driveway/bradford/,200,200,https://seo.goldenmaplelandscaping.ca/interlocking-driveway/bradford/,https://seo.goldenmaplelandscaping.ca/interlocking-driveway/bradford/,INDEXABLE,,,Interlocking Driveway in Bradford | Golden Maple Landscaping,Interlocking Driveway in Bradford,"Interlocking Driveway for Bradford homeowners by Golden Maple Landscaping. Starting at $18,000. Call +1-705-790-3838 for a free quote.",632,8,23,https://goldenmaplelandscaping.ca/resources/interlocking-driveway-lifespan-ontario/,LEXICAL_CANDIDATE,"Automated lexical candidate (token overlap=2): old=['bradford', 'driveway', 'interlocking'], candidate=['driveway', 'interlocking', 'lifespan', 'ontario', 'resources']. Old on-page claim: title='Interlocking Driveway in Bradford | Golden Maple Landscaping'; H1='Interlocking Driveway in Bradford'. Candidate on-page evidence: title='Interlocking Driveway Lifespan Ontario | Paver Longevity Barrie | Golden Maple Landscaping'; H1='Interlocking Driveway Lifespan Ontario: How Long Pavers Really Last'. Lexical similarity and sitemap presence are not evidence that the business currently offers the service × municipality combination; owner confirmation required.",NOT_ACCESSIBLE_NO_CREDENTIALS,NOT_ACCESSIBLE_NO_CREDENTIALS,OWNER_CONFIRMATION_REQUIRED,https://goldenmaplelandscaping.ca/resources/interlocking-driveway-lifespan-ontario/,,Read-only crawl found no authenticated owner/GSC offering decision. Do not implement redirect or 410 until owner validates the offering and target; proposed destination is not executable configuration.,
https://seo.goldenmaplelandscaping.ca/interlocking-driveway/newmarket/,200,200,https://seo.goldenmaplelandscaping.ca/interlocking-driveway/newmarket/,https://seo.goldenmaplelandscaping.ca/interlocking-driveway/newmarket/,INDEXABLE,,,Interlocking Driveway in Newmarket | Golden Maple Landscaping,Interlocking Driveway in Newmarket,"Interlocking Driveway for Newmarket homeowners by Golden Maple Landscaping. Starting at $18,000. Call +1-705-790-3838 for a free quote.",648,8,12,https://goldenmaplelandscaping.ca/resources/interlocking-driveway-lifespan-ontario/,LEXICAL_CANDIDATE,"Automated lexical candidate (token overlap=2): old=['driveway', 'interlocking', 'newmarket'], candidate=['driveway', 'interlocking', 'lifespan', 'ontario', 'resources']. Old on-page claim: title='Interlocking Driveway in Newmarket | Golden Maple Landscaping'; H1='Interlocking Driveway in Newmarket'. Candidate on-page evidence: title='Interlocking Driveway Lifespan Ontario | Paver Longevity Barrie | Golden Maple Landscaping'; H1='Interlocking Driveway Lifespan Ontario: How Long Pavers Really Last'. Lexical similarity and sitemap presence are not evidence that the business currently offers the service × municipality combination; owner confirmation required.",NOT_ACCESSIBLE_NO_CREDENTIALS,NOT_ACCESSIBLE_NO_CREDENTIALS,OWNER_CONFIRMATION_REQUIRED,https://goldenmaplelandscaping.ca/resources/interlocking-driveway-lifespan-ontario/,,Read-only crawl found no authenticated owner/GSC offering decision. Do not implement redirect or 410 until owner validates the offering and target; proposed destination is not executable configuration.,
https://seo.goldenmaplelandscaping.ca/interlocking-driveway/aurora/,200,200,https://seo.goldenmaplelandscaping.ca/interlocking-driveway/aurora/,https://seo.goldenmaplelandscaping.ca/interlocking-driveway/aurora/,INDEXABLE,,,Interlocking Driveway in Aurora | Golden Maple Landscaping,Interlocking Driveway in Aurora,"Interlocking Driveway for Aurora homeowners by Golden Maple Landscaping. Starting at $18,000. Call +1-705-790-3838 for a free quote.",573,8,9,https://goldenmaplelandscaping.ca/resources/interlocking-driveway-lifespan-ontario/,LEXICAL_CANDIDATE,"Automated lexical candidate (token overlap=2): old=['aurora', 'driveway', 'interlocking'], candidate=['driveway', 'interlocking', 'lifespan', 'ontario', 'resources']. Old on-page claim: title='Interlocking Driveway in Aurora | Golden Maple Landscaping'; H1='Interlocking Driveway in Aurora'. Candidate on-page evidence: title='Interlocking Driveway Lifespan Ontario | Paver Longevity Barrie | Golden Maple Landscaping'; H1='Interlocking Driveway Lifespan Ontario: How Long Pavers Really Last'. Lexical similarity and sitemap presence are not evidence that the business currently offers the service × municipality combination; owner confirmation required.",NOT_ACCESSIBLE_NO_CREDENTIALS,NOT_ACCESSIBLE_NO_CREDENTIALS,OWNER_CONFIRMATION_REQUIRED,https://goldenmaplelandscaping.ca/resources/interlocking-driveway-lifespan-ontario/,,Read-only crawl found no authenticated owner/GSC offering decision. Do not implement redirect or 410 until owner validates the offering and target; proposed destination is not executable configuration.,
https://seo.goldenmaplelandscaping.ca/interlocking-driveway/richmond-hill/,200,200,https://seo.goldenmaplelandscaping.ca/interlocking-driveway/richmond-hill/,https://seo.goldenmaplelandscaping.ca/interlocking-driveway/richmond-hill/,INDEXABLE,,,Interlocking Driveway in Richmond Hill | Golden Maple Landscaping,Interlocking Driveway in Richmond Hill,"Interlocking Driveway for Richmond Hill homeowners by Golden Maple Landscaping. Starting at $18,000. Call +1-705-790-3838 for a free quote.",563,8,9,https://goldenmaplelandscaping.ca/resources/interlocking-driveway-lifespan-ontario/,LEXICAL_CANDIDATE,"Automated lexical candidate (token overlap=2): old=['driveway', 'hill', 'interlocking', 'richmond'], candidate=['driveway', 'interlocking', 'lifespan', 'ontario', 'resources']. Old on-page claim: title='Interlocking Driveway in Richmond Hill | Golden Maple Landscaping'; H1='Interlocking Driveway in Richmond Hill'. Candidate on-page evidence: title='Interlocking Driveway Lifespan Ontario | Paver Longevity Barrie | Golden Maple Landscaping'; H1='Interlocking Driveway Lifespan Ontario: How Long Pavers Really Last'. Lexical similarity and sitemap presence are not evidence that the business currently offers the service × municipality combination; owner confirmation required.",NOT_ACCESSIBLE_NO_CREDENTIALS,NOT_ACCESSIBLE_NO_CREDENTIALS,OWNER_CONFIRMATION_REQUIRED,https://goldenmaplelandscaping.ca/resources/interlocking-driveway-lifespan-ontario/,,Read-only crawl found no authenticated owner/GSC offering decision. Do not implement redirect or 410 until owner validates the offering and target; proposed destination is not executable configuration.,
https://seo.goldenmaplelandscaping.ca/interlocking-driveway/vaughan/,200,200,https://seo.goldenmaplelandscaping.ca/interlocking-driveway/vaughan/,https://seo.goldenmaplelandscaping.ca/interlocking-driveway/vaughan/,INDEXABLE,,,Interlocking Driveway in Vaughan | Golden Maple Landscaping,Interlocking Driveway in Vaughan,"Interlocking Driveway for Vaughan homeowners by Golden Maple Landscaping. Starting at $18,000. Call +1-705-790-3838 for a free quote.",572,8,9,https://goldenmaplelandscaping.ca/resources/interlocking-driveway-lifespan-ontario/,LEXICAL_CANDIDATE,"Automated lexical candidate (token overlap=2): old=['driveway', 'interlocking', 'vaughan'], candidate=['driveway', 'interlocking', 'lifespan', 'ontario', 'resources']. Old on-page claim: title='Interlocking Driveway in Vaughan | Golden Maple Landscaping'; H1='Interlocking Driveway in Vaughan'. Candidate on-page evidence: title='Interlocking Driveway Lifespan Ontario | Paver Longevity Barrie | Golden Maple Landscaping'; H1='Interlocking Driveway Lifespan Ontario: How Long Pavers Really Last'. Lexical similarity and sitemap presence are not evidence that the business currently offers the service × municipality combination; owner confirmation required.",NOT_ACCESSIBLE_NO_CREDENTIALS,NOT_ACCESSIBLE_NO_CREDENTIALS,OWNER_CONFIRMATION_REQUIRED,https://goldenmaplelandscaping.ca/resources/interlocking-driveway-lifespan-ontario/,,Read-only crawl found no authenticated owner/GSC offering decision. Do not implement redirect or 410 until owner validates the offering and target; proposed destination is not executable configuration.,
https://seo.goldenmaplelandscaping.ca/interlocking-driveway/king-city/,200,200,https://seo.goldenmaplelandscaping.ca/interlocking-driveway/king-city/,https://seo.goldenmaplelandscaping.ca/interlocking-driveway/king-city/,INDEXABLE,,,Interlocking Driveway in King City | Golden Maple Landscaping,Interlocking Driveway in King City,"Interlocking Driveway for King City homeowners by Golden Maple Landscaping. Starting at $18,000. Call +1-705-790-3838 for a free quote.",607,8,9,https://goldenmaplelandscaping.ca/resources/interlocking-driveway-lifespan-ontario/,LEXICAL_CANDIDATE,"Automated lexical candidate (token overlap=2): old=['city', 'driveway', 'interlocking', 'king'], candidate=['driveway', 'interlocking', 'lifespan', 'ontario', 'resources']. Old on-page claim: title='Interlocking Driveway in King City | Golden Maple Landscaping'; H1='Interlocking Driveway in King City'. Candidate on-page evidence: title='Interlocking Driveway Lifespan Ontario | Paver Longevity Barrie | Golden Maple Landscaping'; H1='Interlocking Driveway Lifespan Ontario: How Long Pavers Really Last'. Lexical similarity and sitemap presence are not evidence that the business currently offers the service × municipality combination; owner confirmation required.",NOT_ACCESSIBLE_NO_CREDENTIALS,NOT_ACCESSIBLE_NO_CREDENTIALS,OWNER_CONFIRMATION_REQUIRED,https://goldenmaplelandscaping.ca/resources/interlocking-driveway-lifespan-ontario/,,Read-only crawl found no authenticated owner/GSC offering decision. Do not implement redirect or 410 until owner validates the offering and target; proposed destination is not executable configuration.,
https://seo.goldenmaplelandscaping.ca/interlocking-driveway/orillia/,200,200,https://seo.goldenmaplelandscaping.ca/interlocking-driveway/orillia/,https://seo.goldenmaplelandscaping.ca/interlocking-driveway/orillia/,INDEXABLE,,,Interlocking Driveway in Orillia | Golden Maple Landscaping,Interlocking Driveway in Orillia,"Interlocking Driveway for Orillia homeowners by Golden Maple Landscaping. Starting at $18,000. Call +1-705-790-3838 for a free quote.",655,8,9,https://goldenmaplelandscaping.ca/resources/interlocking-driveway-lifespan-ontario/,LEXICAL_CANDIDATE,"Automated lexical candidate (token overlap=2): old=['driveway', 'interlocking', 'orillia'], candidate=['driveway', 'interlocking', 'lifespan', 'ontario', 'resources']. Old on-page claim: title='Interlocking Driveway in Orillia | Golden Maple Landscaping'; H1='Interlocking Driveway in Orillia'. Candidate on-page evidence: title='Interlocking Driveway Lifespan Ontario | Paver Longevity Barrie | Golden Maple Landscaping'; H1='Interlocking Driveway Lifespan Ontario: How Long Pavers Really Last'. Lexical similarity and sitemap presence are not evidence that the business currently offers the service × municipality combination; owner confirmation required.",NOT_ACCESSIBLE_NO_CREDENTIALS,NOT_ACCESSIBLE_NO_CREDENTIALS,OWNER_CONFIRMATION_REQUIRED,https://goldenmaplelandscaping.ca/resources/interlocking-driveway-lifespan-ontario/,,Read-only crawl found no authenticated owner/GSC offering decision. Do not implement redirect or 410 until owner validates the offering and target; proposed destination is not executable configuration.,
https://seo.goldenmaplelandscaping.ca/interlocking-driveway/midland/,200,200,https://seo.goldenmaplelandscaping.ca/interlocking-driveway/midland/,https://seo.goldenmaplelandscaping.ca/interlocking-driveway/midland/,INDEXABLE,,,Interlocking Driveway in Midland | Golden Maple Landscaping,Interlocking Driveway in Midland,"Interlocking Driveway for Midland homeowners by Golden Maple Landscaping. Starting at $18,000. Call +1-705-790-3838 for a free quote.",528,8,9,https://goldenmaplelandscaping.ca/resources/interlocking-driveway-lifespan-ontario/,LEXICAL_CANDIDATE,"Automated lexical candidate (token overlap=2): old=['driveway', 'interlocking', 'midland'], candidate=['driveway', 'interlocking', 'lifespan', 'ontario', 'resources']. Old on-page claim: title='Interlocking Driveway in Midland | Golden Maple Landscaping'; H1='Interlocking Driveway in Midland'. Candidate on-page evidence: title='Interlocking Driveway Lifespan Ontario | Paver Longevity Barrie | Golden Maple Landscaping'; H1='Interlocking Driveway Lifespan Ontario: How Long Pavers Really Last'. Lexical similarity and sitemap presence are not evidence that the business currently offers the service × municipality combination; owner confirmation required.",NOT_ACCESSIBLE_NO_CREDENTIALS,NOT_ACCESSIBLE_NO_CREDENTIALS,OWNER_CONFIRMATION_REQUIRED,https://goldenmaplelandscaping.ca/resources/interlocking-driveway-lifespan-ontario/,,Read-only crawl found no authenticated owner/GSC offering decision. Do not implement redirect or 410 until owner validates the offering and target; proposed destination is not executable configuration.,
https://seo.goldenmaplelandscaping.ca/interlocking-driveway/wasaga-beach/,200,200,https://seo.goldenmaplelandscaping.ca/interlocking-driveway/wasaga-beach/,https://seo.goldenmaplelandscaping.ca/interlocking-driveway/wasaga-beach/,INDEXABLE,,,Interlocking Driveway in Wasaga Beach | Golden Maple Landscaping,Interlocking Driveway in Wasaga Beach,"Interlocking Driveway for Wasaga Beach homeowners by Golden Maple Landscaping. Starting at $18,000. Call +1-705-790-3838 for a free quote.",653,8,9,https://goldenmaplelandscaping.ca/services/interlocking-wasaga-beach/,LEXICAL_CANDIDATE,"Automated lexical candidate (token overlap=3): old=['beach', 'driveway', 'interlocking', 'wasaga'], candidate=['beach', 'interlocking', 'services', 'wasaga']. Old on-page claim: title='Interlocking Driveway in Wasaga Beach | Golden Maple Landscaping'; H1='Interlocking Driveway in Wasaga Beach'. Candidate on-page evidence: title='Interlocking in Wasaga Beach | Premium Interlocking Stone Installation | Golden Maple Landscaping'; H1='Interlocking | in | Wasaga Beach | , Ontario.'. Lexical similarity and sitemap presence are not evidence that the business currently offers the service × municipality combination; owner confirmation required.",NOT_ACCESSIBLE_NO_CREDENTIALS,NOT_ACCESSIBLE_NO_CREDENTIALS,OWNER_CONFIRMATION_REQUIRED,https://goldenmaplelandscaping.ca/services/interlocking-wasaga-beach/,,Read-only crawl found no authenticated owner/GSC offering decision. Do not implement redirect or 410 until owner validates the offering and target; proposed destination is not executable configuration.,
https://seo.goldenmaplelandscaping.ca/interlocking-driveway/collingwood/,200,200,https://seo.goldenmaplelandscaping.ca/interlocking-driveway/collingwood/,https://seo.goldenmaplelandscaping.ca/interlocking-driveway/collingwood/,INDEXABLE,,,Interlocking Driveway in Collingwood | Golden Maple Landscaping,Interlocking Driveway in Collingwood,"Interlocking Driveway for Collingwood homeowners by Golden Maple Landscaping. Starting at $18,000. Call +1-705-790-3838 for a free quote.",587,8,9,https://goldenmaplelandscaping.ca/resources/interlocking-driveway-lifespan-ontario/,LEXICAL_CANDIDATE,"Automated lexical candidate (token overlap=2): old=['collingwood', 'driveway', 'interlocking'], candidate=['driveway', 'interlocking', 'lifespan', 'ontario', 'resources']. Old on-page claim: title='Interlocking Driveway in Collingwood | Golden Maple Landscaping'; H1='Interlocking Driveway in Collingwood'. Candidate on-page evidence: title='Interlocking Driveway Lifespan Ontario | Paver Longevity Barrie | Golden Maple Landscaping'; H1='Interlocking Driveway Lifespan Ontario: How Long Pavers Really Last'. Lexical similarity and sitemap presence are not evidence that the business currently offers the service × municipality combination; owner confirmation required.",NOT_ACCESSIBLE_NO_CREDENTIALS,NOT_ACCESSIBLE_NO_CREDENTIALS,OWNER_CONFIRMATION_REQUIRED,https://goldenmaplelandscaping.ca/resources/interlocking-driveway-lifespan-ontario/,,Read-only crawl found no authenticated owner/GSC offering decision. Do not implement redirect or 410 until owner validates the offering and target; proposed destination is not executable configuration.,
https://seo.goldenmaplelandscaping.ca/interlocking-driveway/alliston/,200,200,https://seo.goldenmaplelandscaping.ca/interlocking-driveway/alliston/,https://seo.goldenmaplelandscaping.ca/interlocking-driveway/alliston/,INDEXABLE,,,Interlocking Driveway in Alliston | Golden Maple Landscaping,Interlocking Driveway in Alliston,"Interlocking Driveway for Alliston homeowners by Golden Maple Landscaping. Starting at $18,000. Call +1-705-790-3838 for a free quote.",625,8,9,https://goldenmaplelandscaping.ca/resources/interlocking-driveway-lifespan-ontario/,LEXICAL_CANDIDATE,"Automated lexical candidate (token overlap=2): old=['alliston', 'driveway', 'interlocking'], candidate=['driveway', 'interlocking', 'lifespan', 'ontario', 'resources']. Old on-page claim: title='Interlocking Driveway in Alliston | Golden Maple Landscaping'; H1='Interlocking Driveway in Alliston'. Candidate on-page evidence: title='Interlocking Driveway Lifespan Ontario | Paver Longevity Barrie | Golden Maple Landscaping'; H1='Interlocking Driveway Lifespan Ontario: How Long Pavers Really Last'. Lexical similarity and sitemap presence are not evidence that the business currently offers the service × municipality combination; owner confirmation required.",NOT_ACCESSIBLE_NO_CREDENTIALS,NOT_ACCESSIBLE_NO_CREDENTIALS,OWNER_CONFIRMATION_REQUIRED,https://goldenmaplelandscaping.ca/resources/interlocking-driveway-lifespan-ontario/,,Read-only crawl found no authenticated owner/GSC offering decision. Do not implement redirect or 410 until owner validates the offering and target; proposed destination is not executable configuration.,
https://seo.goldenmaplelandscaping.ca/interlocking-driveway/angus/,200,200,https://seo.goldenmaplelandscaping.ca/interlocking-driveway/angus/,https://seo.goldenmaplelandscaping.ca/interlocking-driveway/angus/,INDEXABLE,,,Interlocking Driveway in Angus | Golden Maple Landscaping,Interlocking Driveway in Angus,"Interlocking Driveway for Angus homeowners by Golden Maple Landscaping. Starting at $18,000. Call +1-705-790-3838 for a free quote.",554,8,9,https://goldenmaplelandscaping.ca/resources/interlocking-driveway-lifespan-ontario/,LEXICAL_CANDIDATE,"Automated lexical candidate (token overlap=2): old=['angus', 'driveway', 'interlocking'], candidate=['driveway', 'interlocking', 'lifespan', 'ontario', 'resources']. Old on-page claim: title='Interlocking Driveway in Angus | Golden Maple Landscaping'; H1='Interlocking Driveway in Angus'. Candidate on-page evidence: title='Interlocking Driveway Lifespan Ontario | Paver Longevity Barrie | Golden Maple Landscaping'; H1='Interlocking Driveway Lifespan Ontario: How Long Pavers Really Last'. Lexical similarity and sitemap presence are not evidence that the business currently offers the service × municipality combination; owner confirmation required.",NOT_ACCESSIBLE_NO_CREDENTIALS,NOT_ACCESSIBLE_NO_CREDENTIALS,OWNER_CONFIRMATION_REQUIRED,https://goldenmaplelandscaping.ca/resources/interlocking-driveway-lifespan-ontario/,,Read-only crawl found no authenticated owner/GSC offering decision. Do not implement redirect or 410 until owner validates the offering and target; proposed destination is not executable configuration.,
https://seo.goldenmaplelandscaping.ca/interlocking-driveway/oro-station/,200,200,https://seo.goldenmaplelandscaping.ca/interlocking-driveway/oro-station/,https://seo.goldenmaplelandscaping.ca/interlocking-driveway/oro-station/,INDEXABLE,,,Interlocking Driveway in Oro-Medonte | Golden Maple Landscaping,Interlocking Driveway in Oro-Medonte,"Interlocking Driveway for Oro-Medonte homeowners by Golden Maple Landscaping. Starting at $18,000. Call +1-705-790-3838 for a free quote.",616,8,9,https://goldenmaplelandscaping.ca/resources/interlocking-driveway-lifespan-ontario/,LEXICAL_CANDIDATE,"Automated lexical candidate (token overlap=2): old=['driveway', 'interlocking', 'oro', 'station'], candidate=['driveway', 'interlocking', 'lifespan', 'ontario', 'resources']. Old on-page claim: title='Interlocking Driveway in Oro-Medonte | Golden Maple Landscaping'; H1='Interlocking Driveway in Oro-Medonte'. Candidate on-page evidence: title='Interlocking Driveway Lifespan Ontario | Paver Longevity Barrie | Golden Maple Landscaping'; H1='Interlocking Driveway Lifespan Ontario: How Long Pavers Really Last'. Lexical similarity and sitemap presence are not evidence that the business currently offers the service × municipality combination; owner confirmation required.",NOT_ACCESSIBLE_NO_CREDENTIALS,NOT_ACCESSIBLE_NO_CREDENTIALS,OWNER_CONFIRMATION_REQUIRED,https://goldenmaplelandscaping.ca/resources/interlocking-driveway-lifespan-ontario/,,Read-only crawl found no authenticated owner/GSC offering decision. Do not implement redirect or 410 until owner validates the offering and target; proposed destination is not executable configuration.,
https://seo.goldenmaplelandscaping.ca/pool-deck-installation/barrie/,200,200,https://seo.goldenmaplelandscaping.ca/pool-deck-installation/barrie/,https://seo.goldenmaplelandscaping.ca/pool-deck-installation/barrie/,INDEXABLE,,,Pool Deck Installation in Barrie | Golden Maple Landscaping,Pool Deck Installation in Barrie,"Pool Deck Installation for Barrie homeowners by Golden Maple Landscaping. Starting at $22,000. Call +1-705-790-3838 for a free quote.",640,8,19,https://goldenmaplelandscaping.ca/resources/best-pavers-pool-deck-simcoe-county/,LEXICAL_CANDIDATE,"Automated lexical candidate (token overlap=2): old=['barrie', 'deck', 'installation', 'pool'], candidate=['best', 'county', 'deck', 'pavers', 'pool', 'resources', 'simcoe']. Old on-page claim: title='Pool Deck Installation in Barrie | Golden Maple Landscaping'; H1='Pool Deck Installation in Barrie'. Candidate on-page evidence: title='Pool Deck Pavers Simcoe County | Slip-Rated Guide | Golden Maple Landscaping'; H1='Best Pavers for Pool Decks in Simcoe County: Slip-Rated, Cool-Touch, Freeze-Thaw Tested'. Lexical similarity and sitemap presence are not evidence that the business currently offers the service × municipality combination; owner confirmation required.",NOT_ACCESSIBLE_NO_CREDENTIALS,NOT_ACCESSIBLE_NO_CREDENTIALS,OWNER_CONFIRMATION_REQUIRED,https://goldenmaplelandscaping.ca/resources/best-pavers-pool-deck-simcoe-county/,,Read-only crawl found no authenticated owner/GSC offering decision. Do not implement redirect or 410 until owner validates the offering and target; proposed destination is not executable configuration.,
https://seo.goldenmaplelandscaping.ca/pool-deck-installation/innisfil/,200,200,https://seo.goldenmaplelandscaping.ca/pool-deck-installation/innisfil/,https://seo.goldenmaplelandscaping.ca/pool-deck-installation/innisfil/,INDEXABLE,,,Pool Deck Installation in Innisfil | Golden Maple Landscaping,Pool Deck Installation in Innisfil,"Pool Deck Installation for Innisfil homeowners by Golden Maple Landscaping. Starting at $22,000. Call +1-705-790-3838 for a free quote.",617,8,19,https://goldenmaplelandscaping.ca/resources/best-pavers-pool-deck-simcoe-county/,LEXICAL_CANDIDATE,"Automated lexical candidate (token overlap=2): old=['deck', 'innisfil', 'installation', 'pool'], candidate=['best', 'county', 'deck', 'pavers', 'pool', 'resources', 'simcoe']. Old on-page claim: title='Pool Deck Installation in Innisfil | Golden Maple Landscaping'; H1='Pool Deck Installation in Innisfil'. Candidate on-page evidence: title='Pool Deck Pavers Simcoe County | Slip-Rated Guide | Golden Maple Landscaping'; H1='Best Pavers for Pool Decks in Simcoe County: Slip-Rated, Cool-Touch, Freeze-Thaw Tested'. Lexical similarity and sitemap presence are not evidence that the business currently offers the service × municipality combination; owner confirmation required.",NOT_ACCESSIBLE_NO_CREDENTIALS,NOT_ACCESSIBLE_NO_CREDENTIALS,OWNER_CONFIRMATION_REQUIRED,https://goldenmaplelandscaping.ca/resources/best-pavers-pool-deck-simcoe-county/,,Read-only crawl found no authenticated owner/GSC offering decision. Do not implement redirect or 410 until owner validates the offering and target; proposed destination is not executable configuration.,
https://seo.goldenmaplelandscaping.ca/pool-deck-installation/bradford/,200,200,https://seo.goldenmaplelandscaping.ca/pool-deck-installation/bradford/,https://seo.goldenmaplelandscaping.ca/pool-deck-installation/bradford/,INDEXABLE,,,Pool Deck Installation in Bradford | Golden Maple Landscaping,Pool Deck Installation in Bradford,"Pool Deck Installation for Bradford homeowners by Golden Maple Landscaping. Starting at $22,000. Call +1-705-790-3838 for a free quote.",606,8,19,https://goldenmaplelandscaping.ca/resources/best-pavers-pool-deck-simcoe-county/,LEXICAL_CANDIDATE,"Automated lexical candidate (token overlap=2): old=['bradford', 'deck', 'installation', 'pool'], candidate=['best', 'county', 'deck', 'pavers', 'pool', 'resources', 'simcoe']. Old on-page claim: title='Pool Deck Installation in Bradford | Golden Maple Landscaping'; H1='Pool Deck Installation in Bradford'. Candidate on-page evidence: title='Pool Deck Pavers Simcoe County | Slip-Rated Guide | Golden Maple Landscaping'; H1='Best Pavers for Pool Decks in Simcoe County: Slip-Rated, Cool-Touch, Freeze-Thaw Tested'. Lexical similarity and sitemap presence are not evidence that the business currently offers the service × municipality combination; owner confirmation required.",NOT_ACCESSIBLE_NO_CREDENTIALS,NOT_ACCESSIBLE_NO_CREDENTIALS,OWNER_CONFIRMATION_REQUIRED,https://goldenmaplelandscaping.ca/resources/best-pavers-pool-deck-simcoe-county/,,Read-only crawl found no authenticated owner/GSC offering decision. Do not implement redirect or 410 until owner validates the offering and target; proposed destination is not executable configuration.,
https://seo.goldenmaplelandscaping.ca/pool-deck-installation/newmarket/,200,200,https://seo.goldenmaplelandscaping.ca/pool-deck-installation/newmarket/,https://seo.goldenmaplelandscaping.ca/pool-deck-installation/newmarket/,INDEXABLE,,,Pool Deck Installation in Newmarket | Golden Maple Landscaping,Pool Deck Installation in Newmarket,"Pool Deck Installation for Newmarket homeowners by Golden Maple Landscaping. Starting at $22,000. Call +1-705-790-3838 for a free quote.",571,8,8,https://goldenmaplelandscaping.ca/resources/best-pavers-pool-deck-simcoe-county/,LEXICAL_CANDIDATE,"Automated lexical candidate (token overlap=2): old=['deck', 'installation', 'newmarket', 'pool'], candidate=['best', 'county', 'deck', 'pavers', 'pool', 'resources', 'simcoe']. Old on-page claim: title='Pool Deck Installation in Newmarket | Golden Maple Landscaping'; H1='Pool Deck Installation in Newmarket'. Candidate on-page evidence: title='Pool Deck Pavers Simcoe County | Slip-Rated Guide | Golden Maple Landscaping'; H1='Best Pavers for Pool Decks in Simcoe County: Slip-Rated, Cool-Touch, Freeze-Thaw Tested'. Lexical similarity and sitemap presence are not evidence that the business currently offers the service × municipality combination; owner confirmation required.",NOT_ACCESSIBLE_NO_CREDENTIALS,NOT_ACCESSIBLE_NO_CREDENTIALS,OWNER_CONFIRMATION_REQUIRED,https://goldenmaplelandscaping.ca/resources/best-pavers-pool-deck-simcoe-county/,,Read-only crawl found no authenticated owner/GSC offering decision. Do not implement redirect or 410 until owner validates the offering and target; proposed destination is not executable configuration.,
https://seo.goldenmaplelandscaping.ca/pool-deck-installation/aurora/,200,200,https://seo.goldenmaplelandscaping.ca/pool-deck-installation/aurora/,https://seo.goldenmaplelandscaping.ca/pool-deck-installation/aurora/,INDEXABLE,,,Pool Deck Installation in Aurora | Golden Maple Landscaping,Pool Deck Installation in Aurora,"Pool Deck Installation for Aurora homeowners by Golden Maple Landscaping. Starting at $22,000. Call +1-705-790-3838 for a free quote.",644,8,5,https://goldenmaplelandscaping.ca/resources/best-pavers-pool-deck-simcoe-county/,LEXICAL_CANDIDATE,"Automated lexical candidate (token overlap=2): old=['aurora', 'deck', 'installation', 'pool'], candidate=['best', 'county', 'deck', 'pavers', 'pool', 'resources', 'simcoe']. Old on-page claim: title='Pool Deck Installation in Aurora | Golden Maple Landscaping'; H1='Pool Deck Installation in Aurora'. Candidate on-page evidence: title='Pool Deck Pavers Simcoe County | Slip-Rated Guide | Golden Maple Landscaping'; H1='Best Pavers for Pool Decks in Simcoe County: Slip-Rated, Cool-Touch, Freeze-Thaw Tested'. Lexical similarity and sitemap presence are not evidence that the business currently offers the service × municipality combination; owner confirmation required.",NOT_ACCESSIBLE_NO_CREDENTIALS,NOT_ACCESSIBLE_NO_CREDENTIALS,OWNER_CONFIRMATION_REQUIRED,https://goldenmaplelandscaping.ca/resources/best-pavers-pool-deck-simcoe-county/,,Read-only crawl found no authenticated owner/GSC offering decision. Do not implement redirect or 410 until owner validates the offering and target; proposed destination is not executable configuration.,
https://seo.goldenmaplelandscaping.ca/pool-deck-installation/richmond-hill/,200,200,https://seo.goldenmaplelandscaping.ca/pool-deck-installation/richmond-hill/,https://seo.goldenmaplelandscaping.ca/pool-deck-installation/richmond-hill/,INDEXABLE,,,Pool Deck Installation in Richmond Hill | Golden Maple Landscaping,Pool Deck Installation in Richmond Hill,"Pool Deck Installation for Richmond Hill homeowners by Golden Maple Landscaping. Starting at $22,000. Call +1-705-790-3838 for a free quote.",605,8,5,https://goldenmaplelandscaping.ca/resources/best-pavers-pool-deck-simcoe-county/,LEXICAL_CANDIDATE,"Automated lexical candidate (token overlap=2): old=['deck', 'hill', 'installation', 'pool', 'richmond'], candidate=['best', 'county', 'deck', 'pavers', 'pool', 'resources', 'simcoe']. Old on-page claim: title='Pool Deck Installation in Richmond Hill | Golden Maple Landscaping'; H1='Pool Deck Installation in Richmond Hill'. Candidate on-page evidence: title='Pool Deck Pavers Simcoe County | Slip-Rated Guide | Golden Maple Landscaping'; H1='Best Pavers for Pool Decks in Simcoe County: Slip-Rated, Cool-Touch, Freeze-Thaw Tested'. Lexical similarity and sitemap presence are not evidence that the business currently offers the service × municipality combination; owner confirmation required.",NOT_ACCESSIBLE_NO_CREDENTIALS,NOT_ACCESSIBLE_NO_CREDENTIALS,OWNER_CONFIRMATION_REQUIRED,https://goldenmaplelandscaping.ca/resources/best-pavers-pool-deck-simcoe-county/,,Read-only crawl found no authenticated owner/GSC offering decision. Do not implement redirect or 410 until owner validates the offering and target; proposed destination is not executable configuration.,
https://seo.goldenmaplelandscaping.ca/pool-deck-installation/vaughan/,200,200,https://seo.goldenmaplelandscaping.ca/pool-deck-installation/vaughan/,https://seo.goldenmaplelandscaping.ca/pool-deck-installation/vaughan/,INDEXABLE,,,Pool Deck Installation in Vaughan | Golden Maple Landscaping,Pool Deck Installation in Vaughan,"Pool Deck Installation for Vaughan homeowners by Golden Maple Landscaping. Starting at $22,000. Call +1-705-790-3838 for a free quote.",639,8,5,https://goldenmaplelandscaping.ca/resources/best-pavers-pool-deck-simcoe-county/,LEXICAL_CANDIDATE,"Automated lexical candidate (token overlap=2): old=['deck', 'installation', 'pool', 'vaughan'], candidate=['best', 'county', 'deck', 'pavers', 'pool', 'resources', 'simcoe']. Old on-page claim: title='Pool Deck Installation in Vaughan | Golden Maple Landscaping'; H1='Pool Deck Installation in Vaughan'. Candidate on-page evidence: title='Pool Deck Pavers Simcoe County | Slip-Rated Guide | Golden Maple Landscaping'; H1='Best Pavers for Pool Decks in Simcoe County: Slip-Rated, Cool-Touch, Freeze-Thaw Tested'. Lexical similarity and sitemap presence are not evidence that the business currently offers the service × municipality combination; owner confirmation required.",NOT_ACCESSIBLE_NO_CREDENTIALS,NOT_ACCESSIBLE_NO_CREDENTIALS,OWNER_CONFIRMATION_REQUIRED,https://goldenmaplelandscaping.ca/resources/best-pavers-pool-deck-simcoe-county/,,Read-only crawl found no authenticated owner/GSC offering decision. Do not implement redirect or 410 until owner validates the offering and target; proposed destination is not executable configuration.,
https://seo.goldenmaplelandscaping.ca/pool-deck-installation/king-city/,200,200,https://seo.goldenmaplelandscaping.ca/pool-deck-installation/king-city/,https://seo.goldenmaplelandscaping.ca/pool-deck-installation/king-city/,INDEXABLE,,,Pool Deck Installation in King City | Golden Maple Landscaping,Pool Deck Installation in King City,"Pool Deck Installation for King City homeowners by Golden Maple Landscaping. Starting at $22,000. Call +1-705-790-3838 for a free quote.",626,8,5,https://goldenmaplelandscaping.ca/resources/best-pavers-pool-deck-simcoe-county/,LEXICAL_CANDIDATE,"Automated lexical candidate (token overlap=2): old=['city', 'deck', 'installation', 'king', 'pool'], candidate=['best', 'county', 'deck', 'pavers', 'pool', 'resources', 'simcoe']. Old on-page claim: title='Pool Deck Installation in King City | Golden Maple Landscaping'; H1='Pool Deck Installation in King City'. Candidate on-page evidence: title='Pool Deck Pavers Simcoe County | Slip-Rated Guide | Golden Maple Landscaping'; H1='Best Pavers for Pool Decks in Simcoe County: Slip-Rated, Cool-Touch, Freeze-Thaw Tested'. Lexical similarity and sitemap presence are not evidence that the business currently offers the service × municipality combination; owner confirmation required.",NOT_ACCESSIBLE_NO_CREDENTIALS,NOT_ACCESSIBLE_NO_CREDENTIALS,OWNER_CONFIRMATION_REQUIRED,https://goldenmaplelandscaping.ca/resources/best-pavers-pool-deck-simcoe-county/,,Read-only crawl found no authenticated owner/GSC offering decision. Do not implement redirect or 410 until owner validates the offering and target; proposed destination is not executable configuration.,
https://seo.goldenmaplelandscaping.ca/pool-deck-installation/orillia/,200,200,https://seo.goldenmaplelandscaping.ca/pool-deck-installation/orillia/,https://seo.goldenmaplelandscaping.ca/pool-deck-installation/orillia/,INDEXABLE,,,Pool Deck Installation in Orillia | Golden Maple Landscaping,Pool Deck Installation in Orillia,"Pool Deck Installation for Orillia homeowners by Golden Maple Landscaping. Starting at $22,000. Call +1-705-790-3838 for a free quote.",534,8,5,https://goldenmaplelandscaping.ca/resources/best-pavers-pool-deck-simcoe-county/,LEXICAL_CANDIDATE,"Automated lexical candidate (token overlap=2): old=['deck', 'installation', 'orillia', 'pool'], candidate=['best', 'county', 'deck', 'pavers', 'pool', 'resources', 'simcoe']. Old on-page claim: title='Pool Deck Installation in Orillia | Golden Maple Landscaping'; H1='Pool Deck Installation in Orillia'. Candidate on-page evidence: title='Pool Deck Pavers Simcoe County | Slip-Rated Guide | Golden Maple Landscaping'; H1='Best Pavers for Pool Decks in Simcoe County: Slip-Rated, Cool-Touch, Freeze-Thaw Tested'. Lexical similarity and sitemap presence are not evidence that the business currently offers the service × municipality combination; owner confirmation required.",NOT_ACCESSIBLE_NO_CREDENTIALS,NOT_ACCESSIBLE_NO_CREDENTIALS,OWNER_CONFIRMATION_REQUIRED,https://goldenmaplelandscaping.ca/resources/best-pavers-pool-deck-simcoe-county/,,Read-only crawl found no authenticated owner/GSC offering decision. Do not implement redirect or 410 until owner validates the offering and target; proposed destination is not executable configuration.,
https://seo.goldenmaplelandscaping.ca/pool-deck-installation/midland/,200,200,https://seo.goldenmaplelandscaping.ca/pool-deck-installation/midland/,https://seo.goldenmaplelandscaping.ca/pool-deck-installation/midland/,INDEXABLE,,,Pool Deck Installation in Midland | Golden Maple Landscaping,Pool Deck Installation in Midland,"Pool Deck Installation for Midland homeowners by Golden Maple Landscaping. Starting at $22,000. Call +1-705-790-3838 for a free quote.",573,8,5,https://goldenmaplelandscaping.ca/resources/best-pavers-pool-deck-simcoe-county/,LEXICAL_CANDIDATE,"Automated lexical candidate (token overlap=2): old=['deck', 'installation', 'midland', 'pool'], candidate=['best', 'county', 'deck', 'pavers', 'pool', 'resources', 'simcoe']. Old on-page claim: title='Pool Deck Installation in Midland | Golden Maple Landscaping'; H1='Pool Deck Installation in Midland'. Candidate on-page evidence: title='Pool Deck Pavers Simcoe County | Slip-Rated Guide | Golden Maple Landscaping'; H1='Best Pavers for Pool Decks in Simcoe County: Slip-Rated, Cool-Touch, Freeze-Thaw Tested'. Lexical similarity and sitemap presence are not evidence that the business currently offers the service × municipality combination; owner confirmation required.",NOT_ACCESSIBLE_NO_CREDENTIALS,NOT_ACCESSIBLE_NO_CREDENTIALS,OWNER_CONFIRMATION_REQUIRED,https://goldenmaplelandscaping.ca/resources/best-pavers-pool-deck-simcoe-county/,,Read-only crawl found no authenticated owner/GSC offering decision. Do not implement redirect or 410 until owner validates the offering and target; proposed destination is not executable configuration.,
https://seo.goldenmaplelandscaping.ca/pool-deck-installation/wasaga-beach/,200,200,https://seo.goldenmaplelandscaping.ca/pool-deck-installation/wasaga-beach/,https://seo.goldenmaplelandscaping.ca/pool-deck-installation/wasaga-beach/,INDEXABLE,,,Pool Deck Installation in Wasaga Beach | Golden Maple Landscaping,Pool Deck Installation in Wasaga Beach,"Pool Deck Installation for Wasaga Beach homeowners by Golden Maple Landscaping. Starting at $22,000. Call +1-705-790-3838 for a free quote.",547,8,5,https://goldenmaplelandscaping.ca/locations/wasaga-beach/,LEXICAL_CANDIDATE,"Automated lexical candidate (token overlap=2): old=['beach', 'deck', 'installation', 'pool', 'wasaga'], candidate=['beach', 'locations', 'wasaga']. Old on-page claim: title='Pool Deck Installation in Wasaga Beach | Golden Maple Landscaping'; H1='Pool Deck Installation in Wasaga Beach'. Candidate on-page evidence: title='Premium Landscaping in Wasaga Beach, Ontario | Golden Maple Landscaping'; H1='Premium landscaping | in | Wasaga Beach | .'. Lexical similarity and sitemap presence are not evidence that the business currently offers the service × municipality combination; owner confirmation required.",NOT_ACCESSIBLE_NO_CREDENTIALS,NOT_ACCESSIBLE_NO_CREDENTIALS,OWNER_CONFIRMATION_REQUIRED,https://goldenmaplelandscaping.ca/locations/wasaga-beach/,,Read-only crawl found no authenticated owner/GSC offering decision. Do not implement redirect or 410 until owner validates the offering and target; proposed destination is not executable configuration.,
https://seo.goldenmaplelandscaping.ca/pool-deck-installation/collingwood/,200,200,https://seo.goldenmaplelandscaping.ca/pool-deck-installation/collingwood/,https://seo.goldenmaplelandscaping.ca/pool-deck-installation/collingwood/,INDEXABLE,,,Pool Deck Installation in Collingwood | Golden Maple Landscaping,Pool Deck Installation in Collingwood,"Pool Deck Installation for Collingwood homeowners by Golden Maple Landscaping. Starting at $22,000. Call +1-705-790-3838 for a free quote.",670,8,5,https://goldenmaplelandscaping.ca/resources/best-pavers-pool-deck-simcoe-county/,LEXICAL_CANDIDATE,"Automated lexical candidate (token overlap=2): old=['collingwood', 'deck', 'installation', 'pool'], candidate=['best', 'county', 'deck', 'pavers', 'pool', 'resources', 'simcoe']. Old on-page claim: title='Pool Deck Installation in Collingwood | Golden Maple Landscaping'; H1='Pool Deck Installation in Collingwood'. Candidate on-page evidence: title='Pool Deck Pavers Simcoe County | Slip-Rated Guide | Golden Maple Landscaping'; H1='Best Pavers for Pool Decks in Simcoe County: Slip-Rated, Cool-Touch, Freeze-Thaw Tested'. Lexical similarity and sitemap presence are not evidence that the business currently offers the service × municipality combination; owner confirmation required.",NOT_ACCESSIBLE_NO_CREDENTIALS,NOT_ACCESSIBLE_NO_CREDENTIALS,OWNER_CONFIRMATION_REQUIRED,https://goldenmaplelandscaping.ca/resources/best-pavers-pool-deck-simcoe-county/,,Read-only crawl found no authenticated owner/GSC offering decision. Do not implement redirect or 410 until owner validates the offering and target; proposed destination is not executable configuration.,
https://seo.goldenmaplelandscaping.ca/pool-deck-installation/alliston/,200,200,https://seo.goldenmaplelandscaping.ca/pool-deck-installation/alliston/,https://seo.goldenmaplelandscaping.ca/pool-deck-installation/alliston/,INDEXABLE,,,Pool Deck Installation in Alliston | Golden Maple Landscaping,Pool Deck Installation in Alliston,"Pool Deck Installation for Alliston homeowners by Golden Maple Landscaping. Starting at $22,000. Call +1-705-790-3838 for a free quote.",604,8,5,https://goldenmaplelandscaping.ca/resources/best-pavers-pool-deck-simcoe-county/,LEXICAL_CANDIDATE,"Automated lexical candidate (token overlap=2): old=['alliston', 'deck', 'installation', 'pool'], candidate=['best', 'county', 'deck', 'pavers', 'pool', 'resources', 'simcoe']. Old on-page claim: title='Pool Deck Installation in Alliston | Golden Maple Landscaping'; H1='Pool Deck Installation in Alliston'. Candidate on-page evidence: title='Pool Deck Pavers Simcoe County | Slip-Rated Guide | Golden Maple Landscaping'; H1='Best Pavers for Pool Decks in Simcoe County: Slip-Rated, Cool-Touch, Freeze-Thaw Tested'. Lexical similarity and sitemap presence are not evidence that the business currently offers the service × municipality combination; owner confirmation required.",NOT_ACCESSIBLE_NO_CREDENTIALS,NOT_ACCESSIBLE_NO_CREDENTIALS,OWNER_CONFIRMATION_REQUIRED,https://goldenmaplelandscaping.ca/resources/best-pavers-pool-deck-simcoe-county/,,Read-only crawl found no authenticated owner/GSC offering decision. Do not implement redirect or 410 until owner validates the offering and target; proposed destination is not executable configuration.,
https://seo.goldenmaplelandscaping.ca/pool-deck-installation/angus/,200,200,https://seo.goldenmaplelandscaping.ca/pool-deck-installation/angus/,https://seo.goldenmaplelandscaping.ca/pool-deck-installation/angus/,INDEXABLE,,,Pool Deck Installation in Angus | Golden Maple Landscaping,Pool Deck Installation in Angus,"Pool Deck Installation for Angus homeowners by Golden Maple Landscaping. Starting at $22,000. Call +1-705-790-3838 for a free quote.",576,8,5,https://goldenmaplelandscaping.ca/resources/best-pavers-pool-deck-simcoe-county/,LEXICAL_CANDIDATE,"Automated lexical candidate (token overlap=2): old=['angus', 'deck', 'installation', 'pool'], candidate=['best', 'county', 'deck', 'pavers', 'pool', 'resources', 'simcoe']. Old on-page claim: title='Pool Deck Installation in Angus | Golden Maple Landscaping'; H1='Pool Deck Installation in Angus'. Candidate on-page evidence: title='Pool Deck Pavers Simcoe County | Slip-Rated Guide | Golden Maple Landscaping'; H1='Best Pavers for Pool Decks in Simcoe County: Slip-Rated, Cool-Touch, Freeze-Thaw Tested'. Lexical similarity and sitemap presence are not evidence that the business currently offers the service × municipality combination; owner confirmation required.",NOT_ACCESSIBLE_NO_CREDENTIALS,NOT_ACCESSIBLE_NO_CREDENTIALS,OWNER_CONFIRMATION_REQUIRED,https://goldenmaplelandscaping.ca/resources/best-pavers-pool-deck-simcoe-county/,,Read-only crawl found no authenticated owner/GSC offering decision. Do not implement redirect or 410 until owner validates the offering and target; proposed destination is not executable configuration.,
https://seo.goldenmaplelandscaping.ca/pool-deck-installation/oro-station/,200,200,https://seo.goldenmaplelandscaping.ca/pool-deck-installation/oro-station/,https://seo.goldenmaplelandscaping.ca/pool-deck-installation/oro-station/,INDEXABLE,,,Pool Deck Installation in Oro-Medonte | Golden Maple Landscaping,Pool Deck Installation in Oro-Medonte,"Pool Deck Installation for Oro-Medonte homeowners by Golden Maple Landscaping. Starting at $22,000. Call +1-705-790-3838 for a free quote.",610,8,5,https://goldenmaplelandscaping.ca/resources/best-pavers-pool-deck-simcoe-county/,LEXICAL_CANDIDATE,"Automated lexical candidate (token overlap=2): old=['deck', 'installation', 'oro', 'pool', 'station'], candidate=['best', 'county', 'deck', 'pavers', 'pool', 'resources', 'simcoe']. Old on-page claim: title='Pool Deck Installation in Oro-Medonte | Golden Maple Landscaping'; H1='Pool Deck Installation in Oro-Medonte'. Candidate on-page evidence: title='Pool Deck Pavers Simcoe County | Slip-Rated Guide | Golden Maple Landscaping'; H1='Best Pavers for Pool Decks in Simcoe County: Slip-Rated, Cool-Touch, Freeze-Thaw Tested'. Lexical similarity and sitemap presence are not evidence that the business currently offers the service × municipality combination; owner confirmation required.",NOT_ACCESSIBLE_NO_CREDENTIALS,NOT_ACCESSIBLE_NO_CREDENTIALS,OWNER_CONFIRMATION_REQUIRED,https://goldenmaplelandscaping.ca/resources/best-pavers-pool-deck-simcoe-county/,,Read-only crawl found no authenticated owner/GSC offering decision. Do not implement redirect or 410 until owner validates the offering and target; proposed destination is not executable configuration.,
https://seo.goldenmaplelandscaping.ca/outdoor-kitchen-construction/barrie/,200,200,https://seo.goldenmaplelandscaping.ca/outdoor-kitchen-construction/barrie/,https://seo.goldenmaplelandscaping.ca/outdoor-kitchen-construction/barrie/,INDEXABLE,,,Outdoor Kitchen Construction in Barrie | Golden Maple Landscaping,Outdoor Kitchen Construction in Barrie,"Outdoor Kitchen Construction for Barrie homeowners by Golden Maple Landscaping. Starting at $28,000. Call +1-705-790-3838 for a free quote.",570,8,16,https://goldenmaplelandscaping.ca/resources/outdoor-kitchen-planning-guide/,LEXICAL_CANDIDATE,"Automated lexical candidate (token overlap=2): old=['barrie', 'construction', 'kitchen', 'outdoor'], candidate=['guide', 'kitchen', 'outdoor', 'planning', 'resources']. Old on-page claim: title='Outdoor Kitchen Construction in Barrie | Golden Maple Landscaping'; H1='Outdoor Kitchen Construction in Barrie'. Candidate on-page evidence: title='Outdoor Kitchen Planning Guide Ontario | Gas, Materials & Layout | Golden Maple | Golden Maple Landscaping'; H1='Planning an Outdoor Kitchen in Ontario: What You Need to Know'. Lexical similarity and sitemap presence are not evidence that the business currently offers the service × municipality combination; owner confirmation required.",NOT_ACCESSIBLE_NO_CREDENTIALS,NOT_ACCESSIBLE_NO_CREDENTIALS,OWNER_CONFIRMATION_REQUIRED,https://goldenmaplelandscaping.ca/resources/outdoor-kitchen-planning-guide/,,Read-only crawl found no authenticated owner/GSC offering decision. Do not implement redirect or 410 until owner validates the offering and target; proposed destination is not executable configuration.,
https://seo.goldenmaplelandscaping.ca/outdoor-kitchen-construction/innisfil/,200,200,https://seo.goldenmaplelandscaping.ca/outdoor-kitchen-construction/innisfil/,https://seo.goldenmaplelandscaping.ca/outdoor-kitchen-construction/innisfil/,INDEXABLE,,,Outdoor Kitchen Construction in Innisfil | Golden Maple Landscaping,Outdoor Kitchen Construction in Innisfil,"Outdoor Kitchen Construction for Innisfil homeowners by Golden Maple Landscaping. Starting at $28,000. Call +1-705-790-3838 for a free quote.",621,8,16,https://goldenmaplelandscaping.ca/resources/outdoor-kitchen-planning-guide/,LEXICAL_CANDIDATE,"Automated lexical candidate (token overlap=2): old=['construction', 'innisfil', 'kitchen', 'outdoor'], candidate=['guide', 'kitchen', 'outdoor', 'planning', 'resources']. Old on-page claim: title='Outdoor Kitchen Construction in Innisfil | Golden Maple Landscaping'; H1='Outdoor Kitchen Construction in Innisfil'. Candidate on-page evidence: title='Outdoor Kitchen Planning Guide Ontario | Gas, Materials & Layout | Golden Maple | Golden Maple Landscaping'; H1='Planning an Outdoor Kitchen in Ontario: What You Need to Know'. Lexical similarity and sitemap presence are not evidence that the business currently offers the service × municipality combination; owner confirmation required.",NOT_ACCESSIBLE_NO_CREDENTIALS,NOT_ACCESSIBLE_NO_CREDENTIALS,OWNER_CONFIRMATION_REQUIRED,https://goldenmaplelandscaping.ca/resources/outdoor-kitchen-planning-guide/,,Read-only crawl found no authenticated owner/GSC offering decision. Do not implement redirect or 410 until owner validates the offering and target; proposed destination is not executable configuration.,
https://seo.goldenmaplelandscaping.ca/outdoor-kitchen-construction/bradford/,200,200,https://seo.goldenmaplelandscaping.ca/outdoor-kitchen-construction/bradford/,https://seo.goldenmaplelandscaping.ca/outdoor-kitchen-construction/bradford/,INDEXABLE,,,Outdoor Kitchen Construction in Bradford | Golden Maple Landscaping,Outdoor Kitchen Construction in Bradford,"Outdoor Kitchen Construction for Bradford homeowners by Golden Maple Landscaping. Starting at $28,000. Call +1-705-790-3838 for a free quote.",621,8,16,https://goldenmaplelandscaping.ca/resources/outdoor-kitchen-planning-guide/,LEXICAL_CANDIDATE,"Automated lexical candidate (token overlap=2): old=['bradford', 'construction', 'kitchen', 'outdoor'], candidate=['guide', 'kitchen', 'outdoor', 'planning', 'resources']. Old on-page claim: title='Outdoor Kitchen Construction in Bradford | Golden Maple Landscaping'; H1='Outdoor Kitchen Construction in Bradford'. Candidate on-page evidence: title='Outdoor Kitchen Planning Guide Ontario | Gas, Materials & Layout | Golden Maple | Golden Maple Landscaping'; H1='Planning an Outdoor Kitchen in Ontario: What You Need to Know'. Lexical similarity and sitemap presence are not evidence that the business currently offers the service × municipality combination; owner confirmation required.",NOT_ACCESSIBLE_NO_CREDENTIALS,NOT_ACCESSIBLE_NO_CREDENTIALS,OWNER_CONFIRMATION_REQUIRED,https://goldenmaplelandscaping.ca/resources/outdoor-kitchen-planning-guide/,,Read-only crawl found no authenticated owner/GSC offering decision. Do not implement redirect or 410 until owner validates the offering and target; proposed destination is not executable configuration.,
https://seo.goldenmaplelandscaping.ca/outdoor-kitchen-construction/newmarket/,200,200,https://seo.goldenmaplelandscaping.ca/outdoor-kitchen-construction/newmarket/,https://seo.goldenmaplelandscaping.ca/outdoor-kitchen-construction/newmarket/,INDEXABLE,,,Outdoor Kitchen Construction in Newmarket | Golden Maple Landscaping,Outdoor Kitchen Construction in Newmarket,"Outdoor Kitchen Construction for Newmarket homeowners by Golden Maple Landscaping. Starting at $28,000. Call +1-705-790-3838 for a free quote.",582,8,5,https://goldenmaplelandscaping.ca/resources/outdoor-kitchen-planning-guide/,LEXICAL_CANDIDATE,"Automated lexical candidate (token overlap=2): old=['construction', 'kitchen', 'newmarket', 'outdoor'], candidate=['guide', 'kitchen', 'outdoor', 'planning', 'resources']. Old on-page claim: title='Outdoor Kitchen Construction in Newmarket | Golden Maple Landscaping'; H1='Outdoor Kitchen Construction in Newmarket'. Candidate on-page evidence: title='Outdoor Kitchen Planning Guide Ontario | Gas, Materials & Layout | Golden Maple | Golden Maple Landscaping'; H1='Planning an Outdoor Kitchen in Ontario: What You Need to Know'. Lexical similarity and sitemap presence are not evidence that the business currently offers the service × municipality combination; owner confirmation required.",NOT_ACCESSIBLE_NO_CREDENTIALS,NOT_ACCESSIBLE_NO_CREDENTIALS,OWNER_CONFIRMATION_REQUIRED,https://goldenmaplelandscaping.ca/resources/outdoor-kitchen-planning-guide/,,Read-only crawl found no authenticated owner/GSC offering decision. Do not implement redirect or 410 until owner validates the offering and target; proposed destination is not executable configuration.,
https://seo.goldenmaplelandscaping.ca/outdoor-kitchen-construction/aurora/,200,200,https://seo.goldenmaplelandscaping.ca/outdoor-kitchen-construction/aurora/,https://seo.goldenmaplelandscaping.ca/outdoor-kitchen-construction/aurora/,INDEXABLE,,,Outdoor Kitchen Construction in Aurora | Golden Maple Landscaping,Outdoor Kitchen Construction in Aurora,"Outdoor Kitchen Construction for Aurora homeowners by Golden Maple Landscaping. Starting at $28,000. Call +1-705-790-3838 for a free quote.",587,8,2,https://goldenmaplelandscaping.ca/resources/outdoor-kitchen-planning-guide/,LEXICAL_CANDIDATE,"Automated lexical candidate (token overlap=2): old=['aurora', 'construction', 'kitchen', 'outdoor'], candidate=['guide', 'kitchen', 'outdoor', 'planning', 'resources']. Old on-page claim: title='Outdoor Kitchen Construction in Aurora | Golden Maple Landscaping'; H1='Outdoor Kitchen Construction in Aurora'. Candidate on-page evidence: title='Outdoor Kitchen Planning Guide Ontario | Gas, Materials & Layout | Golden Maple | Golden Maple Landscaping'; H1='Planning an Outdoor Kitchen in Ontario: What You Need to Know'. Lexical similarity and sitemap presence are not evidence that the business currently offers the service × municipality combination; owner confirmation required.",NOT_ACCESSIBLE_NO_CREDENTIALS,NOT_ACCESSIBLE_NO_CREDENTIALS,OWNER_CONFIRMATION_REQUIRED,https://goldenmaplelandscaping.ca/resources/outdoor-kitchen-planning-guide/,,Read-only crawl found no authenticated owner/GSC offering decision. Do not implement redirect or 410 until owner validates the offering and target; proposed destination is not executable configuration.,
https://seo.goldenmaplelandscaping.ca/outdoor-kitchen-construction/richmond-hill/,200,200,https://seo.goldenmaplelandscaping.ca/outdoor-kitchen-construction/richmond-hill/,https://seo.goldenmaplelandscaping.ca/outdoor-kitchen-construction/richmond-hill/,INDEXABLE,,,Outdoor Kitchen Construction in Richmond Hill | Golden Maple Landscaping,Outdoor Kitchen Construction in Richmond Hill,"Outdoor Kitchen Construction for Richmond Hill homeowners by Golden Maple Landscaping. Starting at $28,000. Call +1-705-790-3838 for a free quote.",629,8,2,https://goldenmaplelandscaping.ca/resources/outdoor-kitchen-planning-guide/,LEXICAL_CANDIDATE,"Automated lexical candidate (token overlap=2): old=['construction', 'hill', 'kitchen', 'outdoor', 'richmond'], candidate=['guide', 'kitchen', 'outdoor', 'planning', 'resources']. Old on-page claim: title='Outdoor Kitchen Construction in Richmond Hill | Golden Maple Landscaping'; H1='Outdoor Kitchen Construction in Richmond Hill'. Candidate on-page evidence: title='Outdoor Kitchen Planning Guide Ontario | Gas, Materials & Layout | Golden Maple | Golden Maple Landscaping'; H1='Planning an Outdoor Kitchen in Ontario: What You Need to Know'. Lexical similarity and sitemap presence are not evidence that the business currently offers the service × municipality combination; owner confirmation required.",NOT_ACCESSIBLE_NO_CREDENTIALS,NOT_ACCESSIBLE_NO_CREDENTIALS,OWNER_CONFIRMATION_REQUIRED,https://goldenmaplelandscaping.ca/resources/outdoor-kitchen-planning-guide/,,Read-only crawl found no authenticated owner/GSC offering decision. Do not implement redirect or 410 until owner validates the offering and target; proposed destination is not executable configuration.,
https://seo.goldenmaplelandscaping.ca/outdoor-kitchen-construction/vaughan/,200,200,https://seo.goldenmaplelandscaping.ca/outdoor-kitchen-construction/vaughan/,https://seo.goldenmaplelandscaping.ca/outdoor-kitchen-construction/vaughan/,INDEXABLE,,,Outdoor Kitchen Construction in Vaughan | Golden Maple Landscaping,Outdoor Kitchen Construction in Vaughan,"Outdoor Kitchen Construction for Vaughan homeowners by Golden Maple Landscaping. Starting at $28,000. Call +1-705-790-3838 for a free quote.",675,8,2,https://goldenmaplelandscaping.ca/resources/outdoor-kitchen-planning-guide/,LEXICAL_CANDIDATE,"Automated lexical candidate (token overlap=2): old=['construction', 'kitchen', 'outdoor', 'vaughan'], candidate=['guide', 'kitchen', 'outdoor', 'planning', 'resources']. Old on-page claim: title='Outdoor Kitchen Construction in Vaughan | Golden Maple Landscaping'; H1='Outdoor Kitchen Construction in Vaughan'. Candidate on-page evidence: title='Outdoor Kitchen Planning Guide Ontario | Gas, Materials & Layout | Golden Maple | Golden Maple Landscaping'; H1='Planning an Outdoor Kitchen in Ontario: What You Need to Know'. Lexical similarity and sitemap presence are not evidence that the business currently offers the service × municipality combination; owner confirmation required.",NOT_ACCESSIBLE_NO_CREDENTIALS,NOT_ACCESSIBLE_NO_CREDENTIALS,OWNER_CONFIRMATION_REQUIRED,https://goldenmaplelandscaping.ca/resources/outdoor-kitchen-planning-guide/,,Read-only crawl found no authenticated owner/GSC offering decision. Do not implement redirect or 410 until owner validates the offering and target; proposed destination is not executable configuration.,
https://seo.goldenmaplelandscaping.ca/outdoor-kitchen-construction/king-city/,200,200,https://seo.goldenmaplelandscaping.ca/outdoor-kitchen-construction/king-city/,https://seo.goldenmaplelandscaping.ca/outdoor-kitchen-construction/king-city/,INDEXABLE,,,Outdoor Kitchen Construction in King City | Golden Maple Landscaping,Outdoor Kitchen Construction in King City,"Outdoor Kitchen Construction for King City homeowners by Golden Maple Landscaping. Starting at $28,000. Call +1-705-790-3838 for a free quote.",603,8,2,https://goldenmaplelandscaping.ca/resources/outdoor-kitchen-planning-guide/,LEXICAL_CANDIDATE,"Automated lexical candidate (token overlap=2): old=['city', 'construction', 'king', 'kitchen', 'outdoor'], candidate=['guide', 'kitchen', 'outdoor', 'planning', 'resources']. Old on-page claim: title='Outdoor Kitchen Construction in King City | Golden Maple Landscaping'; H1='Outdoor Kitchen Construction in King City'. Candidate on-page evidence: title='Outdoor Kitchen Planning Guide Ontario | Gas, Materials & Layout | Golden Maple | Golden Maple Landscaping'; H1='Planning an Outdoor Kitchen in Ontario: What You Need to Know'. Lexical similarity and sitemap presence are not evidence that the business currently offers the service × municipality combination; owner confirmation required.",NOT_ACCESSIBLE_NO_CREDENTIALS,NOT_ACCESSIBLE_NO_CREDENTIALS,OWNER_CONFIRMATION_REQUIRED,https://goldenmaplelandscaping.ca/resources/outdoor-kitchen-planning-guide/,,Read-only crawl found no authenticated owner/GSC offering decision. Do not implement redirect or 410 until owner validates the offering and target; proposed destination is not executable configuration.,
https://seo.goldenmaplelandscaping.ca/outdoor-kitchen-construction/orillia/,200,200,https://seo.goldenmaplelandscaping.ca/outdoor-kitchen-construction/orillia/,https://seo.goldenmaplelandscaping.ca/outdoor-kitchen-construction/orillia/,INDEXABLE,,,Outdoor Kitchen Construction in Orillia | Golden Maple Landscaping,Outdoor Kitchen Construction in Orillia,"Outdoor Kitchen Construction for Orillia homeowners by Golden Maple Landscaping. Starting at $28,000. Call +1-705-790-3838 for a free quote.",584,8,2,https://goldenmaplelandscaping.ca/resources/outdoor-kitchen-planning-guide/,LEXICAL_CANDIDATE,"Automated lexical candidate (token overlap=2): old=['construction', 'kitchen', 'orillia', 'outdoor'], candidate=['guide', 'kitchen', 'outdoor', 'planning', 'resources']. Old on-page claim: title='Outdoor Kitchen Construction in Orillia | Golden Maple Landscaping'; H1='Outdoor Kitchen Construction in Orillia'. Candidate on-page evidence: title='Outdoor Kitchen Planning Guide Ontario | Gas, Materials & Layout | Golden Maple | Golden Maple Landscaping'; H1='Planning an Outdoor Kitchen in Ontario: What You Need to Know'. Lexical similarity and sitemap presence are not evidence that the business currently offers the service × municipality combination; owner confirmation required.",NOT_ACCESSIBLE_NO_CREDENTIALS,NOT_ACCESSIBLE_NO_CREDENTIALS,OWNER_CONFIRMATION_REQUIRED,https://goldenmaplelandscaping.ca/resources/outdoor-kitchen-planning-guide/,,Read-only crawl found no authenticated owner/GSC offering decision. Do not implement redirect or 410 until owner validates the offering and target; proposed destination is not executable configuration.,
https://seo.goldenmaplelandscaping.ca/outdoor-kitchen-construction/midland/,200,200,https://seo.goldenmaplelandscaping.ca/outdoor-kitchen-construction/midland/,https://seo.goldenmaplelandscaping.ca/outdoor-kitchen-construction/midland/,INDEXABLE,,,Outdoor Kitchen Construction in Midland | Golden Maple Landscaping,Outdoor Kitchen Construction in Midland,"Outdoor Kitchen Construction for Midland homeowners by Golden Maple Landscaping. Starting at $28,000. Call +1-705-790-3838 for a free quote.",640,8,2,https://goldenmaplelandscaping.ca/resources/outdoor-kitchen-planning-guide/,LEXICAL_CANDIDATE,"Automated lexical candidate (token overlap=2): old=['construction', 'kitchen', 'midland', 'outdoor'], candidate=['guide', 'kitchen', 'outdoor', 'planning', 'resources']. Old on-page claim: title='Outdoor Kitchen Construction in Midland | Golden Maple Landscaping'; H1='Outdoor Kitchen Construction in Midland'. Candidate on-page evidence: title='Outdoor Kitchen Planning Guide Ontario | Gas, Materials & Layout | Golden Maple | Golden Maple Landscaping'; H1='Planning an Outdoor Kitchen in Ontario: What You Need to Know'. Lexical similarity and sitemap presence are not evidence that the business currently offers the service × municipality combination; owner confirmation required.",NOT_ACCESSIBLE_NO_CREDENTIALS,NOT_ACCESSIBLE_NO_CREDENTIALS,OWNER_CONFIRMATION_REQUIRED,https://goldenmaplelandscaping.ca/resources/outdoor-kitchen-planning-guide/,,Read-only crawl found no authenticated owner/GSC offering decision. Do not implement redirect or 410 until owner validates the offering and target; proposed destination is not executable configuration.,
https://seo.goldenmaplelandscaping.ca/outdoor-kitchen-construction/wasaga-beach/,200,200,https://seo.goldenmaplelandscaping.ca/outdoor-kitchen-construction/wasaga-beach/,https://seo.goldenmaplelandscaping.ca/outdoor-kitchen-construction/wasaga-beach/,INDEXABLE,,,Outdoor Kitchen Construction in Wasaga Beach | Golden Maple Landscaping,Outdoor Kitchen Construction in Wasaga Beach,"Outdoor Kitchen Construction for Wasaga Beach homeowners by Golden Maple Landscaping. Starting at $28,000. Call +1-705-790-3838 for a free quote.",643,8,2,https://goldenmaplelandscaping.ca/locations/wasaga-beach/,LEXICAL_CANDIDATE,"Automated lexical candidate (token overlap=2): old=['beach', 'construction', 'kitchen', 'outdoor', 'wasaga'], candidate=['beach', 'locations', 'wasaga']. Old on-page claim: title='Outdoor Kitchen Construction in Wasaga Beach | Golden Maple Landscaping'; H1='Outdoor Kitchen Construction in Wasaga Beach'. Candidate on-page evidence: title='Premium Landscaping in Wasaga Beach, Ontario | Golden Maple Landscaping'; H1='Premium landscaping | in | Wasaga Beach | .'. Lexical similarity and sitemap presence are not evidence that the business currently offers the service × municipality combination; owner confirmation required.",NOT_ACCESSIBLE_NO_CREDENTIALS,NOT_ACCESSIBLE_NO_CREDENTIALS,OWNER_CONFIRMATION_REQUIRED,https://goldenmaplelandscaping.ca/locations/wasaga-beach/,,Read-only crawl found no authenticated owner/GSC offering decision. Do not implement redirect or 410 until owner validates the offering and target; proposed destination is not executable configuration.,
https://seo.goldenmaplelandscaping.ca/outdoor-kitchen-construction/collingwood/,200,200,https://seo.goldenmaplelandscaping.ca/outdoor-kitchen-construction/collingwood/,https://seo.goldenmaplelandscaping.ca/outdoor-kitchen-construction/collingwood/,INDEXABLE,,,Outdoor Kitchen Construction in Collingwood | Golden Maple Landscaping,Outdoor Kitchen Construction in Collingwood,"Outdoor Kitchen Construction for Collingwood homeowners by Golden Maple Landscaping. Starting at $28,000. Call +1-705-790-3838 for a free quote.",637,8,2,https://goldenmaplelandscaping.ca/resources/outdoor-kitchen-planning-guide/,LEXICAL_CANDIDATE,"Automated lexical candidate (token overlap=2): old=['collingwood', 'construction', 'kitchen', 'outdoor'], candidate=['guide', 'kitchen', 'outdoor', 'planning', 'resources']. Old on-page claim: title='Outdoor Kitchen Construction in Collingwood | Golden Maple Landscaping'; H1='Outdoor Kitchen Construction in Collingwood'. Candidate on-page evidence: title='Outdoor Kitchen Planning Guide Ontario | Gas, Materials & Layout | Golden Maple | Golden Maple Landscaping'; H1='Planning an Outdoor Kitchen in Ontario: What You Need to Know'. Lexical similarity and sitemap presence are not evidence that the business currently offers the service × municipality combination; owner confirmation required.",NOT_ACCESSIBLE_NO_CREDENTIALS,NOT_ACCESSIBLE_NO_CREDENTIALS,OWNER_CONFIRMATION_REQUIRED,https://goldenmaplelandscaping.ca/resources/outdoor-kitchen-planning-guide/,,Read-only crawl found no authenticated owner/GSC offering decision. Do not implement redirect or 410 until owner validates the offering and target; proposed destination is not executable configuration.,
https://seo.goldenmaplelandscaping.ca/outdoor-kitchen-construction/alliston/,200,200,https://seo.goldenmaplelandscaping.ca/outdoor-kitchen-construction/alliston/,https://seo.goldenmaplelandscaping.ca/outdoor-kitchen-construction/alliston/,INDEXABLE,,,Outdoor Kitchen Construction in Alliston | Golden Maple Landscaping,Outdoor Kitchen Construction in Alliston,"Outdoor Kitchen Construction for Alliston homeowners by Golden Maple Landscaping. Starting at $28,000. Call +1-705-790-3838 for a free quote.",626,8,2,https://goldenmaplelandscaping.ca/resources/outdoor-kitchen-planning-guide/,LEXICAL_CANDIDATE,"Automated lexical candidate (token overlap=2): old=['alliston', 'construction', 'kitchen', 'outdoor'], candidate=['guide', 'kitchen', 'outdoor', 'planning', 'resources']. Old on-page claim: title='Outdoor Kitchen Construction in Alliston | Golden Maple Landscaping'; H1='Outdoor Kitchen Construction in Alliston'. Candidate on-page evidence: title='Outdoor Kitchen Planning Guide Ontario | Gas, Materials & Layout | Golden Maple | Golden Maple Landscaping'; H1='Planning an Outdoor Kitchen in Ontario: What You Need to Know'. Lexical similarity and sitemap presence are not evidence that the business currently offers the service × municipality combination; owner confirmation required.",NOT_ACCESSIBLE_NO_CREDENTIALS,NOT_ACCESSIBLE_NO_CREDENTIALS,OWNER_CONFIRMATION_REQUIRED,https://goldenmaplelandscaping.ca/resources/outdoor-kitchen-planning-guide/,,Read-only crawl found no authenticated owner/GSC offering decision. Do not implement redirect or 410 until owner validates the offering and target; proposed destination is not executable configuration.,
https://seo.goldenmaplelandscaping.ca/outdoor-kitchen-construction/angus/,200,200,https://seo.goldenmaplelandscaping.ca/outdoor-kitchen-construction/angus/,https://seo.goldenmaplelandscaping.ca/outdoor-kitchen-construction/angus/,INDEXABLE,,,Outdoor Kitchen Construction in Angus | Golden Maple Landscaping,Outdoor Kitchen Construction in Angus,"Outdoor Kitchen Construction for Angus homeowners by Golden Maple Landscaping. Starting at $28,000. Call +1-705-790-3838 for a free quote.",575,8,2,https://goldenmaplelandscaping.ca/resources/outdoor-kitchen-planning-guide/,LEXICAL_CANDIDATE,"Automated lexical candidate (token overlap=2): old=['angus', 'construction', 'kitchen', 'outdoor'], candidate=['guide', 'kitchen', 'outdoor', 'planning', 'resources']. Old on-page claim: title='Outdoor Kitchen Construction in Angus | Golden Maple Landscaping'; H1='Outdoor Kitchen Construction in Angus'. Candidate on-page evidence: title='Outdoor Kitchen Planning Guide Ontario | Gas, Materials & Layout | Golden Maple | Golden Maple Landscaping'; H1='Planning an Outdoor Kitchen in Ontario: What You Need to Know'. Lexical similarity and sitemap presence are not evidence that the business currently offers the service × municipality combination; owner confirmation required.",NOT_ACCESSIBLE_NO_CREDENTIALS,NOT_ACCESSIBLE_NO_CREDENTIALS,OWNER_CONFIRMATION_REQUIRED,https://goldenmaplelandscaping.ca/resources/outdoor-kitchen-planning-guide/,,Read-only crawl found no authenticated owner/GSC offering decision. Do not implement redirect or 410 until owner validates the offering and target; proposed destination is not executable configuration.,
https://seo.goldenmaplelandscaping.ca/outdoor-kitchen-construction/oro-station/,200,200,https://seo.goldenmaplelandscaping.ca/outdoor-kitchen-construction/oro-station/,https://seo.goldenmaplelandscaping.ca/outdoor-kitchen-construction/oro-station/,INDEXABLE,,,Outdoor Kitchen Construction in Oro-Medonte | Golden Maple Landscaping,Outdoor Kitchen Construction in Oro-Medonte,"Outdoor Kitchen Construction for Oro-Medonte homeowners by Golden Maple Landscaping. Starting at $28,000. Call +1-705-790-3838 for a free quote.",630,8,2,https://goldenmaplelandscaping.ca/resources/outdoor-kitchen-planning-guide/,LEXICAL_CANDIDATE,"Automated lexical candidate (token overlap=2): old=['construction', 'kitchen', 'oro', 'outdoor', 'station'], candidate=['guide', 'kitchen', 'outdoor', 'planning', 'resources']. Old on-page claim: title='Outdoor Kitchen Construction in Oro-Medonte | Golden Maple Landscaping'; H1='Outdoor Kitchen Construction in Oro-Medonte'. Candidate on-page evidence: title='Outdoor Kitchen Planning Guide Ontario | Gas, Materials & Layout | Golden Maple | Golden Maple Landscaping'; H1='Planning an Outdoor Kitchen in Ontario: What You Need to Know'. Lexical similarity and sitemap presence are not evidence that the business currently offers the service × municipality combination; owner confirmation required.",NOT_ACCESSIBLE_NO_CREDENTIALS,NOT_ACCESSIBLE_NO_CREDENTIALS,OWNER_CONFIRMATION_REQUIRED,https://goldenmaplelandscaping.ca/resources/outdoor-kitchen-planning-guide/,,Read-only crawl found no authenticated owner/GSC offering decision. Do not implement redirect or 410 until owner validates the offering and target; proposed destination is not executable configuration.,
https://seo.goldenmaplelandscaping.ca/fire-pit-installation/barrie/,200,200,https://seo.goldenmaplelandscaping.ca/fire-pit-installation/barrie/,https://seo.goldenmaplelandscaping.ca/fire-pit-installation/barrie/,INDEXABLE,,,Fire Pit Installation in Barrie | Golden Maple Landscaping,Fire Pit Installation in Barrie,"Fire Pit Installation for Barrie homeowners by Golden Maple Landscaping. Starting at $3,500. Call +1-705-790-3838 for a free quote.",610,8,16,https://goldenmaplelandscaping.ca/resources/fire-pit-cost-barrie-with-permits,LEXICAL_CANDIDATE,"Automated lexical candidate (token overlap=3): old=['barrie', 'fire', 'installation', 'pit'], candidate=['barrie', 'cost', 'fire', 'permits', 'pit', 'resources']. Old on-page claim: title='Fire Pit Installation in Barrie | Golden Maple Landscaping'; H1='Fire Pit Installation in Barrie'. Candidate on-page evidence: title='Fire Pit Cost Barrie 2026 — Permits & Real Pricing | Golden Maple Landscaping'; H1=""Fire Pit Cost in Barrie: What You'll Pay in 2026 (With Permits)"". Lexical similarity and sitemap presence are not evidence that the business currently offers the service × municipality combination; owner confirmation required.",NOT_ACCESSIBLE_NO_CREDENTIALS,NOT_ACCESSIBLE_NO_CREDENTIALS,OWNER_CONFIRMATION_REQUIRED,https://goldenmaplelandscaping.ca/resources/fire-pit-cost-barrie-with-permits,,Read-only crawl found no authenticated owner/GSC offering decision. Do not implement redirect or 410 until owner validates the offering and target; proposed destination is not executable configuration.,
https://seo.goldenmaplelandscaping.ca/fire-pit-installation/innisfil/,200,200,https://seo.goldenmaplelandscaping.ca/fire-pit-installation/innisfil/,https://seo.goldenmaplelandscaping.ca/fire-pit-installation/innisfil/,INDEXABLE,,,Fire Pit Installation in Innisfil | Golden Maple Landscaping,Fire Pit Installation in Innisfil,"Fire Pit Installation for Innisfil homeowners by Golden Maple Landscaping. Starting at $3,500. Call +1-705-790-3838 for a free quote.",593,8,16,https://goldenmaplelandscaping.ca/resources/fire-pit-cost-barrie-with-permits,LEXICAL_CANDIDATE,"Automated lexical candidate (token overlap=2): old=['fire', 'innisfil', 'installation', 'pit'], candidate=['barrie', 'cost', 'fire', 'permits', 'pit', 'resources']. Old on-page claim: title='Fire Pit Installation in Innisfil | Golden Maple Landscaping'; H1='Fire Pit Installation in Innisfil'. Candidate on-page evidence: title='Fire Pit Cost Barrie 2026 — Permits & Real Pricing | Golden Maple Landscaping'; H1=""Fire Pit Cost in Barrie: What You'll Pay in 2026 (With Permits)"". Lexical similarity and sitemap presence are not evidence that the business currently offers the service × municipality combination; owner confirmation required.",NOT_ACCESSIBLE_NO_CREDENTIALS,NOT_ACCESSIBLE_NO_CREDENTIALS,OWNER_CONFIRMATION_REQUIRED,https://goldenmaplelandscaping.ca/resources/fire-pit-cost-barrie-with-permits,,Read-only crawl found no authenticated owner/GSC offering decision. Do not implement redirect or 410 until owner validates the offering and target; proposed destination is not executable configuration.,
https://seo.goldenmaplelandscaping.ca/fire-pit-installation/bradford/,200,200,https://seo.goldenmaplelandscaping.ca/fire-pit-installation/bradford/,https://seo.goldenmaplelandscaping.ca/fire-pit-installation/bradford/,INDEXABLE,,,Fire Pit Installation in Bradford | Golden Maple Landscaping,Fire Pit Installation in Bradford,"Fire Pit Installation for Bradford homeowners by Golden Maple Landscaping. Starting at $3,500. Call +1-705-790-3838 for a free quote.",585,8,16,https://goldenmaplelandscaping.ca/resources/fire-pit-cost-barrie-with-permits,LEXICAL_CANDIDATE,"Automated lexical candidate (token overlap=2): old=['bradford', 'fire', 'installation', 'pit'], candidate=['barrie', 'cost', 'fire', 'permits', 'pit', 'resources']. Old on-page claim: title='Fire Pit Installation in Bradford | Golden Maple Landscaping'; H1='Fire Pit Installation in Bradford'. Candidate on-page evidence: title='Fire Pit Cost Barrie 2026 — Permits & Real Pricing | Golden Maple Landscaping'; H1=""Fire Pit Cost in Barrie: What You'll Pay in 2026 (With Permits)"". Lexical similarity and sitemap presence are not evidence that the business currently offers the service × municipality combination; owner confirmation required.",NOT_ACCESSIBLE_NO_CREDENTIALS,NOT_ACCESSIBLE_NO_CREDENTIALS,OWNER_CONFIRMATION_REQUIRED,https://goldenmaplelandscaping.ca/resources/fire-pit-cost-barrie-with-permits,,Read-only crawl found no authenticated owner/GSC offering decision. Do not implement redirect or 410 until owner validates the offering and target; proposed destination is not executable configuration.,
https://seo.goldenmaplelandscaping.ca/fire-pit-installation/newmarket/,200,200,https://seo.goldenmaplelandscaping.ca/fire-pit-installation/newmarket/,https://seo.goldenmaplelandscaping.ca/fire-pit-installation/newmarket/,INDEXABLE,,,Fire Pit Installation in Newmarket | Golden Maple Landscaping,Fire Pit Installation in Newmarket,"Fire Pit Installation for Newmarket homeowners by Golden Maple Landscaping. Starting at $3,500. Call +1-705-790-3838 for a free quote.",587,8,5,https://goldenmaplelandscaping.ca/resources/fire-pit-cost-barrie-with-permits,LEXICAL_CANDIDATE,"Automated lexical candidate (token overlap=2): old=['fire', 'installation', 'newmarket', 'pit'], candidate=['barrie', 'cost', 'fire', 'permits', 'pit', 'resources']. Old on-page claim: title='Fire Pit Installation in Newmarket | Golden Maple Landscaping'; H1='Fire Pit Installation in Newmarket'. Candidate on-page evidence: title='Fire Pit Cost Barrie 2026 — Permits & Real Pricing | Golden Maple Landscaping'; H1=""Fire Pit Cost in Barrie: What You'll Pay in 2026 (With Permits)"". Lexical similarity and sitemap presence are not evidence that the business currently offers the service × municipality combination; owner confirmation required.",NOT_ACCESSIBLE_NO_CREDENTIALS,NOT_ACCESSIBLE_NO_CREDENTIALS,OWNER_CONFIRMATION_REQUIRED,https://goldenmaplelandscaping.ca/resources/fire-pit-cost-barrie-with-permits,,Read-only crawl found no authenticated owner/GSC offering decision. Do not implement redirect or 410 until owner validates the offering and target; proposed destination is not executable configuration.,
https://seo.goldenmaplelandscaping.ca/fire-pit-installation/aurora/,200,200,https://seo.goldenmaplelandscaping.ca/fire-pit-installation/aurora/,https://seo.goldenmaplelandscaping.ca/fire-pit-installation/aurora/,INDEXABLE,,,Fire Pit Installation in Aurora | Golden Maple Landscaping,Fire Pit Installation in Aurora,"Fire Pit Installation for Aurora homeowners by Golden Maple Landscaping. Starting at $3,500. Call +1-705-790-3838 for a free quote.",614,8,2,https://goldenmaplelandscaping.ca/resources/fire-pit-cost-barrie-with-permits,LEXICAL_CANDIDATE,"Automated lexical candidate (token overlap=2): old=['aurora', 'fire', 'installation', 'pit'], candidate=['barrie', 'cost', 'fire', 'permits', 'pit', 'resources']. Old on-page claim: title='Fire Pit Installation in Aurora | Golden Maple Landscaping'; H1='Fire Pit Installation in Aurora'. Candidate on-page evidence: title='Fire Pit Cost Barrie 2026 — Permits & Real Pricing | Golden Maple Landscaping'; H1=""Fire Pit Cost in Barrie: What You'll Pay in 2026 (With Permits)"". Lexical similarity and sitemap presence are not evidence that the business currently offers the service × municipality combination; owner confirmation required.",NOT_ACCESSIBLE_NO_CREDENTIALS,NOT_ACCESSIBLE_NO_CREDENTIALS,OWNER_CONFIRMATION_REQUIRED,https://goldenmaplelandscaping.ca/resources/fire-pit-cost-barrie-with-permits,,Read-only crawl found no authenticated owner/GSC offering decision. Do not implement redirect or 410 until owner validates the offering and target; proposed destination is not executable configuration.,
https://seo.goldenmaplelandscaping.ca/fire-pit-installation/richmond-hill/,200,200,https://seo.goldenmaplelandscaping.ca/fire-pit-installation/richmond-hill/,https://seo.goldenmaplelandscaping.ca/fire-pit-installation/richmond-hill/,INDEXABLE,,,Fire Pit Installation in Richmond Hill | Golden Maple Landscaping,Fire Pit Installation in Richmond Hill,"Fire Pit Installation for Richmond Hill homeowners by Golden Maple Landscaping. Starting at $3,500. Call +1-705-790-3838 for a free quote.",640,8,2,https://goldenmaplelandscaping.ca/resources/fire-pit-cost-barrie-with-permits,LEXICAL_CANDIDATE,"Automated lexical candidate (token overlap=2): old=['fire', 'hill', 'installation', 'pit', 'richmond'], candidate=['barrie', 'cost', 'fire', 'permits', 'pit', 'resources']. Old on-page claim: title='Fire Pit Installation in Richmond Hill | Golden Maple Landscaping'; H1='Fire Pit Installation in Richmond Hill'. Candidate on-page evidence: title='Fire Pit Cost Barrie 2026 — Permits & Real Pricing | Golden Maple Landscaping'; H1=""Fire Pit Cost in Barrie: What You'll Pay in 2026 (With Permits)"". Lexical similarity and sitemap presence are not evidence that the business currently offers the service × municipality combination; owner confirmation required.",NOT_ACCESSIBLE_NO_CREDENTIALS,NOT_ACCESSIBLE_NO_CREDENTIALS,OWNER_CONFIRMATION_REQUIRED,https://goldenmaplelandscaping.ca/resources/fire-pit-cost-barrie-with-permits,,Read-only crawl found no authenticated owner/GSC offering decision. Do not implement redirect or 410 until owner validates the offering and target; proposed destination is not executable configuration.,
https://seo.goldenmaplelandscaping.ca/fire-pit-installation/vaughan/,200,200,https://seo.goldenmaplelandscaping.ca/fire-pit-installation/vaughan/,https://seo.goldenmaplelandscaping.ca/fire-pit-installation/vaughan/,INDEXABLE,,,Fire Pit Installation in Vaughan | Golden Maple Landscaping,Fire Pit Installation in Vaughan,"Fire Pit Installation for Vaughan homeowners by Golden Maple Landscaping. Starting at $3,500. Call +1-705-790-3838 for a free quote.",634,8,2,https://goldenmaplelandscaping.ca/resources/fire-pit-cost-barrie-with-permits,LEXICAL_CANDIDATE,"Automated lexical candidate (token overlap=2): old=['fire', 'installation', 'pit', 'vaughan'], candidate=['barrie', 'cost', 'fire', 'permits', 'pit', 'resources']. Old on-page claim: title='Fire Pit Installation in Vaughan | Golden Maple Landscaping'; H1='Fire Pit Installation in Vaughan'. Candidate on-page evidence: title='Fire Pit Cost Barrie 2026 — Permits & Real Pricing | Golden Maple Landscaping'; H1=""Fire Pit Cost in Barrie: What You'll Pay in 2026 (With Permits)"". Lexical similarity and sitemap presence are not evidence that the business currently offers the service × municipality combination; owner confirmation required.",NOT_ACCESSIBLE_NO_CREDENTIALS,NOT_ACCESSIBLE_NO_CREDENTIALS,OWNER_CONFIRMATION_REQUIRED,https://goldenmaplelandscaping.ca/resources/fire-pit-cost-barrie-with-permits,,Read-only crawl found no authenticated owner/GSC offering decision. Do not implement redirect or 410 until owner validates the offering and target; proposed destination is not executable configuration.,
https://seo.goldenmaplelandscaping.ca/fire-pit-installation/king-city/,200,200,https://seo.goldenmaplelandscaping.ca/fire-pit-installation/king-city/,https://seo.goldenmaplelandscaping.ca/fire-pit-installation/king-city/,INDEXABLE,,,Fire Pit Installation in King City | Golden Maple Landscaping,Fire Pit Installation in King City,"Fire Pit Installation for King City homeowners by Golden Maple Landscaping. Starting at $3,500. Call +1-705-790-3838 for a free quote.",582,8,2,https://goldenmaplelandscaping.ca/resources/fire-pit-cost-barrie-with-permits,LEXICAL_CANDIDATE,"Automated lexical candidate (token overlap=2): old=['city', 'fire', 'installation', 'king', 'pit'], candidate=['barrie', 'cost', 'fire', 'permits', 'pit', 'resources']. Old on-page claim: title='Fire Pit Installation in King City | Golden Maple Landscaping'; H1='Fire Pit Installation in King City'. Candidate on-page evidence: title='Fire Pit Cost Barrie 2026 — Permits & Real Pricing | Golden Maple Landscaping'; H1=""Fire Pit Cost in Barrie: What You'll Pay in 2026 (With Permits)"". Lexical similarity and sitemap presence are not evidence that the business currently offers the service × municipality combination; owner confirmation required.",NOT_ACCESSIBLE_NO_CREDENTIALS,NOT_ACCESSIBLE_NO_CREDENTIALS,OWNER_CONFIRMATION_REQUIRED,https://goldenmaplelandscaping.ca/resources/fire-pit-cost-barrie-with-permits,,Read-only crawl found no authenticated owner/GSC offering decision. Do not implement redirect or 410 until owner validates the offering and target; proposed destination is not executable configuration.,
https://seo.goldenmaplelandscaping.ca/fire-pit-installation/orillia/,200,200,https://seo.goldenmaplelandscaping.ca/fire-pit-installation/orillia/,https://seo.goldenmaplelandscaping.ca/fire-pit-installation/orillia/,INDEXABLE,,,Fire Pit Installation in Orillia | Golden Maple Landscaping,Fire Pit Installation in Orillia,"Fire Pit Installation for Orillia homeowners by Golden Maple Landscaping. Starting at $3,500. Call +1-705-790-3838 for a free quote.",534,8,2,https://goldenmaplelandscaping.ca/resources/fire-pit-cost-barrie-with-permits,LEXICAL_CANDIDATE,"Automated lexical candidate (token overlap=2): old=['fire', 'installation', 'orillia', 'pit'], candidate=['barrie', 'cost', 'fire', 'permits', 'pit', 'resources']. Old on-page claim: title='Fire Pit Installation in Orillia | Golden Maple Landscaping'; H1='Fire Pit Installation in Orillia'. Candidate on-page evidence: title='Fire Pit Cost Barrie 2026 — Permits & Real Pricing | Golden Maple Landscaping'; H1=""Fire Pit Cost in Barrie: What You'll Pay in 2026 (With Permits)"". Lexical similarity and sitemap presence are not evidence that the business currently offers the service × municipality combination; owner confirmation required.",NOT_ACCESSIBLE_NO_CREDENTIALS,NOT_ACCESSIBLE_NO_CREDENTIALS,OWNER_CONFIRMATION_REQUIRED,https://goldenmaplelandscaping.ca/resources/fire-pit-cost-barrie-with-permits,,Read-only crawl found no authenticated owner/GSC offering decision. Do not implement redirect or 410 until owner validates the offering and target; proposed destination is not executable configuration.,
https://seo.goldenmaplelandscaping.ca/fire-pit-installation/midland/,200,200,https://seo.goldenmaplelandscaping.ca/fire-pit-installation/midland/,https://seo.goldenmaplelandscaping.ca/fire-pit-installation/midland/,INDEXABLE,,,Fire Pit Installation in Midland | Golden Maple Landscaping,Fire Pit Installation in Midland,"Fire Pit Installation for Midland homeowners by Golden Maple Landscaping. Starting at $3,500. Call +1-705-790-3838 for a free quote.",677,8,2,https://goldenmaplelandscaping.ca/resources/fire-pit-cost-barrie-with-permits,LEXICAL_CANDIDATE,"Automated lexical candidate (token overlap=2): old=['fire', 'installation', 'midland', 'pit'], candidate=['barrie', 'cost', 'fire', 'permits', 'pit', 'resources']. Old on-page claim: title='Fire Pit Installation in Midland | Golden Maple Landscaping'; H1='Fire Pit Installation in Midland'. Candidate on-page evidence: title='Fire Pit Cost Barrie 2026 — Permits & Real Pricing | Golden Maple Landscaping'; H1=""Fire Pit Cost in Barrie: What You'll Pay in 2026 (With Permits)"". Lexical similarity and sitemap presence are not evidence that the business currently offers the service × municipality combination; owner confirmation required.",NOT_ACCESSIBLE_NO_CREDENTIALS,NOT_ACCESSIBLE_NO_CREDENTIALS,OWNER_CONFIRMATION_REQUIRED,https://goldenmaplelandscaping.ca/resources/fire-pit-cost-barrie-with-permits,,Read-only crawl found no authenticated owner/GSC offering decision. Do not implement redirect or 410 until owner validates the offering and target; proposed destination is not executable configuration.,
https://seo.goldenmaplelandscaping.ca/fire-pit-installation/wasaga-beach/,200,200,https://seo.goldenmaplelandscaping.ca/fire-pit-installation/wasaga-beach/,https://seo.goldenmaplelandscaping.ca/fire-pit-installation/wasaga-beach/,INDEXABLE,,,Fire Pit Installation in Wasaga Beach | Golden Maple Landscaping,Fire Pit Installation in Wasaga Beach,"Fire Pit Installation for Wasaga Beach homeowners by Golden Maple Landscaping. Starting at $3,500. Call +1-705-790-3838 for a free quote.",634,8,2,https://goldenmaplelandscaping.ca/locations/wasaga-beach/,LEXICAL_CANDIDATE,"Automated lexical candidate (token overlap=2): old=['beach', 'fire', 'installation', 'pit', 'wasaga'], candidate=['beach', 'locations', 'wasaga']. Old on-page claim: title='Fire Pit Installation in Wasaga Beach | Golden Maple Landscaping'; H1='Fire Pit Installation in Wasaga Beach'. Candidate on-page evidence: title='Premium Landscaping in Wasaga Beach, Ontario | Golden Maple Landscaping'; H1='Premium landscaping | in | Wasaga Beach | .'. Lexical similarity and sitemap presence are not evidence that the business currently offers the service × municipality combination; owner confirmation required.",NOT_ACCESSIBLE_NO_CREDENTIALS,NOT_ACCESSIBLE_NO_CREDENTIALS,OWNER_CONFIRMATION_REQUIRED,https://goldenmaplelandscaping.ca/locations/wasaga-beach/,,Read-only crawl found no authenticated owner/GSC offering decision. Do not implement redirect or 410 until owner validates the offering and target; proposed destination is not executable configuration.,
https://seo.goldenmaplelandscaping.ca/fire-pit-installation/collingwood/,200,200,https://seo.goldenmaplelandscaping.ca/fire-pit-installation/collingwood/,https://seo.goldenmaplelandscaping.ca/fire-pit-installation/collingwood/,INDEXABLE,,,Fire Pit Installation in Collingwood | Golden Maple Landscaping,Fire Pit Installation in Collingwood,"Fire Pit Installation for Collingwood homeowners by Golden Maple Landscaping. Starting at $3,500. Call +1-705-790-3838 for a free quote.",613,8,2,https://goldenmaplelandscaping.ca/resources/fire-pit-cost-barrie-with-permits,LEXICAL_CANDIDATE,"Automated lexical candidate (token overlap=2): old=['collingwood', 'fire', 'installation', 'pit'], candidate=['barrie', 'cost', 'fire', 'permits', 'pit', 'resources']. Old on-page claim: title='Fire Pit Installation in Collingwood | Golden Maple Landscaping'; H1='Fire Pit Installation in Collingwood'. Candidate on-page evidence: title='Fire Pit Cost Barrie 2026 — Permits & Real Pricing | Golden Maple Landscaping'; H1=""Fire Pit Cost in Barrie: What You'll Pay in 2026 (With Permits)"". Lexical similarity and sitemap presence are not evidence that the business currently offers the service × municipality combination; owner confirmation required.",NOT_ACCESSIBLE_NO_CREDENTIALS,NOT_ACCESSIBLE_NO_CREDENTIALS,OWNER_CONFIRMATION_REQUIRED,https://goldenmaplelandscaping.ca/resources/fire-pit-cost-barrie-with-permits,,Read-only crawl found no authenticated owner/GSC offering decision. Do not implement redirect or 410 until owner validates the offering and target; proposed destination is not executable configuration.,
https://seo.goldenmaplelandscaping.ca/fire-pit-installation/alliston/,200,200,https://seo.goldenmaplelandscaping.ca/fire-pit-installation/alliston/,https://seo.goldenmaplelandscaping.ca/fire-pit-installation/alliston/,INDEXABLE,,,Fire Pit Installation in Alliston | Golden Maple Landscaping,Fire Pit Installation in Alliston,"Fire Pit Installation for Alliston homeowners by Golden Maple Landscaping. Starting at $3,500. Call +1-705-790-3838 for a free quote.",610,8,2,https://goldenmaplelandscaping.ca/resources/fire-pit-cost-barrie-with-permits,LEXICAL_CANDIDATE,"Automated lexical candidate (token overlap=2): old=['alliston', 'fire', 'installation', 'pit'], candidate=['barrie', 'cost', 'fire', 'permits', 'pit', 'resources']. Old on-page claim: title='Fire Pit Installation in Alliston | Golden Maple Landscaping'; H1='Fire Pit Installation in Alliston'. Candidate on-page evidence: title='Fire Pit Cost Barrie 2026 — Permits & Real Pricing | Golden Maple Landscaping'; H1=""Fire Pit Cost in Barrie: What You'll Pay in 2026 (With Permits)"". Lexical similarity and sitemap presence are not evidence that the business currently offers the service × municipality combination; owner confirmation required.",NOT_ACCESSIBLE_NO_CREDENTIALS,NOT_ACCESSIBLE_NO_CREDENTIALS,OWNER_CONFIRMATION_REQUIRED,https://goldenmaplelandscaping.ca/resources/fire-pit-cost-barrie-with-permits,,Read-only crawl found no authenticated owner/GSC offering decision. Do not implement redirect or 410 until owner validates the offering and target; proposed destination is not executable configuration.,
https://seo.goldenmaplelandscaping.ca/fire-pit-installation/angus/,200,200,https://seo.goldenmaplelandscaping.ca/fire-pit-installation/angus/,https://seo.goldenmaplelandscaping.ca/fire-pit-installation/angus/,INDEXABLE,,,Fire Pit Installation in Angus | Golden Maple Landscaping,Fire Pit Installation in Angus,"Fire Pit Installation for Angus homeowners by Golden Maple Landscaping. Starting at $3,500. Call +1-705-790-3838 for a free quote.",667,8,2,https://goldenmaplelandscaping.ca/resources/fire-pit-cost-barrie-with-permits,LEXICAL_CANDIDATE,"Automated lexical candidate (token overlap=2): old=['angus', 'fire', 'installation', 'pit'], candidate=['barrie', 'cost', 'fire', 'permits', 'pit', 'resources']. Old on-page claim: title='Fire Pit Installation in Angus | Golden Maple Landscaping'; H1='Fire Pit Installation in Angus'. Candidate on-page evidence: title='Fire Pit Cost Barrie 2026 — Permits & Real Pricing | Golden Maple Landscaping'; H1=""Fire Pit Cost in Barrie: What You'll Pay in 2026 (With Permits)"". Lexical similarity and sitemap presence are not evidence that the business currently offers the service × municipality combination; owner confirmation required.",NOT_ACCESSIBLE_NO_CREDENTIALS,NOT_ACCESSIBLE_NO_CREDENTIALS,OWNER_CONFIRMATION_REQUIRED,https://goldenmaplelandscaping.ca/resources/fire-pit-cost-barrie-with-permits,,Read-only crawl found no authenticated owner/GSC offering decision. Do not implement redirect or 410 until owner validates the offering and target; proposed destination is not executable configuration.,
https://seo.goldenmaplelandscaping.ca/fire-pit-installation/oro-station/,200,200,https://seo.goldenmaplelandscaping.ca/fire-pit-installation/oro-station/,https://seo.goldenmaplelandscaping.ca/fire-pit-installation/oro-station/,INDEXABLE,,,Fire Pit Installation in Oro-Medonte | Golden Maple Landscaping,Fire Pit Installation in Oro-Medonte,"Fire Pit Installation for Oro-Medonte homeowners by Golden Maple Landscaping. Starting at $3,500. Call +1-705-790-3838 for a free quote.",585,8,2,https://goldenmaplelandscaping.ca/resources/fire-pit-cost-barrie-with-permits,LEXICAL_CANDIDATE,"Automated lexical candidate (token overlap=2): old=['fire', 'installation', 'oro', 'pit', 'station'], candidate=['barrie', 'cost', 'fire', 'permits', 'pit', 'resources']. Old on-page claim: title='Fire Pit Installation in Oro-Medonte | Golden Maple Landscaping'; H1='Fire Pit Installation in Oro-Medonte'. Candidate on-page evidence: title='Fire Pit Cost Barrie 2026 — Permits & Real Pricing | Golden Maple Landscaping'; H1=""Fire Pit Cost in Barrie: What You'll Pay in 2026 (With Permits)"". Lexical similarity and sitemap presence are not evidence that the business currently offers the service × municipality combination; owner confirmation required.",NOT_ACCESSIBLE_NO_CREDENTIALS,NOT_ACCESSIBLE_NO_CREDENTIALS,OWNER_CONFIRMATION_REQUIRED,https://goldenmaplelandscaping.ca/resources/fire-pit-cost-barrie-with-permits,,Read-only crawl found no authenticated owner/GSC offering decision. Do not implement redirect or 410 until owner validates the offering and target; proposed destination is not executable configuration.,
https://seo.goldenmaplelandscaping.ca/front-walkway-installation/barrie/,200,200,https://seo.goldenmaplelandscaping.ca/front-walkway-installation/barrie/,https://seo.goldenmaplelandscaping.ca/front-walkway-installation/barrie/,INDEXABLE,,,Front Walkway Installation in Barrie | Golden Maple Landscaping,Front Walkway Installation in Barrie,"Front Walkway Installation for Barrie homeowners by Golden Maple Landscaping. Starting at $4,500. Call +1-705-790-3838 for a free quote.",632,8,16,https://goldenmaplelandscaping.ca/resources/paver-walkway-cost-barrie/,LEXICAL_CANDIDATE,"Automated lexical candidate (token overlap=2): old=['barrie', 'front', 'installation', 'walkway'], candidate=['barrie', 'cost', 'paver', 'resources', 'walkway']. Old on-page claim: title='Front Walkway Installation in Barrie | Golden Maple Landscaping'; H1='Front Walkway Installation in Barrie'. Candidate on-page evidence: title='Paver Walkway Cost Barrie: A 2026 Price Guide for Homeowners | Golden Maple Landscaping'; H1='What Does a Paver Walkway Cost in Barrie? Real 2026 Pricing Guide'. Lexical similarity and sitemap presence are not evidence that the business currently offers the service × municipality combination; owner confirmation required.",NOT_ACCESSIBLE_NO_CREDENTIALS,NOT_ACCESSIBLE_NO_CREDENTIALS,OWNER_CONFIRMATION_REQUIRED,https://goldenmaplelandscaping.ca/resources/paver-walkway-cost-barrie/,,Read-only crawl found no authenticated owner/GSC offering decision. Do not implement redirect or 410 until owner validates the offering and target; proposed destination is not executable configuration.,
https://seo.goldenmaplelandscaping.ca/front-walkway-installation/innisfil/,200,200,https://seo.goldenmaplelandscaping.ca/front-walkway-installation/innisfil/,https://seo.goldenmaplelandscaping.ca/front-walkway-installation/innisfil/,INDEXABLE,,,Front Walkway Installation in Innisfil | Golden Maple Landscaping,Front Walkway Installation in Innisfil,"Front Walkway Installation for Innisfil homeowners by Golden Maple Landscaping. Starting at $4,500. Call +1-705-790-3838 for a free quote.",602,8,16,https://goldenmaplelandscaping.ca/locations/innisfil/,LEXICAL_CANDIDATE,"Automated lexical candidate (token overlap=1): old=['front', 'innisfil', 'installation', 'walkway'], candidate=['innisfil', 'locations']. Old on-page claim: title='Front Walkway Installation in Innisfil | Golden Maple Landscaping'; H1='Front Walkway Installation in Innisfil'. Candidate on-page evidence: title='Landscaping & Hardscape Contractor Innisfil | Golden Maple Landscaping'; H1='Premium Landscaping & Hardscape | Contractor in Innisfil, Ontario.'. Lexical similarity and sitemap presence are not evidence that the business currently offers the service × municipality combination; owner confirmation required.",NOT_ACCESSIBLE_NO_CREDENTIALS,NOT_ACCESSIBLE_NO_CREDENTIALS,OWNER_CONFIRMATION_REQUIRED,https://goldenmaplelandscaping.ca/locations/innisfil/,,Read-only crawl found no authenticated owner/GSC offering decision. Do not implement redirect or 410 until owner validates the offering and target; proposed destination is not executable configuration.,
https://seo.goldenmaplelandscaping.ca/front-walkway-installation/bradford/,200,200,https://seo.goldenmaplelandscaping.ca/front-walkway-installation/bradford/,https://seo.goldenmaplelandscaping.ca/front-walkway-installation/bradford/,INDEXABLE,,,Front Walkway Installation in Bradford | Golden Maple Landscaping,Front Walkway Installation in Bradford,"Front Walkway Installation for Bradford homeowners by Golden Maple Landscaping. Starting at $4,500. Call +1-705-790-3838 for a free quote.",554,8,16,https://goldenmaplelandscaping.ca/resources/paver-walkway-cost-barrie/,LEXICAL_CANDIDATE,"Automated lexical candidate (token overlap=1): old=['bradford', 'front', 'installation', 'walkway'], candidate=['barrie', 'cost', 'paver', 'resources', 'walkway']. Old on-page claim: title='Front Walkway Installation in Bradford | Golden Maple Landscaping'; H1='Front Walkway Installation in Bradford'. Candidate on-page evidence: title='Paver Walkway Cost Barrie: A 2026 Price Guide for Homeowners | Golden Maple Landscaping'; H1='What Does a Paver Walkway Cost in Barrie? Real 2026 Pricing Guide'. Lexical similarity and sitemap presence are not evidence that the business currently offers the service × municipality combination; owner confirmation required.",NOT_ACCESSIBLE_NO_CREDENTIALS,NOT_ACCESSIBLE_NO_CREDENTIALS,OWNER_CONFIRMATION_REQUIRED,https://goldenmaplelandscaping.ca/resources/paver-walkway-cost-barrie/,,Read-only crawl found no authenticated owner/GSC offering decision. Do not implement redirect or 410 until owner validates the offering and target; proposed destination is not executable configuration.,
https://seo.goldenmaplelandscaping.ca/front-walkway-installation/newmarket/,200,200,https://seo.goldenmaplelandscaping.ca/front-walkway-installation/newmarket/,https://seo.goldenmaplelandscaping.ca/front-walkway-installation/newmarket/,INDEXABLE,,,Front Walkway Installation in Newmarket | Golden Maple Landscaping,Front Walkway Installation in Newmarket,"Front Walkway Installation for Newmarket homeowners by Golden Maple Landscaping. Starting at $4,500. Call +1-705-790-3838 for a free quote.",624,8,5,https://goldenmaplelandscaping.ca/resources/paver-walkway-cost-barrie/,LEXICAL_CANDIDATE,"Automated lexical candidate (token overlap=1): old=['front', 'installation', 'newmarket', 'walkway'], candidate=['barrie', 'cost', 'paver', 'resources', 'walkway']. Old on-page claim: title='Front Walkway Installation in Newmarket | Golden Maple Landscaping'; H1='Front Walkway Installation in Newmarket'. Candidate on-page evidence: title='Paver Walkway Cost Barrie: A 2026 Price Guide for Homeowners | Golden Maple Landscaping'; H1='What Does a Paver Walkway Cost in Barrie? Real 2026 Pricing Guide'. Lexical similarity and sitemap presence are not evidence that the business currently offers the service × municipality combination; owner confirmation required.",NOT_ACCESSIBLE_NO_CREDENTIALS,NOT_ACCESSIBLE_NO_CREDENTIALS,OWNER_CONFIRMATION_REQUIRED,https://goldenmaplelandscaping.ca/resources/paver-walkway-cost-barrie/,,Read-only crawl found no authenticated owner/GSC offering decision. Do not implement redirect or 410 until owner validates the offering and target; proposed destination is not executable configuration.,
https://seo.goldenmaplelandscaping.ca/front-walkway-installation/aurora/,200,200,https://seo.goldenmaplelandscaping.ca/front-walkway-installation/aurora/,https://seo.goldenmaplelandscaping.ca/front-walkway-installation/aurora/,INDEXABLE,,,Front Walkway Installation in Aurora | Golden Maple Landscaping,Front Walkway Installation in Aurora,"Front Walkway Installation for Aurora homeowners by Golden Maple Landscaping. Starting at $4,500. Call +1-705-790-3838 for a free quote.",640,8,2,https://goldenmaplelandscaping.ca/resources/paver-walkway-cost-barrie/,LEXICAL_CANDIDATE,"Automated lexical candidate (token overlap=1): old=['aurora', 'front', 'installation', 'walkway'], candidate=['barrie', 'cost', 'paver', 'resources', 'walkway']. Old on-page claim: title='Front Walkway Installation in Aurora | Golden Maple Landscaping'; H1='Front Walkway Installation in Aurora'. Candidate on-page evidence: title='Paver Walkway Cost Barrie: A 2026 Price Guide for Homeowners | Golden Maple Landscaping'; H1='What Does a Paver Walkway Cost in Barrie? Real 2026 Pricing Guide'. Lexical similarity and sitemap presence are not evidence that the business currently offers the service × municipality combination; owner confirmation required.",NOT_ACCESSIBLE_NO_CREDENTIALS,NOT_ACCESSIBLE_NO_CREDENTIALS,OWNER_CONFIRMATION_REQUIRED,https://goldenmaplelandscaping.ca/resources/paver-walkway-cost-barrie/,,Read-only crawl found no authenticated owner/GSC offering decision. Do not implement redirect or 410 until owner validates the offering and target; proposed destination is not executable configuration.,
https://seo.goldenmaplelandscaping.ca/front-walkway-installation/richmond-hill/,200,200,https://seo.goldenmaplelandscaping.ca/front-walkway-installation/richmond-hill/,https://seo.goldenmaplelandscaping.ca/front-walkway-installation/richmond-hill/,INDEXABLE,,,Front Walkway Installation in Richmond Hill | Golden Maple Landscaping,Front Walkway Installation in Richmond Hill,"Front Walkway Installation for Richmond Hill homeowners by Golden Maple Landscaping. Starting at $4,500. Call +1-705-790-3838 for a free quote.",581,8,2,https://goldenmaplelandscaping.ca/resources/paver-walkway-cost-barrie/,LEXICAL_CANDIDATE,"Automated lexical candidate (token overlap=1): old=['front', 'hill', 'installation', 'richmond', 'walkway'], candidate=['barrie', 'cost', 'paver', 'resources', 'walkway']. Old on-page claim: title='Front Walkway Installation in Richmond Hill | Golden Maple Landscaping'; H1='Front Walkway Installation in Richmond Hill'. Candidate on-page evidence: title='Paver Walkway Cost Barrie: A 2026 Price Guide for Homeowners | Golden Maple Landscaping'; H1='What Does a Paver Walkway Cost in Barrie? Real 2026 Pricing Guide'. Lexical similarity and sitemap presence are not evidence that the business currently offers the service × municipality combination; owner confirmation required.",NOT_ACCESSIBLE_NO_CREDENTIALS,NOT_ACCESSIBLE_NO_CREDENTIALS,OWNER_CONFIRMATION_REQUIRED,https://goldenmaplelandscaping.ca/resources/paver-walkway-cost-barrie/,,Read-only crawl found no authenticated owner/GSC offering decision. Do not implement redirect or 410 until owner validates the offering and target; proposed destination is not executable configuration.,
https://seo.goldenmaplelandscaping.ca/front-walkway-installation/vaughan/,200,200,https://seo.goldenmaplelandscaping.ca/front-walkway-installation/vaughan/,https://seo.goldenmaplelandscaping.ca/front-walkway-installation/vaughan/,INDEXABLE,,,Front Walkway Installation in Vaughan | Golden Maple Landscaping,Front Walkway Installation in Vaughan,"Front Walkway Installation for Vaughan homeowners by Golden Maple Landscaping. Starting at $4,500. Call +1-705-790-3838 for a free quote.",553,8,2,https://goldenmaplelandscaping.ca/resources/paver-walkway-cost-barrie/,LEXICAL_CANDIDATE,"Automated lexical candidate (token overlap=1): old=['front', 'installation', 'vaughan', 'walkway'], candidate=['barrie', 'cost', 'paver', 'resources', 'walkway']. Old on-page claim: title='Front Walkway Installation in Vaughan | Golden Maple Landscaping'; H1='Front Walkway Installation in Vaughan'. Candidate on-page evidence: title='Paver Walkway Cost Barrie: A 2026 Price Guide for Homeowners | Golden Maple Landscaping'; H1='What Does a Paver Walkway Cost in Barrie? Real 2026 Pricing Guide'. Lexical similarity and sitemap presence are not evidence that the business currently offers the service × municipality combination; owner confirmation required.",NOT_ACCESSIBLE_NO_CREDENTIALS,NOT_ACCESSIBLE_NO_CREDENTIALS,OWNER_CONFIRMATION_REQUIRED,https://goldenmaplelandscaping.ca/resources/paver-walkway-cost-barrie/,,Read-only crawl found no authenticated owner/GSC offering decision. Do not implement redirect or 410 until owner validates the offering and target; proposed destination is not executable configuration.,
https://seo.goldenmaplelandscaping.ca/front-walkway-installation/king-city/,200,200,https://seo.goldenmaplelandscaping.ca/front-walkway-installation/king-city/,https://seo.goldenmaplelandscaping.ca/front-walkway-installation/king-city/,INDEXABLE,,,Front Walkway Installation in King City | Golden Maple Landscaping,Front Walkway Installation in King City,"Front Walkway Installation for King City homeowners by Golden Maple Landscaping. Starting at $4,500. Call +1-705-790-3838 for a free quote.",610,8,2,https://goldenmaplelandscaping.ca/resources/paver-walkway-cost-barrie/,LEXICAL_CANDIDATE,"Automated lexical candidate (token overlap=1): old=['city', 'front', 'installation', 'king', 'walkway'], candidate=['barrie', 'cost', 'paver', 'resources', 'walkway']. Old on-page claim: title='Front Walkway Installation in King City | Golden Maple Landscaping'; H1='Front Walkway Installation in King City'. Candidate on-page evidence: title='Paver Walkway Cost Barrie: A 2026 Price Guide for Homeowners | Golden Maple Landscaping'; H1='What Does a Paver Walkway Cost in Barrie? Real 2026 Pricing Guide'. Lexical similarity and sitemap presence are not evidence that the business currently offers the service × municipality combination; owner confirmation required.",NOT_ACCESSIBLE_NO_CREDENTIALS,NOT_ACCESSIBLE_NO_CREDENTIALS,OWNER_CONFIRMATION_REQUIRED,https://goldenmaplelandscaping.ca/resources/paver-walkway-cost-barrie/,,Read-only crawl found no authenticated owner/GSC offering decision. Do not implement redirect or 410 until owner validates the offering and target; proposed destination is not executable configuration.,
https://seo.goldenmaplelandscaping.ca/front-walkway-installation/orillia/,200,200,https://seo.goldenmaplelandscaping.ca/front-walkway-installation/orillia/,https://seo.goldenmaplelandscaping.ca/front-walkway-installation/orillia/,INDEXABLE,,,Front Walkway Installation in Orillia | Golden Maple Landscaping,Front Walkway Installation in Orillia,"Front Walkway Installation for Orillia homeowners by Golden Maple Landscaping. Starting at $4,500. Call +1-705-790-3838 for a free quote.",557,8,2,https://goldenmaplelandscaping.ca/locations/orillia/,LEXICAL_CANDIDATE,"Automated lexical candidate (token overlap=1): old=['front', 'installation', 'orillia', 'walkway'], candidate=['locations', 'orillia']. Old on-page claim: title='Front Walkway Installation in Orillia | Golden Maple Landscaping'; H1='Front Walkway Installation in Orillia'. Candidate on-page evidence: title='Premium Landscaping in Orillia, Ontario | Golden Maple Landscaping'; H1='Premium landscaping | in | Orillia | .'. Lexical similarity and sitemap presence are not evidence that the business currently offers the service × municipality combination; owner confirmation required.",NOT_ACCESSIBLE_NO_CREDENTIALS,NOT_ACCESSIBLE_NO_CREDENTIALS,OWNER_CONFIRMATION_REQUIRED,https://goldenmaplelandscaping.ca/locations/orillia/,,Read-only crawl found no authenticated owner/GSC offering decision. Do not implement redirect or 410 until owner validates the offering and target; proposed destination is not executable configuration.,
https://seo.goldenmaplelandscaping.ca/front-walkway-installation/midland/,200,200,https://seo.goldenmaplelandscaping.ca/front-walkway-installation/midland/,https://seo.goldenmaplelandscaping.ca/front-walkway-installation/midland/,INDEXABLE,,,Front Walkway Installation in Midland | Golden Maple Landscaping,Front Walkway Installation in Midland,"Front Walkway Installation for Midland homeowners by Golden Maple Landscaping. Starting at $4,500. Call +1-705-790-3838 for a free quote.",591,8,2,https://goldenmaplelandscaping.ca/locations/midland/,LEXICAL_CANDIDATE,"Automated lexical candidate (token overlap=1): old=['front', 'installation', 'midland', 'walkway'], candidate=['locations', 'midland']. Old on-page claim: title='Front Walkway Installation in Midland | Golden Maple Landscaping'; H1='Front Walkway Installation in Midland'. Candidate on-page evidence: title='Premium Landscaping in Midland, Ontario | Golden Maple Landscaping'; H1='Premium landscaping | in | Midland | .'. Lexical similarity and sitemap presence are not evidence that the business currently offers the service × municipality combination; owner confirmation required.",NOT_ACCESSIBLE_NO_CREDENTIALS,NOT_ACCESSIBLE_NO_CREDENTIALS,OWNER_CONFIRMATION_REQUIRED,https://goldenmaplelandscaping.ca/locations/midland/,,Read-only crawl found no authenticated owner/GSC offering decision. Do not implement redirect or 410 until owner validates the offering and target; proposed destination is not executable configuration.,
https://seo.goldenmaplelandscaping.ca/front-walkway-installation/wasaga-beach/,200,200,https://seo.goldenmaplelandscaping.ca/front-walkway-installation/wasaga-beach/,https://seo.goldenmaplelandscaping.ca/front-walkway-installation/wasaga-beach/,INDEXABLE,,,Front Walkway Installation in Wasaga Beach | Golden Maple Landscaping,Front Walkway Installation in Wasaga Beach,"Front Walkway Installation for Wasaga Beach homeowners by Golden Maple Landscaping. Starting at $4,500. Call +1-705-790-3838 for a free quote.",605,8,2,https://goldenmaplelandscaping.ca/locations/wasaga-beach/,LEXICAL_CANDIDATE,"Automated lexical candidate (token overlap=2): old=['beach', 'front', 'installation', 'walkway', 'wasaga'], candidate=['beach', 'locations', 'wasaga']. Old on-page claim: title='Front Walkway Installation in Wasaga Beach | Golden Maple Landscaping'; H1='Front Walkway Installation in Wasaga Beach'. Candidate on-page evidence: title='Premium Landscaping in Wasaga Beach, Ontario | Golden Maple Landscaping'; H1='Premium landscaping | in | Wasaga Beach | .'. Lexical similarity and sitemap presence are not evidence that the business currently offers the service × municipality combination; owner confirmation required.",NOT_ACCESSIBLE_NO_CREDENTIALS,NOT_ACCESSIBLE_NO_CREDENTIALS,OWNER_CONFIRMATION_REQUIRED,https://goldenmaplelandscaping.ca/locations/wasaga-beach/,,Read-only crawl found no authenticated owner/GSC offering decision. Do not implement redirect or 410 until owner validates the offering and target; proposed destination is not executable configuration.,
https://seo.goldenmaplelandscaping.ca/front-walkway-installation/collingwood/,200,200,https://seo.goldenmaplelandscaping.ca/front-walkway-installation/collingwood/,https://seo.goldenmaplelandscaping.ca/front-walkway-installation/collingwood/,INDEXABLE,,,Front Walkway Installation in Collingwood | Golden Maple Landscaping,Front Walkway Installation in Collingwood,"Front Walkway Installation for Collingwood homeowners by Golden Maple Landscaping. Starting at $4,500. Call +1-705-790-3838 for a free quote.",593,8,2,https://goldenmaplelandscaping.ca/locations/collingwood/,LEXICAL_CANDIDATE,"Automated lexical candidate (token overlap=1): old=['collingwood', 'front', 'installation', 'walkway'], candidate=['collingwood', 'locations']. Old on-page claim: title='Front Walkway Installation in Collingwood | Golden Maple Landscaping'; H1='Front Walkway Installation in Collingwood'. Candidate on-page evidence: title='Premium Landscaping in Collingwood, Ontario | Golden Maple Landscaping'; H1='Premium landscaping | in | Collingwood | .'. Lexical similarity and sitemap presence are not evidence that the business currently offers the service × municipality combination; owner confirmation required.",NOT_ACCESSIBLE_NO_CREDENTIALS,NOT_ACCESSIBLE_NO_CREDENTIALS,OWNER_CONFIRMATION_REQUIRED,https://goldenmaplelandscaping.ca/locations/collingwood/,,Read-only crawl found no authenticated owner/GSC offering decision. Do not implement redirect or 410 until owner validates the offering and target; proposed destination is not executable configuration.,
https://seo.goldenmaplelandscaping.ca/front-walkway-installation/alliston/,200,200,https://seo.goldenmaplelandscaping.ca/front-walkway-installation/alliston/,https://seo.goldenmaplelandscaping.ca/front-walkway-installation/alliston/,INDEXABLE,,,Front Walkway Installation in Alliston | Golden Maple Landscaping,Front Walkway Installation in Alliston,"Front Walkway Installation for Alliston homeowners by Golden Maple Landscaping. Starting at $4,500. Call +1-705-790-3838 for a free quote.",626,8,2,https://goldenmaplelandscaping.ca/resources/paver-walkway-cost-barrie/,LEXICAL_CANDIDATE,"Automated lexical candidate (token overlap=1): old=['alliston', 'front', 'installation', 'walkway'], candidate=['barrie', 'cost', 'paver', 'resources', 'walkway']. Old on-page claim: title='Front Walkway Installation in Alliston | Golden Maple Landscaping'; H1='Front Walkway Installation in Alliston'. Candidate on-page evidence: title='Paver Walkway Cost Barrie: A 2026 Price Guide for Homeowners | Golden Maple Landscaping'; H1='What Does a Paver Walkway Cost in Barrie? Real 2026 Pricing Guide'. Lexical similarity and sitemap presence are not evidence that the business currently offers the service × municipality combination; owner confirmation required.",NOT_ACCESSIBLE_NO_CREDENTIALS,NOT_ACCESSIBLE_NO_CREDENTIALS,OWNER_CONFIRMATION_REQUIRED,https://goldenmaplelandscaping.ca/resources/paver-walkway-cost-barrie/,,Read-only crawl found no authenticated owner/GSC offering decision. Do not implement redirect or 410 until owner validates the offering and target; proposed destination is not executable configuration.,
https://seo.goldenmaplelandscaping.ca/front-walkway-installation/angus/,200,200,https://seo.goldenmaplelandscaping.ca/front-walkway-installation/angus/,https://seo.goldenmaplelandscaping.ca/front-walkway-installation/angus/,INDEXABLE,,,Front Walkway Installation in Angus | Golden Maple Landscaping,Front Walkway Installation in Angus,"Front Walkway Installation for Angus homeowners by Golden Maple Landscaping. Starting at $4,500. Call +1-705-790-3838 for a free quote.",590,8,2,https://goldenmaplelandscaping.ca/resources/paver-walkway-cost-barrie/,LEXICAL_CANDIDATE,"Automated lexical candidate (token overlap=1): old=['angus', 'front', 'installation', 'walkway'], candidate=['barrie', 'cost', 'paver', 'resources', 'walkway']. Old on-page claim: title='Front Walkway Installation in Angus | Golden Maple Landscaping'; H1='Front Walkway Installation in Angus'. Candidate on-page evidence: title='Paver Walkway Cost Barrie: A 2026 Price Guide for Homeowners | Golden Maple Landscaping'; H1='What Does a Paver Walkway Cost in Barrie? Real 2026 Pricing Guide'. Lexical similarity and sitemap presence are not evidence that the business currently offers the service × municipality combination; owner confirmation required.",NOT_ACCESSIBLE_NO_CREDENTIALS,NOT_ACCESSIBLE_NO_CREDENTIALS,OWNER_CONFIRMATION_REQUIRED,https://goldenmaplelandscaping.ca/resources/paver-walkway-cost-barrie/,,Read-only crawl found no authenticated owner/GSC offering decision. Do not implement redirect or 410 until owner validates the offering and target; proposed destination is not executable configuration.,
https://seo.goldenmaplelandscaping.ca/front-walkway-installation/oro-station/,200,200,https://seo.goldenmaplelandscaping.ca/front-walkway-installation/oro-station/,https://seo.goldenmaplelandscaping.ca/front-walkway-installation/oro-station/,INDEXABLE,,,Front Walkway Installation in Oro-Medonte | Golden Maple Landscaping,Front Walkway Installation in Oro-Medonte,"Front Walkway Installation for Oro-Medonte homeowners by Golden Maple Landscaping. Starting at $4,500. Call +1-705-790-3838 for a free quote.",534,8,2,https://goldenmaplelandscaping.ca/locations/oro-medonte/,LEXICAL_CANDIDATE,"Automated lexical candidate (token overlap=1): old=['front', 'installation', 'oro', 'station', 'walkway'], candidate=['locations', 'medonte', 'oro']. Old on-page claim: title='Front Walkway Installation in Oro-Medonte | Golden Maple Landscaping'; H1='Front Walkway Installation in Oro-Medonte'. Candidate on-page evidence: title='Landscaping Contractor Oro-Medonte | Golden Maple Landscaping'; H1='Premium Landscaping & Outdoor Living | in Oro-Medonte, Ontario.'. Lexical similarity and sitemap presence are not evidence that the business currently offers the service × municipality combination; owner confirmation required.",NOT_ACCESSIBLE_NO_CREDENTIALS,NOT_ACCESSIBLE_NO_CREDENTIALS,OWNER_CONFIRMATION_REQUIRED,https://goldenmaplelandscaping.ca/locations/oro-medonte/,,Read-only crawl found no authenticated owner/GSC offering decision. Do not implement redirect or 410 until owner validates the offering and target; proposed destination is not executable configuration.,
https://seo.goldenmaplelandscaping.ca/landscape-lighting/barrie/,200,200,https://seo.goldenmaplelandscaping.ca/landscape-lighting/barrie/,https://seo.goldenmaplelandscaping.ca/landscape-lighting/barrie/,INDEXABLE,,,Landscape Lighting in Barrie | Golden Maple Landscaping,Landscape Lighting in Barrie,"Landscape Lighting for Barrie homeowners by Golden Maple Landscaping. Starting at $2,500. Call +1-705-790-3838 for a free quote.",591,8,16,https://goldenmaplelandscaping.ca/resources/landscape-lighting-guide-barrie/,LEXICAL_CANDIDATE,"Automated lexical candidate (token overlap=3): old=['barrie', 'landscape', 'lighting'], candidate=['barrie', 'guide', 'landscape', 'lighting', 'resources']. Old on-page claim: title='Landscape Lighting in Barrie | Golden Maple Landscaping'; H1='Landscape Lighting in Barrie'. Candidate on-page evidence: title='Landscape Lighting Guide Barrie | Professional LED Systems | Golden Maple | Golden Maple Landscaping'; H1='Landscape Lighting: The Investment That Doubles Your Outdoor Living Hours'. Lexical similarity and sitemap presence are not evidence that the business currently offers the service × municipality combination; owner confirmation required.",NOT_ACCESSIBLE_NO_CREDENTIALS,NOT_ACCESSIBLE_NO_CREDENTIALS,OWNER_CONFIRMATION_REQUIRED,https://goldenmaplelandscaping.ca/resources/landscape-lighting-guide-barrie/,,Read-only crawl found no authenticated owner/GSC offering decision. Do not implement redirect or 410 until owner validates the offering and target; proposed destination is not executable configuration.,
https://seo.goldenmaplelandscaping.ca/landscape-lighting/innisfil/,200,200,https://seo.goldenmaplelandscaping.ca/landscape-lighting/innisfil/,https://seo.goldenmaplelandscaping.ca/landscape-lighting/innisfil/,INDEXABLE,,,Landscape Lighting in Innisfil | Golden Maple Landscaping,Landscape Lighting in Innisfil,"Landscape Lighting for Innisfil homeowners by Golden Maple Landscaping. Starting at $2,500. Call +1-705-790-3838 for a free quote.",615,8,16,https://goldenmaplelandscaping.ca/resources/landscape-lighting-guide-barrie/,LEXICAL_CANDIDATE,"Automated lexical candidate (token overlap=2): old=['innisfil', 'landscape', 'lighting'], candidate=['barrie', 'guide', 'landscape', 'lighting', 'resources']. Old on-page claim: title='Landscape Lighting in Innisfil | Golden Maple Landscaping'; H1='Landscape Lighting in Innisfil'. Candidate on-page evidence: title='Landscape Lighting Guide Barrie | Professional LED Systems | Golden Maple | Golden Maple Landscaping'; H1='Landscape Lighting: The Investment That Doubles Your Outdoor Living Hours'. Lexical similarity and sitemap presence are not evidence that the business currently offers the service × municipality combination; owner confirmation required.",NOT_ACCESSIBLE_NO_CREDENTIALS,NOT_ACCESSIBLE_NO_CREDENTIALS,OWNER_CONFIRMATION_REQUIRED,https://goldenmaplelandscaping.ca/resources/landscape-lighting-guide-barrie/,,Read-only crawl found no authenticated owner/GSC offering decision. Do not implement redirect or 410 until owner validates the offering and target; proposed destination is not executable configuration.,
https://seo.goldenmaplelandscaping.ca/landscape-lighting/bradford/,200,200,https://seo.goldenmaplelandscaping.ca/landscape-lighting/bradford/,https://seo.goldenmaplelandscaping.ca/landscape-lighting/bradford/,INDEXABLE,,,Landscape Lighting in Bradford | Golden Maple Landscaping,Landscape Lighting in Bradford,"Landscape Lighting for Bradford homeowners by Golden Maple Landscaping. Starting at $2,500. Call +1-705-790-3838 for a free quote.",623,8,16,https://goldenmaplelandscaping.ca/resources/landscape-lighting-guide-barrie/,LEXICAL_CANDIDATE,"Automated lexical candidate (token overlap=2): old=['bradford', 'landscape', 'lighting'], candidate=['barrie', 'guide', 'landscape', 'lighting', 'resources']. Old on-page claim: title='Landscape Lighting in Bradford | Golden Maple Landscaping'; H1='Landscape Lighting in Bradford'. Candidate on-page evidence: title='Landscape Lighting Guide Barrie | Professional LED Systems | Golden Maple | Golden Maple Landscaping'; H1='Landscape Lighting: The Investment That Doubles Your Outdoor Living Hours'. Lexical similarity and sitemap presence are not evidence that the business currently offers the service × municipality combination; owner confirmation required.",NOT_ACCESSIBLE_NO_CREDENTIALS,NOT_ACCESSIBLE_NO_CREDENTIALS,OWNER_CONFIRMATION_REQUIRED,https://goldenmaplelandscaping.ca/resources/landscape-lighting-guide-barrie/,,Read-only crawl found no authenticated owner/GSC offering decision. Do not implement redirect or 410 until owner validates the offering and target; proposed destination is not executable configuration.,
https://seo.goldenmaplelandscaping.ca/landscape-lighting/newmarket/,200,200,https://seo.goldenmaplelandscaping.ca/landscape-lighting/newmarket/,https://seo.goldenmaplelandscaping.ca/landscape-lighting/newmarket/,INDEXABLE,,,Landscape Lighting in Newmarket | Golden Maple Landscaping,Landscape Lighting in Newmarket,"Landscape Lighting for Newmarket homeowners by Golden Maple Landscaping. Starting at $2,500. Call +1-705-790-3838 for a free quote.",589,8,5,https://goldenmaplelandscaping.ca/resources/landscape-lighting-guide-barrie/,LEXICAL_CANDIDATE,"Automated lexical candidate (token overlap=2): old=['landscape', 'lighting', 'newmarket'], candidate=['barrie', 'guide', 'landscape', 'lighting', 'resources']. Old on-page claim: title='Landscape Lighting in Newmarket | Golden Maple Landscaping'; H1='Landscape Lighting in Newmarket'. Candidate on-page evidence: title='Landscape Lighting Guide Barrie | Professional LED Systems | Golden Maple | Golden Maple Landscaping'; H1='Landscape Lighting: The Investment That Doubles Your Outdoor Living Hours'. Lexical similarity and sitemap presence are not evidence that the business currently offers the service × municipality combination; owner confirmation required.",NOT_ACCESSIBLE_NO_CREDENTIALS,NOT_ACCESSIBLE_NO_CREDENTIALS,OWNER_CONFIRMATION_REQUIRED,https://goldenmaplelandscaping.ca/resources/landscape-lighting-guide-barrie/,,Read-only crawl found no authenticated owner/GSC offering decision. Do not implement redirect or 410 until owner validates the offering and target; proposed destination is not executable configuration.,
https://seo.goldenmaplelandscaping.ca/landscape-lighting/aurora/,200,200,https://seo.goldenmaplelandscaping.ca/landscape-lighting/aurora/,https://seo.goldenmaplelandscaping.ca/landscape-lighting/aurora/,INDEXABLE,,,Landscape Lighting in Aurora | Golden Maple Landscaping,Landscape Lighting in Aurora,"Landscape Lighting for Aurora homeowners by Golden Maple Landscaping. Starting at $2,500. Call +1-705-790-3838 for a free quote.",551,8,2,https://goldenmaplelandscaping.ca/resources/landscape-lighting-guide-barrie/,LEXICAL_CANDIDATE,"Automated lexical candidate (token overlap=2): old=['aurora', 'landscape', 'lighting'], candidate=['barrie', 'guide', 'landscape', 'lighting', 'resources']. Old on-page claim: title='Landscape Lighting in Aurora | Golden Maple Landscaping'; H1='Landscape Lighting in Aurora'. Candidate on-page evidence: title='Landscape Lighting Guide Barrie | Professional LED Systems | Golden Maple | Golden Maple Landscaping'; H1='Landscape Lighting: The Investment That Doubles Your Outdoor Living Hours'. Lexical similarity and sitemap presence are not evidence that the business currently offers the service × municipality combination; owner confirmation required.",NOT_ACCESSIBLE_NO_CREDENTIALS,NOT_ACCESSIBLE_NO_CREDENTIALS,OWNER_CONFIRMATION_REQUIRED,https://goldenmaplelandscaping.ca/resources/landscape-lighting-guide-barrie/,,Read-only crawl found no authenticated owner/GSC offering decision. Do not implement redirect or 410 until owner validates the offering and target; proposed destination is not executable configuration.,
https://seo.goldenmaplelandscaping.ca/landscape-lighting/richmond-hill/,200,200,https://seo.goldenmaplelandscaping.ca/landscape-lighting/richmond-hill/,https://seo.goldenmaplelandscaping.ca/landscape-lighting/richmond-hill/,INDEXABLE,,,Landscape Lighting in Richmond Hill | Golden Maple Landscaping,Landscape Lighting in Richmond Hill,"Landscape Lighting for Richmond Hill homeowners by Golden Maple Landscaping. Starting at $2,500. Call +1-705-790-3838 for a free quote.",587,8,2,https://goldenmaplelandscaping.ca/resources/landscape-lighting-guide-barrie/,LEXICAL_CANDIDATE,"Automated lexical candidate (token overlap=2): old=['hill', 'landscape', 'lighting', 'richmond'], candidate=['barrie', 'guide', 'landscape', 'lighting', 'resources']. Old on-page claim: title='Landscape Lighting in Richmond Hill | Golden Maple Landscaping'; H1='Landscape Lighting in Richmond Hill'. Candidate on-page evidence: title='Landscape Lighting Guide Barrie | Professional LED Systems | Golden Maple | Golden Maple Landscaping'; H1='Landscape Lighting: The Investment That Doubles Your Outdoor Living Hours'. Lexical similarity and sitemap presence are not evidence that the business currently offers the service × municipality combination; owner confirmation required.",NOT_ACCESSIBLE_NO_CREDENTIALS,NOT_ACCESSIBLE_NO_CREDENTIALS,OWNER_CONFIRMATION_REQUIRED,https://goldenmaplelandscaping.ca/resources/landscape-lighting-guide-barrie/,,Read-only crawl found no authenticated owner/GSC offering decision. Do not implement redirect or 410 until owner validates the offering and target; proposed destination is not executable configuration.,
https://seo.goldenmaplelandscaping.ca/landscape-lighting/vaughan/,200,200,https://seo.goldenmaplelandscaping.ca/landscape-lighting/vaughan/,https://seo.goldenmaplelandscaping.ca/landscape-lighting/vaughan/,INDEXABLE,,,Landscape Lighting in Vaughan | Golden Maple Landscaping,Landscape Lighting in Vaughan,"Landscape Lighting for Vaughan homeowners by Golden Maple Landscaping. Starting at $2,500. Call +1-705-790-3838 for a free quote.",620,8,2,https://goldenmaplelandscaping.ca/resources/landscape-lighting-guide-barrie/,LEXICAL_CANDIDATE,"Automated lexical candidate (token overlap=2): old=['landscape', 'lighting', 'vaughan'], candidate=['barrie', 'guide', 'landscape', 'lighting', 'resources']. Old on-page claim: title='Landscape Lighting in Vaughan | Golden Maple Landscaping'; H1='Landscape Lighting in Vaughan'. Candidate on-page evidence: title='Landscape Lighting Guide Barrie | Professional LED Systems | Golden Maple | Golden Maple Landscaping'; H1='Landscape Lighting: The Investment That Doubles Your Outdoor Living Hours'. Lexical similarity and sitemap presence are not evidence that the business currently offers the service × municipality combination; owner confirmation required.",NOT_ACCESSIBLE_NO_CREDENTIALS,NOT_ACCESSIBLE_NO_CREDENTIALS,OWNER_CONFIRMATION_REQUIRED,https://goldenmaplelandscaping.ca/resources/landscape-lighting-guide-barrie/,,Read-only crawl found no authenticated owner/GSC offering decision. Do not implement redirect or 410 until owner validates the offering and target; proposed destination is not executable configuration.,
https://seo.goldenmaplelandscaping.ca/landscape-lighting/king-city/,200,200,https://seo.goldenmaplelandscaping.ca/landscape-lighting/king-city/,https://seo.goldenmaplelandscaping.ca/landscape-lighting/king-city/,INDEXABLE,,,Landscape Lighting in King City | Golden Maple Landscaping,Landscape Lighting in King City,"Landscape Lighting for King City homeowners by Golden Maple Landscaping. Starting at $2,500. Call +1-705-790-3838 for a free quote.",583,8,2,https://goldenmaplelandscaping.ca/resources/landscape-lighting-guide-barrie/,LEXICAL_CANDIDATE,"Automated lexical candidate (token overlap=2): old=['city', 'king', 'landscape', 'lighting'], candidate=['barrie', 'guide', 'landscape', 'lighting', 'resources']. Old on-page claim: title='Landscape Lighting in King City | Golden Maple Landscaping'; H1='Landscape Lighting in King City'. Candidate on-page evidence: title='Landscape Lighting Guide Barrie | Professional LED Systems | Golden Maple | Golden Maple Landscaping'; H1='Landscape Lighting: The Investment That Doubles Your Outdoor Living Hours'. Lexical similarity and sitemap presence are not evidence that the business currently offers the service × municipality combination; owner confirmation required.",NOT_ACCESSIBLE_NO_CREDENTIALS,NOT_ACCESSIBLE_NO_CREDENTIALS,OWNER_CONFIRMATION_REQUIRED,https://goldenmaplelandscaping.ca/resources/landscape-lighting-guide-barrie/,,Read-only crawl found no authenticated owner/GSC offering decision. Do not implement redirect or 410 until owner validates the offering and target; proposed destination is not executable configuration.,
https://seo.goldenmaplelandscaping.ca/landscape-lighting/orillia/,200,200,https://seo.goldenmaplelandscaping.ca/landscape-lighting/orillia/,https://seo.goldenmaplelandscaping.ca/landscape-lighting/orillia/,INDEXABLE,,,Landscape Lighting in Orillia | Golden Maple Landscaping,Landscape Lighting in Orillia,"Landscape Lighting for Orillia homeowners by Golden Maple Landscaping. Starting at $2,500. Call +1-705-790-3838 for a free quote.",575,8,2,https://goldenmaplelandscaping.ca/resources/landscape-lighting-guide-barrie/,LEXICAL_CANDIDATE,"Automated lexical candidate (token overlap=2): old=['landscape', 'lighting', 'orillia'], candidate=['barrie', 'guide', 'landscape', 'lighting', 'resources']. Old on-page claim: title='Landscape Lighting in Orillia | Golden Maple Landscaping'; H1='Landscape Lighting in Orillia'. Candidate on-page evidence: title='Landscape Lighting Guide Barrie | Professional LED Systems | Golden Maple | Golden Maple Landscaping'; H1='Landscape Lighting: The Investment That Doubles Your Outdoor Living Hours'. Lexical similarity and sitemap presence are not evidence that the business currently offers the service × municipality combination; owner confirmation required.",NOT_ACCESSIBLE_NO_CREDENTIALS,NOT_ACCESSIBLE_NO_CREDENTIALS,OWNER_CONFIRMATION_REQUIRED,https://goldenmaplelandscaping.ca/resources/landscape-lighting-guide-barrie/,,Read-only crawl found no authenticated owner/GSC offering decision. Do not implement redirect or 410 until owner validates the offering and target; proposed destination is not executable configuration.,
https://seo.goldenmaplelandscaping.ca/landscape-lighting/midland/,200,200,https://seo.goldenmaplelandscaping.ca/landscape-lighting/midland/,https://seo.goldenmaplelandscaping.ca/landscape-lighting/midland/,INDEXABLE,,,Landscape Lighting in Midland | Golden Maple Landscaping,Landscape Lighting in Midland,"Landscape Lighting for Midland homeowners by Golden Maple Landscaping. Starting at $2,500. Call +1-705-790-3838 for a free quote.",601,8,2,https://goldenmaplelandscaping.ca/resources/landscape-lighting-guide-barrie/,LEXICAL_CANDIDATE,"Automated lexical candidate (token overlap=2): old=['landscape', 'lighting', 'midland'], candidate=['barrie', 'guide', 'landscape', 'lighting', 'resources']. Old on-page claim: title='Landscape Lighting in Midland | Golden Maple Landscaping'; H1='Landscape Lighting in Midland'. Candidate on-page evidence: title='Landscape Lighting Guide Barrie | Professional LED Systems | Golden Maple | Golden Maple Landscaping'; H1='Landscape Lighting: The Investment That Doubles Your Outdoor Living Hours'. Lexical similarity and sitemap presence are not evidence that the business currently offers the service × municipality combination; owner confirmation required.",NOT_ACCESSIBLE_NO_CREDENTIALS,NOT_ACCESSIBLE_NO_CREDENTIALS,OWNER_CONFIRMATION_REQUIRED,https://goldenmaplelandscaping.ca/resources/landscape-lighting-guide-barrie/,,Read-only crawl found no authenticated owner/GSC offering decision. Do not implement redirect or 410 until owner validates the offering and target; proposed destination is not executable configuration.,
https://seo.goldenmaplelandscaping.ca/landscape-lighting/wasaga-beach/,200,200,https://seo.goldenmaplelandscaping.ca/landscape-lighting/wasaga-beach/,https://seo.goldenmaplelandscaping.ca/landscape-lighting/wasaga-beach/,INDEXABLE,,,Landscape Lighting in Wasaga Beach | Golden Maple Landscaping,Landscape Lighting in Wasaga Beach,"Landscape Lighting for Wasaga Beach homeowners by Golden Maple Landscaping. Starting at $2,500. Call +1-705-790-3838 for a free quote.",570,8,2,https://goldenmaplelandscaping.ca/services/landscape-design-wasaga-beach/,LEXICAL_CANDIDATE,"Automated lexical candidate (token overlap=3): old=['beach', 'landscape', 'lighting', 'wasaga'], candidate=['beach', 'design', 'landscape', 'services', 'wasaga']. Old on-page claim: title='Landscape Lighting in Wasaga Beach | Golden Maple Landscaping'; H1='Landscape Lighting in Wasaga Beach'. Candidate on-page evidence: title='Landscape Design in Wasaga Beach | Premium Landscape Design Services | Golden Maple Landscaping'; H1='Landscape Design | in | Wasaga Beach | , Ontario.'. Lexical similarity and sitemap presence are not evidence that the business currently offers the service × municipality combination; owner confirmation required.",NOT_ACCESSIBLE_NO_CREDENTIALS,NOT_ACCESSIBLE_NO_CREDENTIALS,OWNER_CONFIRMATION_REQUIRED,https://goldenmaplelandscaping.ca/services/landscape-design-wasaga-beach/,,Read-only crawl found no authenticated owner/GSC offering decision. Do not implement redirect or 410 until owner validates the offering and target; proposed destination is not executable configuration.,
https://seo.goldenmaplelandscaping.ca/landscape-lighting/collingwood/,200,200,https://seo.goldenmaplelandscaping.ca/landscape-lighting/collingwood/,https://seo.goldenmaplelandscaping.ca/landscape-lighting/collingwood/,INDEXABLE,,,Landscape Lighting in Collingwood | Golden Maple Landscaping,Landscape Lighting in Collingwood,"Landscape Lighting for Collingwood homeowners by Golden Maple Landscaping. Starting at $2,500. Call +1-705-790-3838 for a free quote.",586,8,2,https://goldenmaplelandscaping.ca/resources/landscape-lighting-guide-barrie/,LEXICAL_CANDIDATE,"Automated lexical candidate (token overlap=2): old=['collingwood', 'landscape', 'lighting'], candidate=['barrie', 'guide', 'landscape', 'lighting', 'resources']. Old on-page claim: title='Landscape Lighting in Collingwood | Golden Maple Landscaping'; H1='Landscape Lighting in Collingwood'. Candidate on-page evidence: title='Landscape Lighting Guide Barrie | Professional LED Systems | Golden Maple | Golden Maple Landscaping'; H1='Landscape Lighting: The Investment That Doubles Your Outdoor Living Hours'. Lexical similarity and sitemap presence are not evidence that the business currently offers the service × municipality combination; owner confirmation required.",NOT_ACCESSIBLE_NO_CREDENTIALS,NOT_ACCESSIBLE_NO_CREDENTIALS,OWNER_CONFIRMATION_REQUIRED,https://goldenmaplelandscaping.ca/resources/landscape-lighting-guide-barrie/,,Read-only crawl found no authenticated owner/GSC offering decision. Do not implement redirect or 410 until owner validates the offering and target; proposed destination is not executable configuration.,
https://seo.goldenmaplelandscaping.ca/landscape-lighting/alliston/,200,200,https://seo.goldenmaplelandscaping.ca/landscape-lighting/alliston/,https://seo.goldenmaplelandscaping.ca/landscape-lighting/alliston/,INDEXABLE,,,Landscape Lighting in Alliston | Golden Maple Landscaping,Landscape Lighting in Alliston,"Landscape Lighting for Alliston homeowners by Golden Maple Landscaping. Starting at $2,500. Call +1-705-790-3838 for a free quote.",572,8,2,https://goldenmaplelandscaping.ca/resources/landscape-lighting-guide-barrie/,LEXICAL_CANDIDATE,"Automated lexical candidate (token overlap=2): old=['alliston', 'landscape', 'lighting'], candidate=['barrie', 'guide', 'landscape', 'lighting', 'resources']. Old on-page claim: title='Landscape Lighting in Alliston | Golden Maple Landscaping'; H1='Landscape Lighting in Alliston'. Candidate on-page evidence: title='Landscape Lighting Guide Barrie | Professional LED Systems | Golden Maple | Golden Maple Landscaping'; H1='Landscape Lighting: The Investment That Doubles Your Outdoor Living Hours'. Lexical similarity and sitemap presence are not evidence that the business currently offers the service × municipality combination; owner confirmation required.",NOT_ACCESSIBLE_NO_CREDENTIALS,NOT_ACCESSIBLE_NO_CREDENTIALS,OWNER_CONFIRMATION_REQUIRED,https://goldenmaplelandscaping.ca/resources/landscape-lighting-guide-barrie/,,Read-only crawl found no authenticated owner/GSC offering decision. Do not implement redirect or 410 until owner validates the offering and target; proposed destination is not executable configuration.,
https://seo.goldenmaplelandscaping.ca/landscape-lighting/angus/,200,200,https://seo.goldenmaplelandscaping.ca/landscape-lighting/angus/,https://seo.goldenmaplelandscaping.ca/landscape-lighting/angus/,INDEXABLE,,,Landscape Lighting in Angus | Golden Maple Landscaping,Landscape Lighting in Angus,"Landscape Lighting for Angus homeowners by Golden Maple Landscaping. Starting at $2,500. Call +1-705-790-3838 for a free quote.",541,8,2,https://goldenmaplelandscaping.ca/resources/landscape-lighting-guide-barrie/,LEXICAL_CANDIDATE,"Automated lexical candidate (token overlap=2): old=['angus', 'landscape', 'lighting'], candidate=['barrie', 'guide', 'landscape', 'lighting', 'resources']. Old on-page claim: title='Landscape Lighting in Angus | Golden Maple Landscaping'; H1='Landscape Lighting in Angus'. Candidate on-page evidence: title='Landscape Lighting Guide Barrie | Professional LED Systems | Golden Maple | Golden Maple Landscaping'; H1='Landscape Lighting: The Investment That Doubles Your Outdoor Living Hours'. Lexical similarity and sitemap presence are not evidence that the business currently offers the service × municipality combination; owner confirmation required.",NOT_ACCESSIBLE_NO_CREDENTIALS,NOT_ACCESSIBLE_NO_CREDENTIALS,OWNER_CONFIRMATION_REQUIRED,https://goldenmaplelandscaping.ca/resources/landscape-lighting-guide-barrie/,,Read-only crawl found no authenticated owner/GSC offering decision. Do not implement redirect or 410 until owner validates the offering and target; proposed destination is not executable configuration.,
https://seo.goldenmaplelandscaping.ca/landscape-lighting/oro-station/,200,200,https://seo.goldenmaplelandscaping.ca/landscape-lighting/oro-station/,https://seo.goldenmaplelandscaping.ca/landscape-lighting/oro-station/,INDEXABLE,,,Landscape Lighting in Oro-Medonte | Golden Maple Landscaping,Landscape Lighting in Oro-Medonte,"Landscape Lighting for Oro-Medonte homeowners by Golden Maple Landscaping. Starting at $2,500. Call +1-705-790-3838 for a free quote.",551,8,2,https://goldenmaplelandscaping.ca/resources/landscape-lighting-guide-barrie/,LEXICAL_CANDIDATE,"Automated lexical candidate (token overlap=2): old=['landscape', 'lighting', 'oro', 'station'], candidate=['barrie', 'guide', 'landscape', 'lighting', 'resources']. Old on-page claim: title='Landscape Lighting in Oro-Medonte | Golden Maple Landscaping'; H1='Landscape Lighting in Oro-Medonte'. Candidate on-page evidence: title='Landscape Lighting Guide Barrie | Professional LED Systems | Golden Maple | Golden Maple Landscaping'; H1='Landscape Lighting: The Investment That Doubles Your Outdoor Living Hours'. Lexical similarity and sitemap presence are not evidence that the business currently offers the service × municipality combination; owner confirmation required.",NOT_ACCESSIBLE_NO_CREDENTIALS,NOT_ACCESSIBLE_NO_CREDENTIALS,OWNER_CONFIRMATION_REQUIRED,https://goldenmaplelandscaping.ca/resources/landscape-lighting-guide-barrie/,,Read-only crawl found no authenticated owner/GSC offering decision. Do not implement redirect or 410 until owner validates the offering and target; proposed destination is not executable configuration.,
