source_url,direct_status,status,final_url,content_type,error,canonical,x_robots_tag,meta_robots,indexability,title,h1,description,word_count,internal_link_count,internal_link_urls,fetch_utc,backlinks_within_old_sitemap,main_domain_equivalent,match_type,service_municipality_offering_evidence,gsc_clicks,gsc_impressions,recommended_disposition,proposed_destination,confirmed_executable_redirect,decision_rationale,service_slug,municipality_slug,service_offered,municipality_offered,gsc_data_status,external_backlinks,external_backlinks_status,robots_txt_allows_googlebot,indexability_note
https://seo.goldenmaplelandscaping.ca/,200,200,https://seo.goldenmaplelandscaping.ca/,text/html; charset=UTF-8,,https://seo.goldenmaplelandscaping.ca/,,,INDEXABLE,Golden Maple Landscaping | Hardscape Contractor in Barrie ON,Golden Maple Landscaping,Golden Maple Landscaping — 8 hardscape services across 15 ON cities. Call +1-705-790-3838 for a free quote.,71,24,"[""https://seo.goldenmaplelandscaping.ca/"", ""https://seo.goldenmaplelandscaping.ca/paver-patio-installation/alliston"", ""https://seo.goldenmaplelandscaping.ca/paver-patio-installation/angus"", ""https://seo.goldenmaplelandscaping.ca/paver-patio-installation/aurora"", ""https://seo.goldenmaplelandscaping.ca/paver-patio-installation/barrie"", ""https://seo.goldenmaplelandscaping.ca/paver-patio-installation/bradford"", ""https://seo.goldenmaplelandscaping.ca/paver-patio-installation/collingwood"", ""https://seo.goldenmaplelandscaping.ca/paver-patio-installation/innisfil"", ""https://seo.goldenmaplelandscaping.ca/paver-patio-installation/king-city"", ""https://seo.goldenmaplelandscaping.ca/paver-patio-installation/midland"", ""https://seo.goldenmaplelandscaping.ca/paver-patio-installation/newmarket"", ""https://seo.goldenmaplelandscaping.ca/paver-patio-installation/orillia"", ""https://seo.goldenmaplelandscaping.ca/paver-patio-installation/oro-station"", ""https://seo.goldenmaplelandscaping.ca/paver-patio-installation/richmond-hill"", ""https://seo.goldenmaplelandscaping.ca/paver-patio-installation/vaughan"", ""https://seo.goldenmaplelandscaping.ca/paver-patio-installation/wasaga-beach"", ""https://seo.goldenmaplelandscaping.ca/services/fire-pit-installation"", ""https://seo.goldenmaplelandscaping.ca/services/front-walkway-installation"", ""https://seo.goldenmaplelandscaping.ca/services/interlocking-driveway"", ""https://seo.goldenmaplelandscaping.ca/services/landscape-lighting"", ""https://seo.goldenmaplelandscaping.ca/services/outdoor-kitchen-construction"", ""https://seo.goldenmaplelandscaping.ca/services/paver-patio-installation"", ""https://seo.goldenmaplelandscaping.ca/services/pool-deck-installation"", ""https://seo.goldenmaplelandscaping.ca/services/retaining-wall-construction""]",2026-09-05T14:51:53.008595+00:00,129,https://goldenmaplelandscaping.ca/,BUSINESS_HOMEPAGE_ONLY,Only the old homepage may have the main homepage as its direct counterpart; not a catch-all for child URLs.,,,OWNER_CONFIRMATION_REQUIRED,https://goldenmaplelandscaping.ca/,,Only the old homepage may have the main homepage as its direct counterpart; not a catch-all for child URLs. Owner must confirm actual offering and target relevance before any routing action.,,,OWNER_CONFIRMATION_REQUIRED,NOT_APPLICABLE_TO_HUB,NOT_OBTAINED_AUTHENTICATED_ACCESS_NOT_VERIFIED,,NOT_OBTAINED_NO_BACKLINK_PROVIDER_QUERIED,True,"Technical crawl eligibility only, not proof of Google indexing; observed robots.txt allows crawling."
https://seo.goldenmaplelandscaping.ca/services/paver-patio-installation/,200,200,https://seo.goldenmaplelandscaping.ca/services/paver-patio-installation/,text/html; charset=UTF-8,,https://seo.goldenmaplelandscaping.ca/services/paver-patio-installation/,,,INDEXABLE,Paver Patio Installation Across ON | Golden Maple Landscaping,Paver Patio Installation,"Golden Maple Landscaping provides paver patio installation across 15 ON cities. Starting at $8,000.",122,16,"[""https://seo.goldenmaplelandscaping.ca/"", ""https://seo.goldenmaplelandscaping.ca/paver-patio-installation/alliston"", ""https://seo.goldenmaplelandscaping.ca/paver-patio-installation/angus"", ""https://seo.goldenmaplelandscaping.ca/paver-patio-installation/aurora"", ""https://seo.goldenmaplelandscaping.ca/paver-patio-installation/barrie"", ""https://seo.goldenmaplelandscaping.ca/paver-patio-installation/bradford"", ""https://seo.goldenmaplelandscaping.ca/paver-patio-installation/collingwood"", ""https://seo.goldenmaplelandscaping.ca/paver-patio-installation/innisfil"", ""https://seo.goldenmaplelandscaping.ca/paver-patio-installation/king-city"", ""https://seo.goldenmaplelandscaping.ca/paver-patio-installation/midland"", ""https://seo.goldenmaplelandscaping.ca/paver-patio-installation/newmarket"", ""https://seo.goldenmaplelandscaping.ca/paver-patio-installation/orillia"", ""https://seo.goldenmaplelandscaping.ca/paver-patio-installation/oro-station"", ""https://seo.goldenmaplelandscaping.ca/paver-patio-installation/richmond-hill"", ""https://seo.goldenmaplelandscaping.ca/paver-patio-installation/vaughan"", ""https://seo.goldenmaplelandscaping.ca/paver-patio-installation/wasaga-beach""]",2026-09-05T14:51:54.076924+00:00,1,https://goldenmaplelandscaping.ca/services/,CONSOLIDATED_SERVICES_REVIEW,"No geographically neutral exact service route established. Services index is a review candidate, not an exact equivalent or approved redirect.",,,OWNER_CONFIRMATION_REQUIRED,https://goldenmaplelandscaping.ca/services/,,"No geographically neutral exact service route established. Services index is a review candidate, not an exact equivalent or approved redirect. Owner must confirm actual offering and target relevance before any routing action.",paver-patio-installation,,OWNER_CONFIRMATION_REQUIRED,NOT_APPLICABLE_TO_HUB,NOT_OBTAINED_AUTHENTICATED_ACCESS_NOT_VERIFIED,,NOT_OBTAINED_NO_BACKLINK_PROVIDER_QUERIED,True,"Technical crawl eligibility only, not proof of Google indexing; observed robots.txt allows crawling."
https://seo.goldenmaplelandscaping.ca/services/retaining-wall-construction/,200,200,https://seo.goldenmaplelandscaping.ca/services/retaining-wall-construction/,text/html; charset=UTF-8,,https://seo.goldenmaplelandscaping.ca/services/retaining-wall-construction/,,,INDEXABLE,Retaining Wall Construction Across ON | Golden Maple Landscaping,Retaining Wall Construction,"Golden Maple Landscaping provides retaining wall construction across 15 ON cities. Starting at $6,500.",114,16,"[""https://seo.goldenmaplelandscaping.ca/"", ""https://seo.goldenmaplelandscaping.ca/retaining-wall-construction/alliston"", ""https://seo.goldenmaplelandscaping.ca/retaining-wall-construction/angus"", ""https://seo.goldenmaplelandscaping.ca/retaining-wall-construction/aurora"", ""https://seo.goldenmaplelandscaping.ca/retaining-wall-construction/barrie"", ""https://seo.goldenmaplelandscaping.ca/retaining-wall-construction/bradford"", ""https://seo.goldenmaplelandscaping.ca/retaining-wall-construction/collingwood"", ""https://seo.goldenmaplelandscaping.ca/retaining-wall-construction/innisfil"", ""https://seo.goldenmaplelandscaping.ca/retaining-wall-construction/king-city"", ""https://seo.goldenmaplelandscaping.ca/retaining-wall-construction/midland"", ""https://seo.goldenmaplelandscaping.ca/retaining-wall-construction/newmarket"", ""https://seo.goldenmaplelandscaping.ca/retaining-wall-construction/orillia"", ""https://seo.goldenmaplelandscaping.ca/retaining-wall-construction/oro-station"", ""https://seo.goldenmaplelandscaping.ca/retaining-wall-construction/richmond-hill"", ""https://seo.goldenmaplelandscaping.ca/retaining-wall-construction/vaughan"", ""https://seo.goldenmaplelandscaping.ca/retaining-wall-construction/wasaga-beach""]",2026-09-05T14:51:55.196100+00:00,1,https://goldenmaplelandscaping.ca/services/,CONSOLIDATED_SERVICES_REVIEW,"No geographically neutral exact service route established. Services index is a review candidate, not an exact equivalent or approved redirect.",,,OWNER_CONFIRMATION_REQUIRED,https://goldenmaplelandscaping.ca/services/,,"No geographically neutral exact service route established. Services index is a review candidate, not an exact equivalent or approved redirect. Owner must confirm actual offering and target relevance before any routing action.",retaining-wall-construction,,OWNER_CONFIRMATION_REQUIRED,NOT_APPLICABLE_TO_HUB,NOT_OBTAINED_AUTHENTICATED_ACCESS_NOT_VERIFIED,,NOT_OBTAINED_NO_BACKLINK_PROVIDER_QUERIED,True,"Technical crawl eligibility only, not proof of Google indexing; observed robots.txt allows crawling."
https://seo.goldenmaplelandscaping.ca/services/interlocking-driveway/,200,200,https://seo.goldenmaplelandscaping.ca/services/interlocking-driveway/,text/html; charset=UTF-8,,https://seo.goldenmaplelandscaping.ca/services/interlocking-driveway/,,,INDEXABLE,Interlocking Driveway Across ON | Golden Maple Landscaping,Interlocking Driveway,"Golden Maple Landscaping provides interlocking driveway across 15 ON cities. Starting at $18,000.",97,16,"[""https://seo.goldenmaplelandscaping.ca/"", ""https://seo.goldenmaplelandscaping.ca/interlocking-driveway/alliston"", ""https://seo.goldenmaplelandscaping.ca/interlocking-driveway/angus"", ""https://seo.goldenmaplelandscaping.ca/interlocking-driveway/aurora"", ""https://seo.goldenmaplelandscaping.ca/interlocking-driveway/barrie"", ""https://seo.goldenmaplelandscaping.ca/interlocking-driveway/bradford"", ""https://seo.goldenmaplelandscaping.ca/interlocking-driveway/collingwood"", ""https://seo.goldenmaplelandscaping.ca/interlocking-driveway/innisfil"", ""https://seo.goldenmaplelandscaping.ca/interlocking-driveway/king-city"", ""https://seo.goldenmaplelandscaping.ca/interlocking-driveway/midland"", ""https://seo.goldenmaplelandscaping.ca/interlocking-driveway/newmarket"", ""https://seo.goldenmaplelandscaping.ca/interlocking-driveway/orillia"", ""https://seo.goldenmaplelandscaping.ca/interlocking-driveway/oro-station"", ""https://seo.goldenmaplelandscaping.ca/interlocking-driveway/richmond-hill"", ""https://seo.goldenmaplelandscaping.ca/interlocking-driveway/vaughan"", ""https://seo.goldenmaplelandscaping.ca/interlocking-driveway/wasaga-beach""]",2026-09-05T14:51:56.296060+00:00,1,https://goldenmaplelandscaping.ca/services/,CONSOLIDATED_SERVICES_REVIEW,"No geographically neutral exact service route established. Services index is a review candidate, not an exact equivalent or approved redirect.",,,OWNER_CONFIRMATION_REQUIRED,https://goldenmaplelandscaping.ca/services/,,"No geographically neutral exact service route established. Services index is a review candidate, not an exact equivalent or approved redirect. Owner must confirm actual offering and target relevance before any routing action.",interlocking-driveway,,OWNER_CONFIRMATION_REQUIRED,NOT_APPLICABLE_TO_HUB,NOT_OBTAINED_AUTHENTICATED_ACCESS_NOT_VERIFIED,,NOT_OBTAINED_NO_BACKLINK_PROVIDER_QUERIED,True,"Technical crawl eligibility only, not proof of Google indexing; observed robots.txt allows crawling."
https://seo.goldenmaplelandscaping.ca/services/pool-deck-installation/,200,200,https://seo.goldenmaplelandscaping.ca/services/pool-deck-installation/,text/html; charset=UTF-8,,https://seo.goldenmaplelandscaping.ca/services/pool-deck-installation/,,,INDEXABLE,Pool Deck Installation Across ON | Golden Maple Landscaping,Pool Deck Installation,"Golden Maple Landscaping provides pool deck installation across 15 ON cities. Starting at $22,000.",114,16,"[""https://seo.goldenmaplelandscaping.ca/"", ""https://seo.goldenmaplelandscaping.ca/pool-deck-installation/alliston"", ""https://seo.goldenmaplelandscaping.ca/pool-deck-installation/angus"", ""https://seo.goldenmaplelandscaping.ca/pool-deck-installation/aurora"", ""https://seo.goldenmaplelandscaping.ca/pool-deck-installation/barrie"", ""https://seo.goldenmaplelandscaping.ca/pool-deck-installation/bradford"", ""https://seo.goldenmaplelandscaping.ca/pool-deck-installation/collingwood"", ""https://seo.goldenmaplelandscaping.ca/pool-deck-installation/innisfil"", ""https://seo.goldenmaplelandscaping.ca/pool-deck-installation/king-city"", ""https://seo.goldenmaplelandscaping.ca/pool-deck-installation/midland"", ""https://seo.goldenmaplelandscaping.ca/pool-deck-installation/newmarket"", ""https://seo.goldenmaplelandscaping.ca/pool-deck-installation/orillia"", ""https://seo.goldenmaplelandscaping.ca/pool-deck-installation/oro-station"", ""https://seo.goldenmaplelandscaping.ca/pool-deck-installation/richmond-hill"", ""https://seo.goldenmaplelandscaping.ca/pool-deck-installation/vaughan"", ""https://seo.goldenmaplelandscaping.ca/pool-deck-installation/wasaga-beach""]",2026-09-05T14:51:57.372439+00:00,1,https://goldenmaplelandscaping.ca/services/,CONSOLIDATED_SERVICES_REVIEW,"No geographically neutral exact service route established. Services index is a review candidate, not an exact equivalent or approved redirect.",,,OWNER_CONFIRMATION_REQUIRED,https://goldenmaplelandscaping.ca/services/,,"No geographically neutral exact service route established. Services index is a review candidate, not an exact equivalent or approved redirect. Owner must confirm actual offering and target relevance before any routing action.",pool-deck-installation,,OWNER_CONFIRMATION_REQUIRED,NOT_APPLICABLE_TO_HUB,NOT_OBTAINED_AUTHENTICATED_ACCESS_NOT_VERIFIED,,NOT_OBTAINED_NO_BACKLINK_PROVIDER_QUERIED,True,"Technical crawl eligibility only, not proof of Google indexing; observed robots.txt allows crawling."
https://seo.goldenmaplelandscaping.ca/services/outdoor-kitchen-construction/,200,200,https://seo.goldenmaplelandscaping.ca/services/outdoor-kitchen-construction/,text/html; charset=UTF-8,,https://seo.goldenmaplelandscaping.ca/services/outdoor-kitchen-construction/,,,INDEXABLE,Outdoor Kitchen Construction Across ON | Golden Maple Landscaping,Outdoor Kitchen Construction,"Golden Maple Landscaping provides outdoor kitchen construction across 15 ON cities. Starting at $28,000.",113,16,"[""https://seo.goldenmaplelandscaping.ca/"", ""https://seo.goldenmaplelandscaping.ca/outdoor-kitchen-construction/alliston"", ""https://seo.goldenmaplelandscaping.ca/outdoor-kitchen-construction/angus"", ""https://seo.goldenmaplelandscaping.ca/outdoor-kitchen-construction/aurora"", ""https://seo.goldenmaplelandscaping.ca/outdoor-kitchen-construction/barrie"", ""https://seo.goldenmaplelandscaping.ca/outdoor-kitchen-construction/bradford"", ""https://seo.goldenmaplelandscaping.ca/outdoor-kitchen-construction/collingwood"", ""https://seo.goldenmaplelandscaping.ca/outdoor-kitchen-construction/innisfil"", ""https://seo.goldenmaplelandscaping.ca/outdoor-kitchen-construction/king-city"", ""https://seo.goldenmaplelandscaping.ca/outdoor-kitchen-construction/midland"", ""https://seo.goldenmaplelandscaping.ca/outdoor-kitchen-construction/newmarket"", ""https://seo.goldenmaplelandscaping.ca/outdoor-kitchen-construction/orillia"", ""https://seo.goldenmaplelandscaping.ca/outdoor-kitchen-construction/oro-station"", ""https://seo.goldenmaplelandscaping.ca/outdoor-kitchen-construction/richmond-hill"", ""https://seo.goldenmaplelandscaping.ca/outdoor-kitchen-construction/vaughan"", ""https://seo.goldenmaplelandscaping.ca/outdoor-kitchen-construction/wasaga-beach""]",2026-09-05T14:51:58.454675+00:00,1,https://goldenmaplelandscaping.ca/services/,CONSOLIDATED_SERVICES_REVIEW,"No geographically neutral exact service route established. Services index is a review candidate, not an exact equivalent or approved redirect.",,,OWNER_CONFIRMATION_REQUIRED,https://goldenmaplelandscaping.ca/services/,,"No geographically neutral exact service route established. Services index is a review candidate, not an exact equivalent or approved redirect. Owner must confirm actual offering and target relevance before any routing action.",outdoor-kitchen-construction,,OWNER_CONFIRMATION_REQUIRED,NOT_APPLICABLE_TO_HUB,NOT_OBTAINED_AUTHENTICATED_ACCESS_NOT_VERIFIED,,NOT_OBTAINED_NO_BACKLINK_PROVIDER_QUERIED,True,"Technical crawl eligibility only, not proof of Google indexing; observed robots.txt allows crawling."
https://seo.goldenmaplelandscaping.ca/services/fire-pit-installation/,200,200,https://seo.goldenmaplelandscaping.ca/services/fire-pit-installation/,text/html; charset=UTF-8,,https://seo.goldenmaplelandscaping.ca/services/fire-pit-installation/,,,INDEXABLE,Fire Pit Installation Across ON | Golden Maple Landscaping,Fire Pit Installation,"Golden Maple Landscaping provides fire pit installation across 15 ON cities. Starting at $3,500.",113,16,"[""https://seo.goldenmaplelandscaping.ca/"", ""https://seo.goldenmaplelandscaping.ca/fire-pit-installation/alliston"", ""https://seo.goldenmaplelandscaping.ca/fire-pit-installation/angus"", ""https://seo.goldenmaplelandscaping.ca/fire-pit-installation/aurora"", ""https://seo.goldenmaplelandscaping.ca/fire-pit-installation/barrie"", ""https://seo.goldenmaplelandscaping.ca/fire-pit-installation/bradford"", ""https://seo.goldenmaplelandscaping.ca/fire-pit-installation/collingwood"", ""https://seo.goldenmaplelandscaping.ca/fire-pit-installation/innisfil"", ""https://seo.goldenmaplelandscaping.ca/fire-pit-installation/king-city"", ""https://seo.goldenmaplelandscaping.ca/fire-pit-installation/midland"", ""https://seo.goldenmaplelandscaping.ca/fire-pit-installation/newmarket"", ""https://seo.goldenmaplelandscaping.ca/fire-pit-installation/orillia"", ""https://seo.goldenmaplelandscaping.ca/fire-pit-installation/oro-station"", ""https://seo.goldenmaplelandscaping.ca/fire-pit-installation/richmond-hill"", ""https://seo.goldenmaplelandscaping.ca/fire-pit-installation/vaughan"", ""https://seo.goldenmaplelandscaping.ca/fire-pit-installation/wasaga-beach""]",2026-09-05T14:51:59.553479+00:00,1,https://goldenmaplelandscaping.ca/services/,CONSOLIDATED_SERVICES_REVIEW,"No geographically neutral exact service route established. Services index is a review candidate, not an exact equivalent or approved redirect.",,,OWNER_CONFIRMATION_REQUIRED,https://goldenmaplelandscaping.ca/services/,,"No geographically neutral exact service route established. Services index is a review candidate, not an exact equivalent or approved redirect. Owner must confirm actual offering and target relevance before any routing action.",fire-pit-installation,,OWNER_CONFIRMATION_REQUIRED,NOT_APPLICABLE_TO_HUB,NOT_OBTAINED_AUTHENTICATED_ACCESS_NOT_VERIFIED,,NOT_OBTAINED_NO_BACKLINK_PROVIDER_QUERIED,True,"Technical crawl eligibility only, not proof of Google indexing; observed robots.txt allows crawling."
https://seo.goldenmaplelandscaping.ca/services/front-walkway-installation/,200,200,https://seo.goldenmaplelandscaping.ca/services/front-walkway-installation/,text/html; charset=UTF-8,,https://seo.goldenmaplelandscaping.ca/services/front-walkway-installation/,,,INDEXABLE,Front Walkway Installation Across ON | Golden Maple Landscaping,Front Walkway Installation,"Golden Maple Landscaping provides front walkway installation across 15 ON cities. Starting at $4,500.",113,16,"[""https://seo.goldenmaplelandscaping.ca/"", ""https://seo.goldenmaplelandscaping.ca/front-walkway-installation/alliston"", ""https://seo.goldenmaplelandscaping.ca/front-walkway-installation/angus"", ""https://seo.goldenmaplelandscaping.ca/front-walkway-installation/aurora"", ""https://seo.goldenmaplelandscaping.ca/front-walkway-installation/barrie"", ""https://seo.goldenmaplelandscaping.ca/front-walkway-installation/bradford"", ""https://seo.goldenmaplelandscaping.ca/front-walkway-installation/collingwood"", ""https://seo.goldenmaplelandscaping.ca/front-walkway-installation/innisfil"", ""https://seo.goldenmaplelandscaping.ca/front-walkway-installation/king-city"", ""https://seo.goldenmaplelandscaping.ca/front-walkway-installation/midland"", ""https://seo.goldenmaplelandscaping.ca/front-walkway-installation/newmarket"", ""https://seo.goldenmaplelandscaping.ca/front-walkway-installation/orillia"", ""https://seo.goldenmaplelandscaping.ca/front-walkway-installation/oro-station"", ""https://seo.goldenmaplelandscaping.ca/front-walkway-installation/richmond-hill"", ""https://seo.goldenmaplelandscaping.ca/front-walkway-installation/vaughan"", ""https://seo.goldenmaplelandscaping.ca/front-walkway-installation/wasaga-beach""]",2026-09-05T14:52:00.662971+00:00,1,https://goldenmaplelandscaping.ca/services/,CONSOLIDATED_SERVICES_REVIEW,"No geographically neutral exact service route established. Services index is a review candidate, not an exact equivalent or approved redirect.",,,OWNER_CONFIRMATION_REQUIRED,https://goldenmaplelandscaping.ca/services/,,"No geographically neutral exact service route established. Services index is a review candidate, not an exact equivalent or approved redirect. Owner must confirm actual offering and target relevance before any routing action.",front-walkway-installation,,OWNER_CONFIRMATION_REQUIRED,NOT_APPLICABLE_TO_HUB,NOT_OBTAINED_AUTHENTICATED_ACCESS_NOT_VERIFIED,,NOT_OBTAINED_NO_BACKLINK_PROVIDER_QUERIED,True,"Technical crawl eligibility only, not proof of Google indexing; observed robots.txt allows crawling."
https://seo.goldenmaplelandscaping.ca/services/landscape-lighting/,200,200,https://seo.goldenmaplelandscaping.ca/services/landscape-lighting/,text/html; charset=UTF-8,,https://seo.goldenmaplelandscaping.ca/services/landscape-lighting/,,,INDEXABLE,Landscape Lighting Across ON | Golden Maple Landscaping,Landscape Lighting,"Golden Maple Landscaping provides landscape lighting across 15 ON cities. Starting at $2,500.",100,16,"[""https://seo.goldenmaplelandscaping.ca/"", ""https://seo.goldenmaplelandscaping.ca/landscape-lighting/alliston"", ""https://seo.goldenmaplelandscaping.ca/landscape-lighting/angus"", ""https://seo.goldenmaplelandscaping.ca/landscape-lighting/aurora"", ""https://seo.goldenmaplelandscaping.ca/landscape-lighting/barrie"", ""https://seo.goldenmaplelandscaping.ca/landscape-lighting/bradford"", ""https://seo.goldenmaplelandscaping.ca/landscape-lighting/collingwood"", ""https://seo.goldenmaplelandscaping.ca/landscape-lighting/innisfil"", ""https://seo.goldenmaplelandscaping.ca/landscape-lighting/king-city"", ""https://seo.goldenmaplelandscaping.ca/landscape-lighting/midland"", ""https://seo.goldenmaplelandscaping.ca/landscape-lighting/newmarket"", ""https://seo.goldenmaplelandscaping.ca/landscape-lighting/orillia"", ""https://seo.goldenmaplelandscaping.ca/landscape-lighting/oro-station"", ""https://seo.goldenmaplelandscaping.ca/landscape-lighting/richmond-hill"", ""https://seo.goldenmaplelandscaping.ca/landscape-lighting/vaughan"", ""https://seo.goldenmaplelandscaping.ca/landscape-lighting/wasaga-beach""]",2026-09-05T14:52:01.744576+00:00,1,https://goldenmaplelandscaping.ca/services/,CONSOLIDATED_SERVICES_REVIEW,"No geographically neutral exact service route established. Services index is a review candidate, not an exact equivalent or approved redirect.",,,OWNER_CONFIRMATION_REQUIRED,https://goldenmaplelandscaping.ca/services/,,"No geographically neutral exact service route established. Services index is a review candidate, not an exact equivalent or approved redirect. Owner must confirm actual offering and target relevance before any routing action.",landscape-lighting,,OWNER_CONFIRMATION_REQUIRED,NOT_APPLICABLE_TO_HUB,NOT_OBTAINED_AUTHENTICATED_ACCESS_NOT_VERIFIED,,NOT_OBTAINED_NO_BACKLINK_PROVIDER_QUERIED,True,"Technical crawl eligibility only, not proof of Google indexing; observed robots.txt allows crawling."
https://seo.goldenmaplelandscaping.ca/paver-patio-installation/barrie/,200,200,https://seo.goldenmaplelandscaping.ca/paver-patio-installation/barrie/,text/html; charset=UTF-8,,https://seo.goldenmaplelandscaping.ca/paver-patio-installation/barrie/,,,INDEXABLE,Paver Patio Installation in Barrie | Golden Maple Landscaping,Paver Patio Installation in Barrie,"Paver Patio Installation for Barrie homeowners by Golden Maple Landscaping. Starting at $8,000. Call +1-705-790-3838 for a free quote.",582,8,"[""https://seo.goldenmaplelandscaping.ca/"", ""https://seo.goldenmaplelandscaping.ca/interlocking-driveway/barrie"", ""https://seo.goldenmaplelandscaping.ca/paver-patio-installation/barrie"", ""https://seo.goldenmaplelandscaping.ca/paver-patio-installation/bradford"", ""https://seo.goldenmaplelandscaping.ca/paver-patio-installation/innisfil"", ""https://seo.goldenmaplelandscaping.ca/paver-patio-installation/newmarket"", ""https://seo.goldenmaplelandscaping.ca/pool-deck-installation/barrie"", ""https://seo.goldenmaplelandscaping.ca/retaining-wall-construction/barrie""]",2026-09-05T14:52:02.816566+00:00,24,https://goldenmaplelandscaping.ca/services/interlocking-barrie/,SAME_CITY_SERVICE_FAMILY,"Same city and relevant service family. Retaining-wall wording aligns; paver/driveway/walkway/pool scopes are broader interlocking candidates, not asserted exact equivalents.",,,OWNER_CONFIRMATION_REQUIRED,https://goldenmaplelandscaping.ca/services/interlocking-barrie/,,"Same city and relevant service family. Retaining-wall wording aligns; paver/driveway/walkway/pool scopes are broader interlocking candidates, not asserted exact equivalents. Owner must confirm actual offering and target relevance before any routing action.",paver-patio-installation,barrie,OWNER_CONFIRMATION_REQUIRED,OWNER_CONFIRMATION_REQUIRED,NOT_OBTAINED_AUTHENTICATED_ACCESS_NOT_VERIFIED,,NOT_OBTAINED_NO_BACKLINK_PROVIDER_QUERIED,True,"Technical crawl eligibility only, not proof of Google indexing; observed robots.txt allows crawling."
https://seo.goldenmaplelandscaping.ca/paver-patio-installation/innisfil/,200,200,https://seo.goldenmaplelandscaping.ca/paver-patio-installation/innisfil/,text/html; charset=UTF-8,,https://seo.goldenmaplelandscaping.ca/paver-patio-installation/innisfil/,,,INDEXABLE,Paver Patio Installation in Innisfil | Golden Maple Landscaping,Paver Patio Installation in Innisfil,"Paver Patio Installation for Innisfil homeowners by Golden Maple Landscaping. Starting at $8,000. Call +1-705-790-3838 for a free quote.",684,8,"[""https://seo.goldenmaplelandscaping.ca/"", ""https://seo.goldenmaplelandscaping.ca/interlocking-driveway/innisfil"", ""https://seo.goldenmaplelandscaping.ca/paver-patio-installation/barrie"", ""https://seo.goldenmaplelandscaping.ca/paver-patio-installation/bradford"", ""https://seo.goldenmaplelandscaping.ca/paver-patio-installation/innisfil"", ""https://seo.goldenmaplelandscaping.ca/paver-patio-installation/newmarket"", ""https://seo.goldenmaplelandscaping.ca/pool-deck-installation/innisfil"", ""https://seo.goldenmaplelandscaping.ca/retaining-wall-construction/innisfil""]",2026-09-05T14:52:03.958895+00:00,24,https://goldenmaplelandscaping.ca/services/interlocking-innisfil/,SAME_CITY_SERVICE_FAMILY,"Same city and relevant service family. Retaining-wall wording aligns; paver/driveway/walkway/pool scopes are broader interlocking candidates, not asserted exact equivalents.",,,OWNER_CONFIRMATION_REQUIRED,https://goldenmaplelandscaping.ca/services/interlocking-innisfil/,,"Same city and relevant service family. Retaining-wall wording aligns; paver/driveway/walkway/pool scopes are broader interlocking candidates, not asserted exact equivalents. Owner must confirm actual offering and target relevance before any routing action.",paver-patio-installation,innisfil,OWNER_CONFIRMATION_REQUIRED,OWNER_CONFIRMATION_REQUIRED,NOT_OBTAINED_AUTHENTICATED_ACCESS_NOT_VERIFIED,,NOT_OBTAINED_NO_BACKLINK_PROVIDER_QUERIED,True,"Technical crawl eligibility only, not proof of Google indexing; observed robots.txt allows crawling."
https://seo.goldenmaplelandscaping.ca/paver-patio-installation/bradford/,200,200,https://seo.goldenmaplelandscaping.ca/paver-patio-installation/bradford/,text/html; charset=UTF-8,,https://seo.goldenmaplelandscaping.ca/paver-patio-installation/bradford/,,,INDEXABLE,Paver Patio Installation in Bradford | Golden Maple Landscaping,Paver Patio Installation in Bradford,"Paver Patio Installation for Bradford homeowners by Golden Maple Landscaping. Starting at $8,000. Call +1-705-790-3838 for a free quote.",642,8,"[""https://seo.goldenmaplelandscaping.ca/"", ""https://seo.goldenmaplelandscaping.ca/interlocking-driveway/bradford"", ""https://seo.goldenmaplelandscaping.ca/paver-patio-installation/barrie"", ""https://seo.goldenmaplelandscaping.ca/paver-patio-installation/bradford"", ""https://seo.goldenmaplelandscaping.ca/paver-patio-installation/innisfil"", ""https://seo.goldenmaplelandscaping.ca/paver-patio-installation/newmarket"", ""https://seo.goldenmaplelandscaping.ca/pool-deck-installation/bradford"", ""https://seo.goldenmaplelandscaping.ca/retaining-wall-construction/bradford""]",2026-09-05T14:52:05.126060+00:00,24,,NO_HONEST_EQUIVALENT_ESTABLISHED,No confirmed offering or appropriate same-market destination; do not infer a 410 from this absence.,,,OWNER_CONFIRMATION_REQUIRED,,,No confirmed offering or appropriate same-market destination; do not infer a 410 from this absence. Owner must confirm actual offering and target relevance before any routing action.,paver-patio-installation,bradford,OWNER_CONFIRMATION_REQUIRED,OWNER_CONFIRMATION_REQUIRED,NOT_OBTAINED_AUTHENTICATED_ACCESS_NOT_VERIFIED,,NOT_OBTAINED_NO_BACKLINK_PROVIDER_QUERIED,True,"Technical crawl eligibility only, not proof of Google indexing; observed robots.txt allows crawling."
https://seo.goldenmaplelandscaping.ca/paver-patio-installation/newmarket/,200,200,https://seo.goldenmaplelandscaping.ca/paver-patio-installation/newmarket/,text/html; charset=UTF-8,,https://seo.goldenmaplelandscaping.ca/paver-patio-installation/newmarket/,,,INDEXABLE,Paver Patio Installation in Newmarket | Golden Maple Landscaping,Paver Patio Installation in Newmarket,"Paver Patio Installation for Newmarket homeowners by Golden Maple Landscaping. Starting at $8,000. Call +1-705-790-3838 for a free quote.",635,8,"[""https://seo.goldenmaplelandscaping.ca/"", ""https://seo.goldenmaplelandscaping.ca/interlocking-driveway/newmarket"", ""https://seo.goldenmaplelandscaping.ca/paver-patio-installation/barrie"", ""https://seo.goldenmaplelandscaping.ca/paver-patio-installation/bradford"", ""https://seo.goldenmaplelandscaping.ca/paver-patio-installation/innisfil"", ""https://seo.goldenmaplelandscaping.ca/paver-patio-installation/newmarket"", ""https://seo.goldenmaplelandscaping.ca/pool-deck-installation/newmarket"", ""https://seo.goldenmaplelandscaping.ca/retaining-wall-construction/newmarket""]",2026-09-05T14:52:06.216109+00:00,13,,NO_HONEST_EQUIVALENT_ESTABLISHED,No confirmed offering or appropriate same-market destination; do not infer a 410 from this absence.,,,OWNER_CONFIRMATION_REQUIRED,,,No confirmed offering or appropriate same-market destination; do not infer a 410 from this absence. Owner must confirm actual offering and target relevance before any routing action.,paver-patio-installation,newmarket,OWNER_CONFIRMATION_REQUIRED,OWNER_CONFIRMATION_REQUIRED,NOT_OBTAINED_AUTHENTICATED_ACCESS_NOT_VERIFIED,,NOT_OBTAINED_NO_BACKLINK_PROVIDER_QUERIED,True,"Technical crawl eligibility only, not proof of Google indexing; observed robots.txt allows crawling."
https://seo.goldenmaplelandscaping.ca/paver-patio-installation/aurora/,200,200,https://seo.goldenmaplelandscaping.ca/paver-patio-installation/aurora/,text/html; charset=UTF-8,,https://seo.goldenmaplelandscaping.ca/paver-patio-installation/aurora/,,,INDEXABLE,Paver Patio Installation in Aurora | Golden Maple Landscaping,Paver Patio Installation in Aurora,"Paver Patio Installation for Aurora homeowners by Golden Maple Landscaping. Starting at $8,000. Call +1-705-790-3838 for a free quote.",663,8,"[""https://seo.goldenmaplelandscaping.ca/"", ""https://seo.goldenmaplelandscaping.ca/interlocking-driveway/aurora"", ""https://seo.goldenmaplelandscaping.ca/paver-patio-installation/aurora"", ""https://seo.goldenmaplelandscaping.ca/paver-patio-installation/barrie"", ""https://seo.goldenmaplelandscaping.ca/paver-patio-installation/bradford"", ""https://seo.goldenmaplelandscaping.ca/paver-patio-installation/innisfil"", ""https://seo.goldenmaplelandscaping.ca/pool-deck-installation/aurora"", ""https://seo.goldenmaplelandscaping.ca/retaining-wall-construction/aurora""]",2026-09-05T14:52:07.304765+00:00,10,,NO_HONEST_EQUIVALENT_ESTABLISHED,No confirmed offering or appropriate same-market destination; do not infer a 410 from this absence.,,,OWNER_CONFIRMATION_REQUIRED,,,No confirmed offering or appropriate same-market destination; do not infer a 410 from this absence. Owner must confirm actual offering and target relevance before any routing action.,paver-patio-installation,aurora,OWNER_CONFIRMATION_REQUIRED,OWNER_CONFIRMATION_REQUIRED,NOT_OBTAINED_AUTHENTICATED_ACCESS_NOT_VERIFIED,,NOT_OBTAINED_NO_BACKLINK_PROVIDER_QUERIED,True,"Technical crawl eligibility only, not proof of Google indexing; observed robots.txt allows crawling."
https://seo.goldenmaplelandscaping.ca/paver-patio-installation/richmond-hill/,200,200,https://seo.goldenmaplelandscaping.ca/paver-patio-installation/richmond-hill/,text/html; charset=UTF-8,,https://seo.goldenmaplelandscaping.ca/paver-patio-installation/richmond-hill/,,,INDEXABLE,Paver Patio Installation in Richmond Hill | Golden Maple Landscaping,Paver Patio Installation in Richmond Hill,"Paver Patio Installation for Richmond Hill homeowners by Golden Maple Landscaping. Starting at $8,000. Call +1-705-790-3838 for a free quote.",628,8,"[""https://seo.goldenmaplelandscaping.ca/"", ""https://seo.goldenmaplelandscaping.ca/interlocking-driveway/richmond-hill"", ""https://seo.goldenmaplelandscaping.ca/paver-patio-installation/barrie"", ""https://seo.goldenmaplelandscaping.ca/paver-patio-installation/bradford"", ""https://seo.goldenmaplelandscaping.ca/paver-patio-installation/innisfil"", ""https://seo.goldenmaplelandscaping.ca/paver-patio-installation/richmond-hill"", ""https://seo.goldenmaplelandscaping.ca/pool-deck-installation/richmond-hill"", ""https://seo.goldenmaplelandscaping.ca/retaining-wall-construction/richmond-hill""]",2026-09-05T14:52:08.326435+00:00,10,,NO_HONEST_EQUIVALENT_ESTABLISHED,No confirmed offering or appropriate same-market destination; do not infer a 410 from this absence.,,,OWNER_CONFIRMATION_REQUIRED,,,No confirmed offering or appropriate same-market destination; do not infer a 410 from this absence. Owner must confirm actual offering and target relevance before any routing action.,paver-patio-installation,richmond-hill,OWNER_CONFIRMATION_REQUIRED,OWNER_CONFIRMATION_REQUIRED,NOT_OBTAINED_AUTHENTICATED_ACCESS_NOT_VERIFIED,,NOT_OBTAINED_NO_BACKLINK_PROVIDER_QUERIED,True,"Technical crawl eligibility only, not proof of Google indexing; observed robots.txt allows crawling."
https://seo.goldenmaplelandscaping.ca/paver-patio-installation/vaughan/,200,200,https://seo.goldenmaplelandscaping.ca/paver-patio-installation/vaughan/,text/html; charset=UTF-8,,https://seo.goldenmaplelandscaping.ca/paver-patio-installation/vaughan/,,,INDEXABLE,Paver Patio Installation in Vaughan | Golden Maple Landscaping,Paver Patio Installation in Vaughan,"Paver Patio Installation for Vaughan homeowners by Golden Maple Landscaping. Starting at $8,000. Call +1-705-790-3838 for a free quote.",585,8,"[""https://seo.goldenmaplelandscaping.ca/"", ""https://seo.goldenmaplelandscaping.ca/interlocking-driveway/vaughan"", ""https://seo.goldenmaplelandscaping.ca/paver-patio-installation/barrie"", ""https://seo.goldenmaplelandscaping.ca/paver-patio-installation/bradford"", ""https://seo.goldenmaplelandscaping.ca/paver-patio-installation/innisfil"", ""https://seo.goldenmaplelandscaping.ca/paver-patio-installation/vaughan"", ""https://seo.goldenmaplelandscaping.ca/pool-deck-installation/vaughan"", ""https://seo.goldenmaplelandscaping.ca/retaining-wall-construction/vaughan""]",2026-09-05T14:52:09.387040+00:00,10,,NO_HONEST_EQUIVALENT_ESTABLISHED,No confirmed offering or appropriate same-market destination; do not infer a 410 from this absence.,,,OWNER_CONFIRMATION_REQUIRED,,,No confirmed offering or appropriate same-market destination; do not infer a 410 from this absence. Owner must confirm actual offering and target relevance before any routing action.,paver-patio-installation,vaughan,OWNER_CONFIRMATION_REQUIRED,OWNER_CONFIRMATION_REQUIRED,NOT_OBTAINED_AUTHENTICATED_ACCESS_NOT_VERIFIED,,NOT_OBTAINED_NO_BACKLINK_PROVIDER_QUERIED,True,"Technical crawl eligibility only, not proof of Google indexing; observed robots.txt allows crawling."
https://seo.goldenmaplelandscaping.ca/paver-patio-installation/king-city/,200,200,https://seo.goldenmaplelandscaping.ca/paver-patio-installation/king-city/,text/html; charset=UTF-8,,https://seo.goldenmaplelandscaping.ca/paver-patio-installation/king-city/,,,INDEXABLE,Paver Patio Installation in King City | Golden Maple Landscaping,Paver Patio Installation in King City,"Paver Patio Installation for King City homeowners by Golden Maple Landscaping. Starting at $8,000. Call +1-705-790-3838 for a free quote.",606,8,"[""https://seo.goldenmaplelandscaping.ca/"", ""https://seo.goldenmaplelandscaping.ca/interlocking-driveway/king-city"", ""https://seo.goldenmaplelandscaping.ca/paver-patio-installation/barrie"", ""https://seo.goldenmaplelandscaping.ca/paver-patio-installation/bradford"", ""https://seo.goldenmaplelandscaping.ca/paver-patio-installation/innisfil"", ""https://seo.goldenmaplelandscaping.ca/paver-patio-installation/king-city"", ""https://seo.goldenmaplelandscaping.ca/pool-deck-installation/king-city"", ""https://seo.goldenmaplelandscaping.ca/retaining-wall-construction/king-city""]",2026-09-05T14:52:10.437204+00:00,10,,NO_HONEST_EQUIVALENT_ESTABLISHED,No confirmed offering or appropriate same-market destination; do not infer a 410 from this absence.,,,OWNER_CONFIRMATION_REQUIRED,,,No confirmed offering or appropriate same-market destination; do not infer a 410 from this absence. Owner must confirm actual offering and target relevance before any routing action.,paver-patio-installation,king-city,OWNER_CONFIRMATION_REQUIRED,OWNER_CONFIRMATION_REQUIRED,NOT_OBTAINED_AUTHENTICATED_ACCESS_NOT_VERIFIED,,NOT_OBTAINED_NO_BACKLINK_PROVIDER_QUERIED,True,"Technical crawl eligibility only, not proof of Google indexing; observed robots.txt allows crawling."
https://seo.goldenmaplelandscaping.ca/paver-patio-installation/orillia/,200,200,https://seo.goldenmaplelandscaping.ca/paver-patio-installation/orillia/,text/html; charset=UTF-8,,https://seo.goldenmaplelandscaping.ca/paver-patio-installation/orillia/,,,INDEXABLE,Paver Patio Installation in Orillia | Golden Maple Landscaping,Paver Patio Installation in Orillia,"Paver Patio Installation for Orillia homeowners by Golden Maple Landscaping. Starting at $8,000. Call +1-705-790-3838 for a free quote.",629,8,"[""https://seo.goldenmaplelandscaping.ca/"", ""https://seo.goldenmaplelandscaping.ca/interlocking-driveway/orillia"", ""https://seo.goldenmaplelandscaping.ca/paver-patio-installation/barrie"", ""https://seo.goldenmaplelandscaping.ca/paver-patio-installation/bradford"", ""https://seo.goldenmaplelandscaping.ca/paver-patio-installation/innisfil"", ""https://seo.goldenmaplelandscaping.ca/paver-patio-installation/orillia"", ""https://seo.goldenmaplelandscaping.ca/pool-deck-installation/orillia"", ""https://seo.goldenmaplelandscaping.ca/retaining-wall-construction/orillia""]",2026-09-05T14:52:11.439047+00:00,10,https://goldenmaplelandscaping.ca/services/interlocking-orillia/,SAME_CITY_SERVICE_FAMILY,"Same city and relevant service family. Retaining-wall wording aligns; paver/driveway/walkway/pool scopes are broader interlocking candidates, not asserted exact equivalents.",,,OWNER_CONFIRMATION_REQUIRED,https://goldenmaplelandscaping.ca/services/interlocking-orillia/,,"Same city and relevant service family. Retaining-wall wording aligns; paver/driveway/walkway/pool scopes are broader interlocking candidates, not asserted exact equivalents. Owner must confirm actual offering and target relevance before any routing action.",paver-patio-installation,orillia,OWNER_CONFIRMATION_REQUIRED,OWNER_CONFIRMATION_REQUIRED,NOT_OBTAINED_AUTHENTICATED_ACCESS_NOT_VERIFIED,,NOT_OBTAINED_NO_BACKLINK_PROVIDER_QUERIED,True,"Technical crawl eligibility only, not proof of Google indexing; observed robots.txt allows crawling."
https://seo.goldenmaplelandscaping.ca/paver-patio-installation/midland/,200,200,https://seo.goldenmaplelandscaping.ca/paver-patio-installation/midland/,text/html; charset=UTF-8,,https://seo.goldenmaplelandscaping.ca/paver-patio-installation/midland/,,,INDEXABLE,Paver Patio Installation in Midland | Golden Maple Landscaping,Paver Patio Installation in Midland,"Paver Patio Installation for Midland homeowners by Golden Maple Landscaping. Starting at $8,000. Call +1-705-790-3838 for a free quote.",651,8,"[""https://seo.goldenmaplelandscaping.ca/"", ""https://seo.goldenmaplelandscaping.ca/interlocking-driveway/midland"", ""https://seo.goldenmaplelandscaping.ca/paver-patio-installation/barrie"", ""https://seo.goldenmaplelandscaping.ca/paver-patio-installation/bradford"", ""https://seo.goldenmaplelandscaping.ca/paver-patio-installation/innisfil"", ""https://seo.goldenmaplelandscaping.ca/paver-patio-installation/midland"", ""https://seo.goldenmaplelandscaping.ca/pool-deck-installation/midland"", ""https://seo.goldenmaplelandscaping.ca/retaining-wall-construction/midland""]",2026-09-05T14:52:12.400607+00:00,10,https://goldenmaplelandscaping.ca/services/interlocking-midland/,SAME_CITY_SERVICE_FAMILY,"Same city and relevant service family. Retaining-wall wording aligns; paver/driveway/walkway/pool scopes are broader interlocking candidates, not asserted exact equivalents.",,,OWNER_CONFIRMATION_REQUIRED,https://goldenmaplelandscaping.ca/services/interlocking-midland/,,"Same city and relevant service family. Retaining-wall wording aligns; paver/driveway/walkway/pool scopes are broader interlocking candidates, not asserted exact equivalents. Owner must confirm actual offering and target relevance before any routing action.",paver-patio-installation,midland,OWNER_CONFIRMATION_REQUIRED,OWNER_CONFIRMATION_REQUIRED,NOT_OBTAINED_AUTHENTICATED_ACCESS_NOT_VERIFIED,,NOT_OBTAINED_NO_BACKLINK_PROVIDER_QUERIED,True,"Technical crawl eligibility only, not proof of Google indexing; observed robots.txt allows crawling."
https://seo.goldenmaplelandscaping.ca/paver-patio-installation/wasaga-beach/,200,200,https://seo.goldenmaplelandscaping.ca/paver-patio-installation/wasaga-beach/,text/html; charset=UTF-8,,https://seo.goldenmaplelandscaping.ca/paver-patio-installation/wasaga-beach/,,,INDEXABLE,Paver Patio Installation in Wasaga Beach | Golden Maple Landscaping,Paver Patio Installation in Wasaga Beach,"Paver Patio Installation for Wasaga Beach homeowners by Golden Maple Landscaping. Starting at $8,000. Call +1-705-790-3838 for a free quote.",593,8,"[""https://seo.goldenmaplelandscaping.ca/"", ""https://seo.goldenmaplelandscaping.ca/interlocking-driveway/wasaga-beach"", ""https://seo.goldenmaplelandscaping.ca/paver-patio-installation/barrie"", ""https://seo.goldenmaplelandscaping.ca/paver-patio-installation/bradford"", ""https://seo.goldenmaplelandscaping.ca/paver-patio-installation/innisfil"", ""https://seo.goldenmaplelandscaping.ca/paver-patio-installation/wasaga-beach"", ""https://seo.goldenmaplelandscaping.ca/pool-deck-installation/wasaga-beach"", ""https://seo.goldenmaplelandscaping.ca/retaining-wall-construction/wasaga-beach""]",2026-09-05T14:52:13.413089+00:00,10,https://goldenmaplelandscaping.ca/services/interlocking-wasaga-beach/,SAME_CITY_SERVICE_FAMILY,"Same city and relevant service family. Retaining-wall wording aligns; paver/driveway/walkway/pool scopes are broader interlocking candidates, not asserted exact equivalents.",,,OWNER_CONFIRMATION_REQUIRED,https://goldenmaplelandscaping.ca/services/interlocking-wasaga-beach/,,"Same city and relevant service family. Retaining-wall wording aligns; paver/driveway/walkway/pool scopes are broader interlocking candidates, not asserted exact equivalents. Owner must confirm actual offering and target relevance before any routing action.",paver-patio-installation,wasaga-beach,OWNER_CONFIRMATION_REQUIRED,OWNER_CONFIRMATION_REQUIRED,NOT_OBTAINED_AUTHENTICATED_ACCESS_NOT_VERIFIED,,NOT_OBTAINED_NO_BACKLINK_PROVIDER_QUERIED,True,"Technical crawl eligibility only, not proof of Google indexing; observed robots.txt allows crawling."
https://seo.goldenmaplelandscaping.ca/paver-patio-installation/collingwood/,200,200,https://seo.goldenmaplelandscaping.ca/paver-patio-installation/collingwood/,text/html; charset=UTF-8,,https://seo.goldenmaplelandscaping.ca/paver-patio-installation/collingwood/,,,INDEXABLE,Paver Patio Installation in Collingwood | Golden Maple Landscaping,Paver Patio Installation in Collingwood,"Paver Patio Installation for Collingwood homeowners by Golden Maple Landscaping. Starting at $8,000. Call +1-705-790-3838 for a free quote.",581,8,"[""https://seo.goldenmaplelandscaping.ca/"", ""https://seo.goldenmaplelandscaping.ca/interlocking-driveway/collingwood"", ""https://seo.goldenmaplelandscaping.ca/paver-patio-installation/barrie"", ""https://seo.goldenmaplelandscaping.ca/paver-patio-installation/bradford"", ""https://seo.goldenmaplelandscaping.ca/paver-patio-installation/collingwood"", ""https://seo.goldenmaplelandscaping.ca/paver-patio-installation/innisfil"", ""https://seo.goldenmaplelandscaping.ca/pool-deck-installation/collingwood"", ""https://seo.goldenmaplelandscaping.ca/retaining-wall-construction/collingwood""]",2026-09-05T14:52:14.394298+00:00,10,https://goldenmaplelandscaping.ca/services/interlocking-collingwood/,SAME_CITY_SERVICE_FAMILY,"Same city and relevant service family. Retaining-wall wording aligns; paver/driveway/walkway/pool scopes are broader interlocking candidates, not asserted exact equivalents.",,,OWNER_CONFIRMATION_REQUIRED,https://goldenmaplelandscaping.ca/services/interlocking-collingwood/,,"Same city and relevant service family. Retaining-wall wording aligns; paver/driveway/walkway/pool scopes are broader interlocking candidates, not asserted exact equivalents. Owner must confirm actual offering and target relevance before any routing action.",paver-patio-installation,collingwood,OWNER_CONFIRMATION_REQUIRED,OWNER_CONFIRMATION_REQUIRED,NOT_OBTAINED_AUTHENTICATED_ACCESS_NOT_VERIFIED,,NOT_OBTAINED_NO_BACKLINK_PROVIDER_QUERIED,True,"Technical crawl eligibility only, not proof of Google indexing; observed robots.txt allows crawling."
https://seo.goldenmaplelandscaping.ca/paver-patio-installation/alliston/,200,200,https://seo.goldenmaplelandscaping.ca/paver-patio-installation/alliston/,text/html; charset=UTF-8,,https://seo.goldenmaplelandscaping.ca/paver-patio-installation/alliston/,,,INDEXABLE,Paver Patio Installation in Alliston | Golden Maple Landscaping,Paver Patio Installation in Alliston,"Paver Patio Installation for Alliston homeowners by Golden Maple Landscaping. Starting at $8,000. Call +1-705-790-3838 for a free quote.",633,8,"[""https://seo.goldenmaplelandscaping.ca/"", ""https://seo.goldenmaplelandscaping.ca/interlocking-driveway/alliston"", ""https://seo.goldenmaplelandscaping.ca/paver-patio-installation/alliston"", ""https://seo.goldenmaplelandscaping.ca/paver-patio-installation/barrie"", ""https://seo.goldenmaplelandscaping.ca/paver-patio-installation/bradford"", ""https://seo.goldenmaplelandscaping.ca/paver-patio-installation/innisfil"", ""https://seo.goldenmaplelandscaping.ca/pool-deck-installation/alliston"", ""https://seo.goldenmaplelandscaping.ca/retaining-wall-construction/alliston""]",2026-09-05T14:52:15.445158+00:00,10,,NO_HONEST_EQUIVALENT_ESTABLISHED,No confirmed offering or appropriate same-market destination; do not infer a 410 from this absence.,,,OWNER_CONFIRMATION_REQUIRED,,,No confirmed offering or appropriate same-market destination; do not infer a 410 from this absence. Owner must confirm actual offering and target relevance before any routing action.,paver-patio-installation,alliston,OWNER_CONFIRMATION_REQUIRED,OWNER_CONFIRMATION_REQUIRED,NOT_OBTAINED_AUTHENTICATED_ACCESS_NOT_VERIFIED,,NOT_OBTAINED_NO_BACKLINK_PROVIDER_QUERIED,True,"Technical crawl eligibility only, not proof of Google indexing; observed robots.txt allows crawling."
https://seo.goldenmaplelandscaping.ca/paver-patio-installation/angus/,200,200,https://seo.goldenmaplelandscaping.ca/paver-patio-installation/angus/,text/html; charset=UTF-8,,https://seo.goldenmaplelandscaping.ca/paver-patio-installation/angus/,,,INDEXABLE,Paver Patio Installation in Angus | Golden Maple Landscaping,Paver Patio Installation in Angus,"Paver Patio Installation for Angus homeowners by Golden Maple Landscaping. Starting at $8,000. Call +1-705-790-3838 for a free quote.",626,8,"[""https://seo.goldenmaplelandscaping.ca/"", ""https://seo.goldenmaplelandscaping.ca/interlocking-driveway/angus"", ""https://seo.goldenmaplelandscaping.ca/paver-patio-installation/angus"", ""https://seo.goldenmaplelandscaping.ca/paver-patio-installation/barrie"", ""https://seo.goldenmaplelandscaping.ca/paver-patio-installation/bradford"", ""https://seo.goldenmaplelandscaping.ca/paver-patio-installation/innisfil"", ""https://seo.goldenmaplelandscaping.ca/pool-deck-installation/angus"", ""https://seo.goldenmaplelandscaping.ca/retaining-wall-construction/angus""]",2026-09-05T14:52:16.500995+00:00,10,,NO_HONEST_EQUIVALENT_ESTABLISHED,No confirmed offering or appropriate same-market destination; do not infer a 410 from this absence.,,,OWNER_CONFIRMATION_REQUIRED,,,No confirmed offering or appropriate same-market destination; do not infer a 410 from this absence. Owner must confirm actual offering and target relevance before any routing action.,paver-patio-installation,angus,OWNER_CONFIRMATION_REQUIRED,OWNER_CONFIRMATION_REQUIRED,NOT_OBTAINED_AUTHENTICATED_ACCESS_NOT_VERIFIED,,NOT_OBTAINED_NO_BACKLINK_PROVIDER_QUERIED,True,"Technical crawl eligibility only, not proof of Google indexing; observed robots.txt allows crawling."
https://seo.goldenmaplelandscaping.ca/paver-patio-installation/oro-station/,200,200,https://seo.goldenmaplelandscaping.ca/paver-patio-installation/oro-station/,text/html; charset=UTF-8,,https://seo.goldenmaplelandscaping.ca/paver-patio-installation/oro-station/,,,INDEXABLE,Paver Patio Installation in Oro-Medonte | Golden Maple Landscaping,Paver Patio Installation in Oro-Medonte,"Paver Patio Installation for Oro-Medonte homeowners by Golden Maple Landscaping. Starting at $8,000. Call +1-705-790-3838 for a free quote.",624,8,"[""https://seo.goldenmaplelandscaping.ca/"", ""https://seo.goldenmaplelandscaping.ca/interlocking-driveway/oro-station"", ""https://seo.goldenmaplelandscaping.ca/paver-patio-installation/barrie"", ""https://seo.goldenmaplelandscaping.ca/paver-patio-installation/bradford"", ""https://seo.goldenmaplelandscaping.ca/paver-patio-installation/innisfil"", ""https://seo.goldenmaplelandscaping.ca/paver-patio-installation/oro-station"", ""https://seo.goldenmaplelandscaping.ca/pool-deck-installation/oro-station"", ""https://seo.goldenmaplelandscaping.ca/retaining-wall-construction/oro-station""]",2026-09-05T14:52:17.546160+00:00,10,,NO_HONEST_EQUIVALENT_ESTABLISHED,No confirmed offering or appropriate same-market destination; do not infer a 410 from this absence. Oro Station must not silently be treated as equivalent to all Oro-Medonte; confirm geography and service scope.,,,OWNER_CONFIRMATION_REQUIRED,,,No confirmed offering or appropriate same-market destination; do not infer a 410 from this absence. Oro Station must not silently be treated as equivalent to all Oro-Medonte; confirm geography and service scope. Owner must confirm actual offering and target relevance before any routing action.,paver-patio-installation,oro-station,OWNER_CONFIRMATION_REQUIRED,OWNER_CONFIRMATION_REQUIRED,NOT_OBTAINED_AUTHENTICATED_ACCESS_NOT_VERIFIED,,NOT_OBTAINED_NO_BACKLINK_PROVIDER_QUERIED,True,"Technical crawl eligibility only, not proof of Google indexing; observed robots.txt allows crawling."
https://seo.goldenmaplelandscaping.ca/retaining-wall-construction/barrie/,200,200,https://seo.goldenmaplelandscaping.ca/retaining-wall-construction/barrie/,text/html; charset=UTF-8,,https://seo.goldenmaplelandscaping.ca/retaining-wall-construction/barrie/,,,INDEXABLE,Retaining Wall Construction in Barrie | Golden Maple Landscaping,Retaining Wall Construction in Barrie,"Retaining Wall Construction for Barrie homeowners by Golden Maple Landscaping. Starting at $6,500. Call +1-705-790-3838 for a free quote.",641,8,"[""https://seo.goldenmaplelandscaping.ca/"", ""https://seo.goldenmaplelandscaping.ca/interlocking-driveway/barrie"", ""https://seo.goldenmaplelandscaping.ca/paver-patio-installation/barrie"", ""https://seo.goldenmaplelandscaping.ca/pool-deck-installation/barrie"", ""https://seo.goldenmaplelandscaping.ca/retaining-wall-construction/barrie"", ""https://seo.goldenmaplelandscaping.ca/retaining-wall-construction/bradford"", ""https://seo.goldenmaplelandscaping.ca/retaining-wall-construction/innisfil"", ""https://seo.goldenmaplelandscaping.ca/retaining-wall-construction/newmarket""]",2026-09-05T14:52:18.564667+00:00,23,https://goldenmaplelandscaping.ca/services/retaining-walls-barrie/,SAME_CITY_SERVICE_FAMILY,"Same city and relevant service family. Retaining-wall wording aligns; paver/driveway/walkway/pool scopes are broader interlocking candidates, not asserted exact equivalents.",,,OWNER_CONFIRMATION_REQUIRED,https://goldenmaplelandscaping.ca/services/retaining-walls-barrie/,,"Same city and relevant service family. Retaining-wall wording aligns; paver/driveway/walkway/pool scopes are broader interlocking candidates, not asserted exact equivalents. Owner must confirm actual offering and target relevance before any routing action.",retaining-wall-construction,barrie,OWNER_CONFIRMATION_REQUIRED,OWNER_CONFIRMATION_REQUIRED,NOT_OBTAINED_AUTHENTICATED_ACCESS_NOT_VERIFIED,,NOT_OBTAINED_NO_BACKLINK_PROVIDER_QUERIED,True,"Technical crawl eligibility only, not proof of Google indexing; observed robots.txt allows crawling."
https://seo.goldenmaplelandscaping.ca/retaining-wall-construction/innisfil/,200,200,https://seo.goldenmaplelandscaping.ca/retaining-wall-construction/innisfil/,text/html; charset=UTF-8,,https://seo.goldenmaplelandscaping.ca/retaining-wall-construction/innisfil/,,,INDEXABLE,Retaining Wall Construction in Innisfil | Golden Maple Landscaping,Retaining Wall Construction in Innisfil,"Retaining Wall Construction for Innisfil homeowners by Golden Maple Landscaping. Starting at $6,500. Call +1-705-790-3838 for a free quote.",611,8,"[""https://seo.goldenmaplelandscaping.ca/"", ""https://seo.goldenmaplelandscaping.ca/interlocking-driveway/innisfil"", ""https://seo.goldenmaplelandscaping.ca/paver-patio-installation/innisfil"", ""https://seo.goldenmaplelandscaping.ca/pool-deck-installation/innisfil"", ""https://seo.goldenmaplelandscaping.ca/retaining-wall-construction/barrie"", ""https://seo.goldenmaplelandscaping.ca/retaining-wall-construction/bradford"", ""https://seo.goldenmaplelandscaping.ca/retaining-wall-construction/innisfil"", ""https://seo.goldenmaplelandscaping.ca/retaining-wall-construction/newmarket""]",2026-09-05T14:52:19.603929+00:00,23,https://goldenmaplelandscaping.ca/services/retaining-walls-innisfil/,SAME_CITY_SERVICE_FAMILY,"Same city and relevant service family. Retaining-wall wording aligns; paver/driveway/walkway/pool scopes are broader interlocking candidates, not asserted exact equivalents.",,,OWNER_CONFIRMATION_REQUIRED,https://goldenmaplelandscaping.ca/services/retaining-walls-innisfil/,,"Same city and relevant service family. Retaining-wall wording aligns; paver/driveway/walkway/pool scopes are broader interlocking candidates, not asserted exact equivalents. Owner must confirm actual offering and target relevance before any routing action.",retaining-wall-construction,innisfil,OWNER_CONFIRMATION_REQUIRED,OWNER_CONFIRMATION_REQUIRED,NOT_OBTAINED_AUTHENTICATED_ACCESS_NOT_VERIFIED,,NOT_OBTAINED_NO_BACKLINK_PROVIDER_QUERIED,True,"Technical crawl eligibility only, not proof of Google indexing; observed robots.txt allows crawling."
https://seo.goldenmaplelandscaping.ca/retaining-wall-construction/bradford/,200,200,https://seo.goldenmaplelandscaping.ca/retaining-wall-construction/bradford/,text/html; charset=UTF-8,,https://seo.goldenmaplelandscaping.ca/retaining-wall-construction/bradford/,,,INDEXABLE,Retaining Wall Construction in Bradford | Golden Maple Landscaping,Retaining Wall Construction in Bradford,"Retaining Wall Construction for Bradford homeowners by Golden Maple Landscaping. Starting at $6,500. Call +1-705-790-3838 for a free quote.",588,8,"[""https://seo.goldenmaplelandscaping.ca/"", ""https://seo.goldenmaplelandscaping.ca/interlocking-driveway/bradford"", ""https://seo.goldenmaplelandscaping.ca/paver-patio-installation/bradford"", ""https://seo.goldenmaplelandscaping.ca/pool-deck-installation/bradford"", ""https://seo.goldenmaplelandscaping.ca/retaining-wall-construction/barrie"", ""https://seo.goldenmaplelandscaping.ca/retaining-wall-construction/bradford"", ""https://seo.goldenmaplelandscaping.ca/retaining-wall-construction/innisfil"", ""https://seo.goldenmaplelandscaping.ca/retaining-wall-construction/newmarket""]",2026-09-05T14:52:20.618640+00:00,23,,NO_HONEST_EQUIVALENT_ESTABLISHED,No confirmed offering or appropriate same-market destination; do not infer a 410 from this absence.,,,OWNER_CONFIRMATION_REQUIRED,,,No confirmed offering or appropriate same-market destination; do not infer a 410 from this absence. Owner must confirm actual offering and target relevance before any routing action.,retaining-wall-construction,bradford,OWNER_CONFIRMATION_REQUIRED,OWNER_CONFIRMATION_REQUIRED,NOT_OBTAINED_AUTHENTICATED_ACCESS_NOT_VERIFIED,,NOT_OBTAINED_NO_BACKLINK_PROVIDER_QUERIED,True,"Technical crawl eligibility only, not proof of Google indexing; observed robots.txt allows crawling."
https://seo.goldenmaplelandscaping.ca/retaining-wall-construction/newmarket/,200,200,https://seo.goldenmaplelandscaping.ca/retaining-wall-construction/newmarket/,text/html; charset=UTF-8,,https://seo.goldenmaplelandscaping.ca/retaining-wall-construction/newmarket/,,,INDEXABLE,Retaining Wall Construction in Newmarket | Golden Maple Landscaping,Retaining Wall Construction in Newmarket,"Retaining Wall Construction for Newmarket homeowners by Golden Maple Landscaping. Starting at $6,500. Call +1-705-790-3838 for a free quote.",588,8,"[""https://seo.goldenmaplelandscaping.ca/"", ""https://seo.goldenmaplelandscaping.ca/interlocking-driveway/newmarket"", ""https://seo.goldenmaplelandscaping.ca/paver-patio-installation/newmarket"", ""https://seo.goldenmaplelandscaping.ca/pool-deck-installation/newmarket"", ""https://seo.goldenmaplelandscaping.ca/retaining-wall-construction/barrie"", ""https://seo.goldenmaplelandscaping.ca/retaining-wall-construction/bradford"", ""https://seo.goldenmaplelandscaping.ca/retaining-wall-construction/innisfil"", ""https://seo.goldenmaplelandscaping.ca/retaining-wall-construction/newmarket""]",2026-09-05T14:52:21.598925+00:00,12,,NO_HONEST_EQUIVALENT_ESTABLISHED,No confirmed offering or appropriate same-market destination; do not infer a 410 from this absence.,,,OWNER_CONFIRMATION_REQUIRED,,,No confirmed offering or appropriate same-market destination; do not infer a 410 from this absence. Owner must confirm actual offering and target relevance before any routing action.,retaining-wall-construction,newmarket,OWNER_CONFIRMATION_REQUIRED,OWNER_CONFIRMATION_REQUIRED,NOT_OBTAINED_AUTHENTICATED_ACCESS_NOT_VERIFIED,,NOT_OBTAINED_NO_BACKLINK_PROVIDER_QUERIED,True,"Technical crawl eligibility only, not proof of Google indexing; observed robots.txt allows crawling."
https://seo.goldenmaplelandscaping.ca/retaining-wall-construction/aurora/,200,200,https://seo.goldenmaplelandscaping.ca/retaining-wall-construction/aurora/,text/html; charset=UTF-8,,https://seo.goldenmaplelandscaping.ca/retaining-wall-construction/aurora/,,,INDEXABLE,Retaining Wall Construction in Aurora | Golden Maple Landscaping,Retaining Wall Construction in Aurora,"Retaining Wall Construction for Aurora homeowners by Golden Maple Landscaping. Starting at $6,500. Call +1-705-790-3838 for a free quote.",580,8,"[""https://seo.goldenmaplelandscaping.ca/"", ""https://seo.goldenmaplelandscaping.ca/interlocking-driveway/aurora"", ""https://seo.goldenmaplelandscaping.ca/paver-patio-installation/aurora"", ""https://seo.goldenmaplelandscaping.ca/pool-deck-installation/aurora"", ""https://seo.goldenmaplelandscaping.ca/retaining-wall-construction/aurora"", ""https://seo.goldenmaplelandscaping.ca/retaining-wall-construction/barrie"", ""https://seo.goldenmaplelandscaping.ca/retaining-wall-construction/bradford"", ""https://seo.goldenmaplelandscaping.ca/retaining-wall-construction/innisfil""]",2026-09-05T14:52:22.595298+00:00,9,,NO_HONEST_EQUIVALENT_ESTABLISHED,No confirmed offering or appropriate same-market destination; do not infer a 410 from this absence.,,,OWNER_CONFIRMATION_REQUIRED,,,No confirmed offering or appropriate same-market destination; do not infer a 410 from this absence. Owner must confirm actual offering and target relevance before any routing action.,retaining-wall-construction,aurora,OWNER_CONFIRMATION_REQUIRED,OWNER_CONFIRMATION_REQUIRED,NOT_OBTAINED_AUTHENTICATED_ACCESS_NOT_VERIFIED,,NOT_OBTAINED_NO_BACKLINK_PROVIDER_QUERIED,True,"Technical crawl eligibility only, not proof of Google indexing; observed robots.txt allows crawling."
https://seo.goldenmaplelandscaping.ca/retaining-wall-construction/richmond-hill/,200,200,https://seo.goldenmaplelandscaping.ca/retaining-wall-construction/richmond-hill/,text/html; charset=UTF-8,,https://seo.goldenmaplelandscaping.ca/retaining-wall-construction/richmond-hill/,,,INDEXABLE,Retaining Wall Construction in Richmond Hill | Golden Maple Landscaping,Retaining Wall Construction in Richmond Hill,"Retaining Wall Construction for Richmond Hill homeowners by Golden Maple Landscaping. Starting at $6,500. Call +1-705-790-3838 for a free quote.",648,8,"[""https://seo.goldenmaplelandscaping.ca/"", ""https://seo.goldenmaplelandscaping.ca/interlocking-driveway/richmond-hill"", ""https://seo.goldenmaplelandscaping.ca/paver-patio-installation/richmond-hill"", ""https://seo.goldenmaplelandscaping.ca/pool-deck-installation/richmond-hill"", ""https://seo.goldenmaplelandscaping.ca/retaining-wall-construction/barrie"", ""https://seo.goldenmaplelandscaping.ca/retaining-wall-construction/bradford"", ""https://seo.goldenmaplelandscaping.ca/retaining-wall-construction/innisfil"", ""https://seo.goldenmaplelandscaping.ca/retaining-wall-construction/richmond-hill""]",2026-09-05T14:52:23.578616+00:00,9,,NO_HONEST_EQUIVALENT_ESTABLISHED,No confirmed offering or appropriate same-market destination; do not infer a 410 from this absence.,,,OWNER_CONFIRMATION_REQUIRED,,,No confirmed offering or appropriate same-market destination; do not infer a 410 from this absence. Owner must confirm actual offering and target relevance before any routing action.,retaining-wall-construction,richmond-hill,OWNER_CONFIRMATION_REQUIRED,OWNER_CONFIRMATION_REQUIRED,NOT_OBTAINED_AUTHENTICATED_ACCESS_NOT_VERIFIED,,NOT_OBTAINED_NO_BACKLINK_PROVIDER_QUERIED,True,"Technical crawl eligibility only, not proof of Google indexing; observed robots.txt allows crawling."
https://seo.goldenmaplelandscaping.ca/retaining-wall-construction/vaughan/,200,200,https://seo.goldenmaplelandscaping.ca/retaining-wall-construction/vaughan/,text/html; charset=UTF-8,,https://seo.goldenmaplelandscaping.ca/retaining-wall-construction/vaughan/,,,INDEXABLE,Retaining Wall Construction in Vaughan | Golden Maple Landscaping,Retaining Wall Construction in Vaughan,"Retaining Wall Construction for Vaughan homeowners by Golden Maple Landscaping. Starting at $6,500. Call +1-705-790-3838 for a free quote.",589,8,"[""https://seo.goldenmaplelandscaping.ca/"", ""https://seo.goldenmaplelandscaping.ca/interlocking-driveway/vaughan"", ""https://seo.goldenmaplelandscaping.ca/paver-patio-installation/vaughan"", ""https://seo.goldenmaplelandscaping.ca/pool-deck-installation/vaughan"", ""https://seo.goldenmaplelandscaping.ca/retaining-wall-construction/barrie"", ""https://seo.goldenmaplelandscaping.ca/retaining-wall-construction/bradford"", ""https://seo.goldenmaplelandscaping.ca/retaining-wall-construction/innisfil"", ""https://seo.goldenmaplelandscaping.ca/retaining-wall-construction/vaughan""]",2026-09-05T14:52:24.595621+00:00,9,,NO_HONEST_EQUIVALENT_ESTABLISHED,No confirmed offering or appropriate same-market destination; do not infer a 410 from this absence.,,,OWNER_CONFIRMATION_REQUIRED,,,No confirmed offering or appropriate same-market destination; do not infer a 410 from this absence. Owner must confirm actual offering and target relevance before any routing action.,retaining-wall-construction,vaughan,OWNER_CONFIRMATION_REQUIRED,OWNER_CONFIRMATION_REQUIRED,NOT_OBTAINED_AUTHENTICATED_ACCESS_NOT_VERIFIED,,NOT_OBTAINED_NO_BACKLINK_PROVIDER_QUERIED,True,"Technical crawl eligibility only, not proof of Google indexing; observed robots.txt allows crawling."
https://seo.goldenmaplelandscaping.ca/retaining-wall-construction/king-city/,200,200,https://seo.goldenmaplelandscaping.ca/retaining-wall-construction/king-city/,text/html; charset=UTF-8,,https://seo.goldenmaplelandscaping.ca/retaining-wall-construction/king-city/,,,INDEXABLE,Retaining Wall Construction in King City | Golden Maple Landscaping,Retaining Wall Construction in King City,"Retaining Wall Construction for King City homeowners by Golden Maple Landscaping. Starting at $6,500. Call +1-705-790-3838 for a free quote.",604,8,"[""https://seo.goldenmaplelandscaping.ca/"", ""https://seo.goldenmaplelandscaping.ca/interlocking-driveway/king-city"", ""https://seo.goldenmaplelandscaping.ca/paver-patio-installation/king-city"", ""https://seo.goldenmaplelandscaping.ca/pool-deck-installation/king-city"", ""https://seo.goldenmaplelandscaping.ca/retaining-wall-construction/barrie"", ""https://seo.goldenmaplelandscaping.ca/retaining-wall-construction/bradford"", ""https://seo.goldenmaplelandscaping.ca/retaining-wall-construction/innisfil"", ""https://seo.goldenmaplelandscaping.ca/retaining-wall-construction/king-city""]",2026-09-05T14:52:25.567288+00:00,9,,NO_HONEST_EQUIVALENT_ESTABLISHED,No confirmed offering or appropriate same-market destination; do not infer a 410 from this absence.,,,OWNER_CONFIRMATION_REQUIRED,,,No confirmed offering or appropriate same-market destination; do not infer a 410 from this absence. Owner must confirm actual offering and target relevance before any routing action.,retaining-wall-construction,king-city,OWNER_CONFIRMATION_REQUIRED,OWNER_CONFIRMATION_REQUIRED,NOT_OBTAINED_AUTHENTICATED_ACCESS_NOT_VERIFIED,,NOT_OBTAINED_NO_BACKLINK_PROVIDER_QUERIED,True,"Technical crawl eligibility only, not proof of Google indexing; observed robots.txt allows crawling."
https://seo.goldenmaplelandscaping.ca/retaining-wall-construction/orillia/,200,200,https://seo.goldenmaplelandscaping.ca/retaining-wall-construction/orillia/,text/html; charset=UTF-8,,https://seo.goldenmaplelandscaping.ca/retaining-wall-construction/orillia/,,,INDEXABLE,Retaining Wall Construction in Orillia | Golden Maple Landscaping,Retaining Wall Construction in Orillia,"Retaining Wall Construction for Orillia homeowners by Golden Maple Landscaping. Starting at $6,500. Call +1-705-790-3838 for a free quote.",651,8,"[""https://seo.goldenmaplelandscaping.ca/"", ""https://seo.goldenmaplelandscaping.ca/interlocking-driveway/orillia"", ""https://seo.goldenmaplelandscaping.ca/paver-patio-installation/orillia"", ""https://seo.goldenmaplelandscaping.ca/pool-deck-installation/orillia"", ""https://seo.goldenmaplelandscaping.ca/retaining-wall-construction/barrie"", ""https://seo.goldenmaplelandscaping.ca/retaining-wall-construction/bradford"", ""https://seo.goldenmaplelandscaping.ca/retaining-wall-construction/innisfil"", ""https://seo.goldenmaplelandscaping.ca/retaining-wall-construction/orillia""]",2026-09-05T14:52:26.566824+00:00,9,https://goldenmaplelandscaping.ca/services/retaining-walls-orillia/,SAME_CITY_SERVICE_FAMILY,"Same city and relevant service family. Retaining-wall wording aligns; paver/driveway/walkway/pool scopes are broader interlocking candidates, not asserted exact equivalents.",,,OWNER_CONFIRMATION_REQUIRED,https://goldenmaplelandscaping.ca/services/retaining-walls-orillia/,,"Same city and relevant service family. Retaining-wall wording aligns; paver/driveway/walkway/pool scopes are broader interlocking candidates, not asserted exact equivalents. Owner must confirm actual offering and target relevance before any routing action.",retaining-wall-construction,orillia,OWNER_CONFIRMATION_REQUIRED,OWNER_CONFIRMATION_REQUIRED,NOT_OBTAINED_AUTHENTICATED_ACCESS_NOT_VERIFIED,,NOT_OBTAINED_NO_BACKLINK_PROVIDER_QUERIED,True,"Technical crawl eligibility only, not proof of Google indexing; observed robots.txt allows crawling."
https://seo.goldenmaplelandscaping.ca/retaining-wall-construction/midland/,200,200,https://seo.goldenmaplelandscaping.ca/retaining-wall-construction/midland/,text/html; charset=UTF-8,,https://seo.goldenmaplelandscaping.ca/retaining-wall-construction/midland/,,,INDEXABLE,Retaining Wall Construction in Midland | Golden Maple Landscaping,Retaining Wall Construction in Midland,"Retaining Wall Construction for Midland homeowners by Golden Maple Landscaping. Starting at $6,500. Call +1-705-790-3838 for a free quote.",579,8,"[""https://seo.goldenmaplelandscaping.ca/"", ""https://seo.goldenmaplelandscaping.ca/interlocking-driveway/midland"", ""https://seo.goldenmaplelandscaping.ca/paver-patio-installation/midland"", ""https://seo.goldenmaplelandscaping.ca/pool-deck-installation/midland"", ""https://seo.goldenmaplelandscaping.ca/retaining-wall-construction/barrie"", ""https://seo.goldenmaplelandscaping.ca/retaining-wall-construction/bradford"", ""https://seo.goldenmaplelandscaping.ca/retaining-wall-construction/innisfil"", ""https://seo.goldenmaplelandscaping.ca/retaining-wall-construction/midland""]",2026-09-05T14:52:27.607179+00:00,9,https://goldenmaplelandscaping.ca/services/retaining-walls-midland/,SAME_CITY_SERVICE_FAMILY,"Same city and relevant service family. Retaining-wall wording aligns; paver/driveway/walkway/pool scopes are broader interlocking candidates, not asserted exact equivalents.",,,OWNER_CONFIRMATION_REQUIRED,https://goldenmaplelandscaping.ca/services/retaining-walls-midland/,,"Same city and relevant service family. Retaining-wall wording aligns; paver/driveway/walkway/pool scopes are broader interlocking candidates, not asserted exact equivalents. Owner must confirm actual offering and target relevance before any routing action.",retaining-wall-construction,midland,OWNER_CONFIRMATION_REQUIRED,OWNER_CONFIRMATION_REQUIRED,NOT_OBTAINED_AUTHENTICATED_ACCESS_NOT_VERIFIED,,NOT_OBTAINED_NO_BACKLINK_PROVIDER_QUERIED,True,"Technical crawl eligibility only, not proof of Google indexing; observed robots.txt allows crawling."
https://seo.goldenmaplelandscaping.ca/retaining-wall-construction/wasaga-beach/,200,200,https://seo.goldenmaplelandscaping.ca/retaining-wall-construction/wasaga-beach/,text/html; charset=UTF-8,,https://seo.goldenmaplelandscaping.ca/retaining-wall-construction/wasaga-beach/,,,INDEXABLE,Retaining Wall Construction in Wasaga Beach | Golden Maple Landscaping,Retaining Wall Construction in Wasaga Beach,"Retaining Wall Construction for Wasaga Beach homeowners by Golden Maple Landscaping. Starting at $6,500. Call +1-705-790-3838 for a free quote.",575,8,"[""https://seo.goldenmaplelandscaping.ca/"", ""https://seo.goldenmaplelandscaping.ca/interlocking-driveway/wasaga-beach"", ""https://seo.goldenmaplelandscaping.ca/paver-patio-installation/wasaga-beach"", ""https://seo.goldenmaplelandscaping.ca/pool-deck-installation/wasaga-beach"", ""https://seo.goldenmaplelandscaping.ca/retaining-wall-construction/barrie"", ""https://seo.goldenmaplelandscaping.ca/retaining-wall-construction/bradford"", ""https://seo.goldenmaplelandscaping.ca/retaining-wall-construction/innisfil"", ""https://seo.goldenmaplelandscaping.ca/retaining-wall-construction/wasaga-beach""]",2026-09-05T14:52:28.631352+00:00,9,https://goldenmaplelandscaping.ca/services/retaining-walls-wasaga-beach/,SAME_CITY_SERVICE_FAMILY,"Same city and relevant service family. Retaining-wall wording aligns; paver/driveway/walkway/pool scopes are broader interlocking candidates, not asserted exact equivalents.",,,OWNER_CONFIRMATION_REQUIRED,https://goldenmaplelandscaping.ca/services/retaining-walls-wasaga-beach/,,"Same city and relevant service family. Retaining-wall wording aligns; paver/driveway/walkway/pool scopes are broader interlocking candidates, not asserted exact equivalents. Owner must confirm actual offering and target relevance before any routing action.",retaining-wall-construction,wasaga-beach,OWNER_CONFIRMATION_REQUIRED,OWNER_CONFIRMATION_REQUIRED,NOT_OBTAINED_AUTHENTICATED_ACCESS_NOT_VERIFIED,,NOT_OBTAINED_NO_BACKLINK_PROVIDER_QUERIED,True,"Technical crawl eligibility only, not proof of Google indexing; observed robots.txt allows crawling."
https://seo.goldenmaplelandscaping.ca/retaining-wall-construction/collingwood/,200,200,https://seo.goldenmaplelandscaping.ca/retaining-wall-construction/collingwood/,text/html; charset=UTF-8,,https://seo.goldenmaplelandscaping.ca/retaining-wall-construction/collingwood/,,,INDEXABLE,Retaining Wall Construction in Collingwood | Golden Maple Landscaping,Retaining Wall Construction in Collingwood,"Retaining Wall Construction for Collingwood homeowners by Golden Maple Landscaping. Starting at $6,500. Call +1-705-790-3838 for a free quote.",578,8,"[""https://seo.goldenmaplelandscaping.ca/"", ""https://seo.goldenmaplelandscaping.ca/interlocking-driveway/collingwood"", ""https://seo.goldenmaplelandscaping.ca/paver-patio-installation/collingwood"", ""https://seo.goldenmaplelandscaping.ca/pool-deck-installation/collingwood"", ""https://seo.goldenmaplelandscaping.ca/retaining-wall-construction/barrie"", ""https://seo.goldenmaplelandscaping.ca/retaining-wall-construction/bradford"", ""https://seo.goldenmaplelandscaping.ca/retaining-wall-construction/collingwood"", ""https://seo.goldenmaplelandscaping.ca/retaining-wall-construction/innisfil""]",2026-09-05T14:52:29.610524+00:00,9,https://goldenmaplelandscaping.ca/services/retaining-walls-collingwood/,SAME_CITY_SERVICE_FAMILY,"Same city and relevant service family. Retaining-wall wording aligns; paver/driveway/walkway/pool scopes are broader interlocking candidates, not asserted exact equivalents.",,,OWNER_CONFIRMATION_REQUIRED,https://goldenmaplelandscaping.ca/services/retaining-walls-collingwood/,,"Same city and relevant service family. Retaining-wall wording aligns; paver/driveway/walkway/pool scopes are broader interlocking candidates, not asserted exact equivalents. Owner must confirm actual offering and target relevance before any routing action.",retaining-wall-construction,collingwood,OWNER_CONFIRMATION_REQUIRED,OWNER_CONFIRMATION_REQUIRED,NOT_OBTAINED_AUTHENTICATED_ACCESS_NOT_VERIFIED,,NOT_OBTAINED_NO_BACKLINK_PROVIDER_QUERIED,True,"Technical crawl eligibility only, not proof of Google indexing; observed robots.txt allows crawling."
https://seo.goldenmaplelandscaping.ca/retaining-wall-construction/alliston/,200,200,https://seo.goldenmaplelandscaping.ca/retaining-wall-construction/alliston/,text/html; charset=UTF-8,,https://seo.goldenmaplelandscaping.ca/retaining-wall-construction/alliston/,,,INDEXABLE,Retaining Wall Construction in Alliston | Golden Maple Landscaping,Retaining Wall Construction in Alliston,"Retaining Wall Construction for Alliston homeowners by Golden Maple Landscaping. Starting at $6,500. Call +1-705-790-3838 for a free quote.",567,8,"[""https://seo.goldenmaplelandscaping.ca/"", ""https://seo.goldenmaplelandscaping.ca/interlocking-driveway/alliston"", ""https://seo.goldenmaplelandscaping.ca/paver-patio-installation/alliston"", ""https://seo.goldenmaplelandscaping.ca/pool-deck-installation/alliston"", ""https://seo.goldenmaplelandscaping.ca/retaining-wall-construction/alliston"", ""https://seo.goldenmaplelandscaping.ca/retaining-wall-construction/barrie"", ""https://seo.goldenmaplelandscaping.ca/retaining-wall-construction/bradford"", ""https://seo.goldenmaplelandscaping.ca/retaining-wall-construction/innisfil""]",2026-09-05T14:52:30.678807+00:00,9,,NO_HONEST_EQUIVALENT_ESTABLISHED,No confirmed offering or appropriate same-market destination; do not infer a 410 from this absence.,,,OWNER_CONFIRMATION_REQUIRED,,,No confirmed offering or appropriate same-market destination; do not infer a 410 from this absence. Owner must confirm actual offering and target relevance before any routing action.,retaining-wall-construction,alliston,OWNER_CONFIRMATION_REQUIRED,OWNER_CONFIRMATION_REQUIRED,NOT_OBTAINED_AUTHENTICATED_ACCESS_NOT_VERIFIED,,NOT_OBTAINED_NO_BACKLINK_PROVIDER_QUERIED,True,"Technical crawl eligibility only, not proof of Google indexing; observed robots.txt allows crawling."
https://seo.goldenmaplelandscaping.ca/retaining-wall-construction/angus/,200,200,https://seo.goldenmaplelandscaping.ca/retaining-wall-construction/angus/,text/html; charset=UTF-8,,https://seo.goldenmaplelandscaping.ca/retaining-wall-construction/angus/,,,INDEXABLE,Retaining Wall Construction in Angus | Golden Maple Landscaping,Retaining Wall Construction in Angus,"Retaining Wall Construction for Angus homeowners by Golden Maple Landscaping. Starting at $6,500. Call +1-705-790-3838 for a free quote.",562,8,"[""https://seo.goldenmaplelandscaping.ca/"", ""https://seo.goldenmaplelandscaping.ca/interlocking-driveway/angus"", ""https://seo.goldenmaplelandscaping.ca/paver-patio-installation/angus"", ""https://seo.goldenmaplelandscaping.ca/pool-deck-installation/angus"", ""https://seo.goldenmaplelandscaping.ca/retaining-wall-construction/angus"", ""https://seo.goldenmaplelandscaping.ca/retaining-wall-construction/barrie"", ""https://seo.goldenmaplelandscaping.ca/retaining-wall-construction/bradford"", ""https://seo.goldenmaplelandscaping.ca/retaining-wall-construction/innisfil""]",2026-09-05T14:52:31.739805+00:00,9,,NO_HONEST_EQUIVALENT_ESTABLISHED,No confirmed offering or appropriate same-market destination; do not infer a 410 from this absence.,,,OWNER_CONFIRMATION_REQUIRED,,,No confirmed offering or appropriate same-market destination; do not infer a 410 from this absence. Owner must confirm actual offering and target relevance before any routing action.,retaining-wall-construction,angus,OWNER_CONFIRMATION_REQUIRED,OWNER_CONFIRMATION_REQUIRED,NOT_OBTAINED_AUTHENTICATED_ACCESS_NOT_VERIFIED,,NOT_OBTAINED_NO_BACKLINK_PROVIDER_QUERIED,True,"Technical crawl eligibility only, not proof of Google indexing; observed robots.txt allows crawling."
https://seo.goldenmaplelandscaping.ca/retaining-wall-construction/oro-station/,200,200,https://seo.goldenmaplelandscaping.ca/retaining-wall-construction/oro-station/,text/html; charset=UTF-8,,https://seo.goldenmaplelandscaping.ca/retaining-wall-construction/oro-station/,,,INDEXABLE,Retaining Wall Construction in Oro-Medonte | Golden Maple Landscaping,Retaining Wall Construction in Oro-Medonte,"Retaining Wall Construction for Oro-Medonte homeowners by Golden Maple Landscaping. Starting at $6,500. Call +1-705-790-3838 for a free quote.",608,8,"[""https://seo.goldenmaplelandscaping.ca/"", ""https://seo.goldenmaplelandscaping.ca/interlocking-driveway/oro-station"", ""https://seo.goldenmaplelandscaping.ca/paver-patio-installation/oro-station"", ""https://seo.goldenmaplelandscaping.ca/pool-deck-installation/oro-station"", ""https://seo.goldenmaplelandscaping.ca/retaining-wall-construction/barrie"", ""https://seo.goldenmaplelandscaping.ca/retaining-wall-construction/bradford"", ""https://seo.goldenmaplelandscaping.ca/retaining-wall-construction/innisfil"", ""https://seo.goldenmaplelandscaping.ca/retaining-wall-construction/oro-station""]",2026-09-05T14:52:32.695346+00:00,9,,NO_HONEST_EQUIVALENT_ESTABLISHED,No confirmed offering or appropriate same-market destination; do not infer a 410 from this absence. Oro Station must not silently be treated as equivalent to all Oro-Medonte; confirm geography and service scope.,,,OWNER_CONFIRMATION_REQUIRED,,,No confirmed offering or appropriate same-market destination; do not infer a 410 from this absence. Oro Station must not silently be treated as equivalent to all Oro-Medonte; confirm geography and service scope. Owner must confirm actual offering and target relevance before any routing action.,retaining-wall-construction,oro-station,OWNER_CONFIRMATION_REQUIRED,OWNER_CONFIRMATION_REQUIRED,NOT_OBTAINED_AUTHENTICATED_ACCESS_NOT_VERIFIED,,NOT_OBTAINED_NO_BACKLINK_PROVIDER_QUERIED,True,"Technical crawl eligibility only, not proof of Google indexing; observed robots.txt allows crawling."
https://seo.goldenmaplelandscaping.ca/interlocking-driveway/barrie/,200,200,https://seo.goldenmaplelandscaping.ca/interlocking-driveway/barrie/,text/html; charset=UTF-8,,https://seo.goldenmaplelandscaping.ca/interlocking-driveway/barrie/,,,INDEXABLE,Interlocking Driveway in Barrie | Golden Maple Landscaping,Interlocking Driveway in Barrie,"Interlocking Driveway for Barrie homeowners by Golden Maple Landscaping. Starting at $18,000. Call +1-705-790-3838 for a free quote.",539,8,"[""https://seo.goldenmaplelandscaping.ca/"", ""https://seo.goldenmaplelandscaping.ca/interlocking-driveway/barrie"", ""https://seo.goldenmaplelandscaping.ca/interlocking-driveway/bradford"", ""https://seo.goldenmaplelandscaping.ca/interlocking-driveway/innisfil"", ""https://seo.goldenmaplelandscaping.ca/interlocking-driveway/newmarket"", ""https://seo.goldenmaplelandscaping.ca/paver-patio-installation/barrie"", ""https://seo.goldenmaplelandscaping.ca/pool-deck-installation/barrie"", ""https://seo.goldenmaplelandscaping.ca/retaining-wall-construction/barrie""]",2026-09-05T14:52:33.674465+00:00,23,https://goldenmaplelandscaping.ca/services/interlocking-barrie/,SAME_CITY_SERVICE_FAMILY,"Same city and relevant service family. Retaining-wall wording aligns; paver/driveway/walkway/pool scopes are broader interlocking candidates, not asserted exact equivalents.",,,OWNER_CONFIRMATION_REQUIRED,https://goldenmaplelandscaping.ca/services/interlocking-barrie/,,"Same city and relevant service family. Retaining-wall wording aligns; paver/driveway/walkway/pool scopes are broader interlocking candidates, not asserted exact equivalents. Owner must confirm actual offering and target relevance before any routing action.",interlocking-driveway,barrie,OWNER_CONFIRMATION_REQUIRED,OWNER_CONFIRMATION_REQUIRED,NOT_OBTAINED_AUTHENTICATED_ACCESS_NOT_VERIFIED,,NOT_OBTAINED_NO_BACKLINK_PROVIDER_QUERIED,True,"Technical crawl eligibility only, not proof of Google indexing; observed robots.txt allows crawling."
https://seo.goldenmaplelandscaping.ca/interlocking-driveway/innisfil/,200,200,https://seo.goldenmaplelandscaping.ca/interlocking-driveway/innisfil/,text/html; charset=UTF-8,,https://seo.goldenmaplelandscaping.ca/interlocking-driveway/innisfil/,,,INDEXABLE,Interlocking Driveway in Innisfil | Golden Maple Landscaping,Interlocking Driveway in Innisfil,"Interlocking Driveway for Innisfil homeowners by Golden Maple Landscaping. Starting at $18,000. Call +1-705-790-3838 for a free quote.",605,8,"[""https://seo.goldenmaplelandscaping.ca/"", ""https://seo.goldenmaplelandscaping.ca/interlocking-driveway/barrie"", ""https://seo.goldenmaplelandscaping.ca/interlocking-driveway/bradford"", ""https://seo.goldenmaplelandscaping.ca/interlocking-driveway/innisfil"", ""https://seo.goldenmaplelandscaping.ca/interlocking-driveway/newmarket"", ""https://seo.goldenmaplelandscaping.ca/paver-patio-installation/innisfil"", ""https://seo.goldenmaplelandscaping.ca/pool-deck-installation/innisfil"", ""https://seo.goldenmaplelandscaping.ca/retaining-wall-construction/innisfil""]",2026-09-05T14:52:34.675267+00:00,23,https://goldenmaplelandscaping.ca/services/interlocking-innisfil/,SAME_CITY_SERVICE_FAMILY,"Same city and relevant service family. Retaining-wall wording aligns; paver/driveway/walkway/pool scopes are broader interlocking candidates, not asserted exact equivalents.",,,OWNER_CONFIRMATION_REQUIRED,https://goldenmaplelandscaping.ca/services/interlocking-innisfil/,,"Same city and relevant service family. Retaining-wall wording aligns; paver/driveway/walkway/pool scopes are broader interlocking candidates, not asserted exact equivalents. Owner must confirm actual offering and target relevance before any routing action.",interlocking-driveway,innisfil,OWNER_CONFIRMATION_REQUIRED,OWNER_CONFIRMATION_REQUIRED,NOT_OBTAINED_AUTHENTICATED_ACCESS_NOT_VERIFIED,,NOT_OBTAINED_NO_BACKLINK_PROVIDER_QUERIED,True,"Technical crawl eligibility only, not proof of Google indexing; observed robots.txt allows crawling."
https://seo.goldenmaplelandscaping.ca/interlocking-driveway/bradford/,200,200,https://seo.goldenmaplelandscaping.ca/interlocking-driveway/bradford/,text/html; charset=UTF-8,,https://seo.goldenmaplelandscaping.ca/interlocking-driveway/bradford/,,,INDEXABLE,Interlocking Driveway in Bradford | Golden Maple Landscaping,Interlocking Driveway in Bradford,"Interlocking Driveway for Bradford homeowners by Golden Maple Landscaping. Starting at $18,000. Call +1-705-790-3838 for a free quote.",632,8,"[""https://seo.goldenmaplelandscaping.ca/"", ""https://seo.goldenmaplelandscaping.ca/interlocking-driveway/barrie"", ""https://seo.goldenmaplelandscaping.ca/interlocking-driveway/bradford"", ""https://seo.goldenmaplelandscaping.ca/interlocking-driveway/innisfil"", ""https://seo.goldenmaplelandscaping.ca/interlocking-driveway/newmarket"", ""https://seo.goldenmaplelandscaping.ca/paver-patio-installation/bradford"", ""https://seo.goldenmaplelandscaping.ca/pool-deck-installation/bradford"", ""https://seo.goldenmaplelandscaping.ca/retaining-wall-construction/bradford""]",2026-09-05T14:52:35.658229+00:00,23,,NO_HONEST_EQUIVALENT_ESTABLISHED,No confirmed offering or appropriate same-market destination; do not infer a 410 from this absence.,,,OWNER_CONFIRMATION_REQUIRED,,,No confirmed offering or appropriate same-market destination; do not infer a 410 from this absence. Owner must confirm actual offering and target relevance before any routing action.,interlocking-driveway,bradford,OWNER_CONFIRMATION_REQUIRED,OWNER_CONFIRMATION_REQUIRED,NOT_OBTAINED_AUTHENTICATED_ACCESS_NOT_VERIFIED,,NOT_OBTAINED_NO_BACKLINK_PROVIDER_QUERIED,True,"Technical crawl eligibility only, not proof of Google indexing; observed robots.txt allows crawling."
https://seo.goldenmaplelandscaping.ca/interlocking-driveway/newmarket/,200,200,https://seo.goldenmaplelandscaping.ca/interlocking-driveway/newmarket/,text/html; charset=UTF-8,,https://seo.goldenmaplelandscaping.ca/interlocking-driveway/newmarket/,,,INDEXABLE,Interlocking Driveway in Newmarket | Golden Maple Landscaping,Interlocking Driveway in Newmarket,"Interlocking Driveway for Newmarket homeowners by Golden Maple Landscaping. Starting at $18,000. Call +1-705-790-3838 for a free quote.",648,8,"[""https://seo.goldenmaplelandscaping.ca/"", ""https://seo.goldenmaplelandscaping.ca/interlocking-driveway/barrie"", ""https://seo.goldenmaplelandscaping.ca/interlocking-driveway/bradford"", ""https://seo.goldenmaplelandscaping.ca/interlocking-driveway/innisfil"", ""https://seo.goldenmaplelandscaping.ca/interlocking-driveway/newmarket"", ""https://seo.goldenmaplelandscaping.ca/paver-patio-installation/newmarket"", ""https://seo.goldenmaplelandscaping.ca/pool-deck-installation/newmarket"", ""https://seo.goldenmaplelandscaping.ca/retaining-wall-construction/newmarket""]",2026-09-05T14:52:36.633586+00:00,12,,NO_HONEST_EQUIVALENT_ESTABLISHED,No confirmed offering or appropriate same-market destination; do not infer a 410 from this absence.,,,OWNER_CONFIRMATION_REQUIRED,,,No confirmed offering or appropriate same-market destination; do not infer a 410 from this absence. Owner must confirm actual offering and target relevance before any routing action.,interlocking-driveway,newmarket,OWNER_CONFIRMATION_REQUIRED,OWNER_CONFIRMATION_REQUIRED,NOT_OBTAINED_AUTHENTICATED_ACCESS_NOT_VERIFIED,,NOT_OBTAINED_NO_BACKLINK_PROVIDER_QUERIED,True,"Technical crawl eligibility only, not proof of Google indexing; observed robots.txt allows crawling."
https://seo.goldenmaplelandscaping.ca/interlocking-driveway/aurora/,200,200,https://seo.goldenmaplelandscaping.ca/interlocking-driveway/aurora/,text/html; charset=UTF-8,,https://seo.goldenmaplelandscaping.ca/interlocking-driveway/aurora/,,,INDEXABLE,Interlocking Driveway in Aurora | Golden Maple Landscaping,Interlocking Driveway in Aurora,"Interlocking Driveway for Aurora homeowners by Golden Maple Landscaping. Starting at $18,000. Call +1-705-790-3838 for a free quote.",573,8,"[""https://seo.goldenmaplelandscaping.ca/"", ""https://seo.goldenmaplelandscaping.ca/interlocking-driveway/aurora"", ""https://seo.goldenmaplelandscaping.ca/interlocking-driveway/barrie"", ""https://seo.goldenmaplelandscaping.ca/interlocking-driveway/bradford"", ""https://seo.goldenmaplelandscaping.ca/interlocking-driveway/innisfil"", ""https://seo.goldenmaplelandscaping.ca/paver-patio-installation/aurora"", ""https://seo.goldenmaplelandscaping.ca/pool-deck-installation/aurora"", ""https://seo.goldenmaplelandscaping.ca/retaining-wall-construction/aurora""]",2026-09-05T14:52:37.613691+00:00,9,,NO_HONEST_EQUIVALENT_ESTABLISHED,No confirmed offering or appropriate same-market destination; do not infer a 410 from this absence.,,,OWNER_CONFIRMATION_REQUIRED,,,No confirmed offering or appropriate same-market destination; do not infer a 410 from this absence. Owner must confirm actual offering and target relevance before any routing action.,interlocking-driveway,aurora,OWNER_CONFIRMATION_REQUIRED,OWNER_CONFIRMATION_REQUIRED,NOT_OBTAINED_AUTHENTICATED_ACCESS_NOT_VERIFIED,,NOT_OBTAINED_NO_BACKLINK_PROVIDER_QUERIED,True,"Technical crawl eligibility only, not proof of Google indexing; observed robots.txt allows crawling."
https://seo.goldenmaplelandscaping.ca/interlocking-driveway/richmond-hill/,200,200,https://seo.goldenmaplelandscaping.ca/interlocking-driveway/richmond-hill/,text/html; charset=UTF-8,,https://seo.goldenmaplelandscaping.ca/interlocking-driveway/richmond-hill/,,,INDEXABLE,Interlocking Driveway in Richmond Hill | Golden Maple Landscaping,Interlocking Driveway in Richmond Hill,"Interlocking Driveway for Richmond Hill homeowners by Golden Maple Landscaping. Starting at $18,000. Call +1-705-790-3838 for a free quote.",563,8,"[""https://seo.goldenmaplelandscaping.ca/"", ""https://seo.goldenmaplelandscaping.ca/interlocking-driveway/barrie"", ""https://seo.goldenmaplelandscaping.ca/interlocking-driveway/bradford"", ""https://seo.goldenmaplelandscaping.ca/interlocking-driveway/innisfil"", ""https://seo.goldenmaplelandscaping.ca/interlocking-driveway/richmond-hill"", ""https://seo.goldenmaplelandscaping.ca/paver-patio-installation/richmond-hill"", ""https://seo.goldenmaplelandscaping.ca/pool-deck-installation/richmond-hill"", ""https://seo.goldenmaplelandscaping.ca/retaining-wall-construction/richmond-hill""]",2026-09-05T14:52:38.578002+00:00,9,,NO_HONEST_EQUIVALENT_ESTABLISHED,No confirmed offering or appropriate same-market destination; do not infer a 410 from this absence.,,,OWNER_CONFIRMATION_REQUIRED,,,No confirmed offering or appropriate same-market destination; do not infer a 410 from this absence. Owner must confirm actual offering and target relevance before any routing action.,interlocking-driveway,richmond-hill,OWNER_CONFIRMATION_REQUIRED,OWNER_CONFIRMATION_REQUIRED,NOT_OBTAINED_AUTHENTICATED_ACCESS_NOT_VERIFIED,,NOT_OBTAINED_NO_BACKLINK_PROVIDER_QUERIED,True,"Technical crawl eligibility only, not proof of Google indexing; observed robots.txt allows crawling."
https://seo.goldenmaplelandscaping.ca/interlocking-driveway/vaughan/,200,200,https://seo.goldenmaplelandscaping.ca/interlocking-driveway/vaughan/,text/html; charset=UTF-8,,https://seo.goldenmaplelandscaping.ca/interlocking-driveway/vaughan/,,,INDEXABLE,Interlocking Driveway in Vaughan | Golden Maple Landscaping,Interlocking Driveway in Vaughan,"Interlocking Driveway for Vaughan homeowners by Golden Maple Landscaping. Starting at $18,000. Call +1-705-790-3838 for a free quote.",572,8,"[""https://seo.goldenmaplelandscaping.ca/"", ""https://seo.goldenmaplelandscaping.ca/interlocking-driveway/barrie"", ""https://seo.goldenmaplelandscaping.ca/interlocking-driveway/bradford"", ""https://seo.goldenmaplelandscaping.ca/interlocking-driveway/innisfil"", ""https://seo.goldenmaplelandscaping.ca/interlocking-driveway/vaughan"", ""https://seo.goldenmaplelandscaping.ca/paver-patio-installation/vaughan"", ""https://seo.goldenmaplelandscaping.ca/pool-deck-installation/vaughan"", ""https://seo.goldenmaplelandscaping.ca/retaining-wall-construction/vaughan""]",2026-09-05T14:52:39.675037+00:00,9,,NO_HONEST_EQUIVALENT_ESTABLISHED,No confirmed offering or appropriate same-market destination; do not infer a 410 from this absence.,,,OWNER_CONFIRMATION_REQUIRED,,,No confirmed offering or appropriate same-market destination; do not infer a 410 from this absence. Owner must confirm actual offering and target relevance before any routing action.,interlocking-driveway,vaughan,OWNER_CONFIRMATION_REQUIRED,OWNER_CONFIRMATION_REQUIRED,NOT_OBTAINED_AUTHENTICATED_ACCESS_NOT_VERIFIED,,NOT_OBTAINED_NO_BACKLINK_PROVIDER_QUERIED,True,"Technical crawl eligibility only, not proof of Google indexing; observed robots.txt allows crawling."
https://seo.goldenmaplelandscaping.ca/interlocking-driveway/king-city/,200,200,https://seo.goldenmaplelandscaping.ca/interlocking-driveway/king-city/,text/html; charset=UTF-8,,https://seo.goldenmaplelandscaping.ca/interlocking-driveway/king-city/,,,INDEXABLE,Interlocking Driveway in King City | Golden Maple Landscaping,Interlocking Driveway in King City,"Interlocking Driveway for King City homeowners by Golden Maple Landscaping. Starting at $18,000. Call +1-705-790-3838 for a free quote.",607,8,"[""https://seo.goldenmaplelandscaping.ca/"", ""https://seo.goldenmaplelandscaping.ca/interlocking-driveway/barrie"", ""https://seo.goldenmaplelandscaping.ca/interlocking-driveway/bradford"", ""https://seo.goldenmaplelandscaping.ca/interlocking-driveway/innisfil"", ""https://seo.goldenmaplelandscaping.ca/interlocking-driveway/king-city"", ""https://seo.goldenmaplelandscaping.ca/paver-patio-installation/king-city"", ""https://seo.goldenmaplelandscaping.ca/pool-deck-installation/king-city"", ""https://seo.goldenmaplelandscaping.ca/retaining-wall-construction/king-city""]",2026-09-05T14:52:40.676528+00:00,9,,NO_HONEST_EQUIVALENT_ESTABLISHED,No confirmed offering or appropriate same-market destination; do not infer a 410 from this absence.,,,OWNER_CONFIRMATION_REQUIRED,,,No confirmed offering or appropriate same-market destination; do not infer a 410 from this absence. Owner must confirm actual offering and target relevance before any routing action.,interlocking-driveway,king-city,OWNER_CONFIRMATION_REQUIRED,OWNER_CONFIRMATION_REQUIRED,NOT_OBTAINED_AUTHENTICATED_ACCESS_NOT_VERIFIED,,NOT_OBTAINED_NO_BACKLINK_PROVIDER_QUERIED,True,"Technical crawl eligibility only, not proof of Google indexing; observed robots.txt allows crawling."
https://seo.goldenmaplelandscaping.ca/interlocking-driveway/orillia/,200,200,https://seo.goldenmaplelandscaping.ca/interlocking-driveway/orillia/,text/html; charset=UTF-8,,https://seo.goldenmaplelandscaping.ca/interlocking-driveway/orillia/,,,INDEXABLE,Interlocking Driveway in Orillia | Golden Maple Landscaping,Interlocking Driveway in Orillia,"Interlocking Driveway for Orillia homeowners by Golden Maple Landscaping. Starting at $18,000. Call +1-705-790-3838 for a free quote.",655,8,"[""https://seo.goldenmaplelandscaping.ca/"", ""https://seo.goldenmaplelandscaping.ca/interlocking-driveway/barrie"", ""https://seo.goldenmaplelandscaping.ca/interlocking-driveway/bradford"", ""https://seo.goldenmaplelandscaping.ca/interlocking-driveway/innisfil"", ""https://seo.goldenmaplelandscaping.ca/interlocking-driveway/orillia"", ""https://seo.goldenmaplelandscaping.ca/paver-patio-installation/orillia"", ""https://seo.goldenmaplelandscaping.ca/pool-deck-installation/orillia"", ""https://seo.goldenmaplelandscaping.ca/retaining-wall-construction/orillia""]",2026-09-05T14:52:41.686093+00:00,9,https://goldenmaplelandscaping.ca/services/interlocking-orillia/,SAME_CITY_SERVICE_FAMILY,"Same city and relevant service family. Retaining-wall wording aligns; paver/driveway/walkway/pool scopes are broader interlocking candidates, not asserted exact equivalents.",,,OWNER_CONFIRMATION_REQUIRED,https://goldenmaplelandscaping.ca/services/interlocking-orillia/,,"Same city and relevant service family. Retaining-wall wording aligns; paver/driveway/walkway/pool scopes are broader interlocking candidates, not asserted exact equivalents. Owner must confirm actual offering and target relevance before any routing action.",interlocking-driveway,orillia,OWNER_CONFIRMATION_REQUIRED,OWNER_CONFIRMATION_REQUIRED,NOT_OBTAINED_AUTHENTICATED_ACCESS_NOT_VERIFIED,,NOT_OBTAINED_NO_BACKLINK_PROVIDER_QUERIED,True,"Technical crawl eligibility only, not proof of Google indexing; observed robots.txt allows crawling."
https://seo.goldenmaplelandscaping.ca/interlocking-driveway/midland/,200,200,https://seo.goldenmaplelandscaping.ca/interlocking-driveway/midland/,text/html; charset=UTF-8,,https://seo.goldenmaplelandscaping.ca/interlocking-driveway/midland/,,,INDEXABLE,Interlocking Driveway in Midland | Golden Maple Landscaping,Interlocking Driveway in Midland,"Interlocking Driveway for Midland homeowners by Golden Maple Landscaping. Starting at $18,000. Call +1-705-790-3838 for a free quote.",528,8,"[""https://seo.goldenmaplelandscaping.ca/"", ""https://seo.goldenmaplelandscaping.ca/interlocking-driveway/barrie"", ""https://seo.goldenmaplelandscaping.ca/interlocking-driveway/bradford"", ""https://seo.goldenmaplelandscaping.ca/interlocking-driveway/innisfil"", ""https://seo.goldenmaplelandscaping.ca/interlocking-driveway/midland"", ""https://seo.goldenmaplelandscaping.ca/paver-patio-installation/midland"", ""https://seo.goldenmaplelandscaping.ca/pool-deck-installation/midland"", ""https://seo.goldenmaplelandscaping.ca/retaining-wall-construction/midland""]",2026-09-05T14:52:42.651063+00:00,9,https://goldenmaplelandscaping.ca/services/interlocking-midland/,SAME_CITY_SERVICE_FAMILY,"Same city and relevant service family. Retaining-wall wording aligns; paver/driveway/walkway/pool scopes are broader interlocking candidates, not asserted exact equivalents.",,,OWNER_CONFIRMATION_REQUIRED,https://goldenmaplelandscaping.ca/services/interlocking-midland/,,"Same city and relevant service family. Retaining-wall wording aligns; paver/driveway/walkway/pool scopes are broader interlocking candidates, not asserted exact equivalents. Owner must confirm actual offering and target relevance before any routing action.",interlocking-driveway,midland,OWNER_CONFIRMATION_REQUIRED,OWNER_CONFIRMATION_REQUIRED,NOT_OBTAINED_AUTHENTICATED_ACCESS_NOT_VERIFIED,,NOT_OBTAINED_NO_BACKLINK_PROVIDER_QUERIED,True,"Technical crawl eligibility only, not proof of Google indexing; observed robots.txt allows crawling."
https://seo.goldenmaplelandscaping.ca/interlocking-driveway/wasaga-beach/,200,200,https://seo.goldenmaplelandscaping.ca/interlocking-driveway/wasaga-beach/,text/html; charset=UTF-8,,https://seo.goldenmaplelandscaping.ca/interlocking-driveway/wasaga-beach/,,,INDEXABLE,Interlocking Driveway in Wasaga Beach | Golden Maple Landscaping,Interlocking Driveway in Wasaga Beach,"Interlocking Driveway for Wasaga Beach homeowners by Golden Maple Landscaping. Starting at $18,000. Call +1-705-790-3838 for a free quote.",653,8,"[""https://seo.goldenmaplelandscaping.ca/"", ""https://seo.goldenmaplelandscaping.ca/interlocking-driveway/barrie"", ""https://seo.goldenmaplelandscaping.ca/interlocking-driveway/bradford"", ""https://seo.goldenmaplelandscaping.ca/interlocking-driveway/innisfil"", ""https://seo.goldenmaplelandscaping.ca/interlocking-driveway/wasaga-beach"", ""https://seo.goldenmaplelandscaping.ca/paver-patio-installation/wasaga-beach"", ""https://seo.goldenmaplelandscaping.ca/pool-deck-installation/wasaga-beach"", ""https://seo.goldenmaplelandscaping.ca/retaining-wall-construction/wasaga-beach""]",2026-09-05T14:52:43.679184+00:00,9,https://goldenmaplelandscaping.ca/services/interlocking-wasaga-beach/,SAME_CITY_SERVICE_FAMILY,"Same city and relevant service family. Retaining-wall wording aligns; paver/driveway/walkway/pool scopes are broader interlocking candidates, not asserted exact equivalents.",,,OWNER_CONFIRMATION_REQUIRED,https://goldenmaplelandscaping.ca/services/interlocking-wasaga-beach/,,"Same city and relevant service family. Retaining-wall wording aligns; paver/driveway/walkway/pool scopes are broader interlocking candidates, not asserted exact equivalents. Owner must confirm actual offering and target relevance before any routing action.",interlocking-driveway,wasaga-beach,OWNER_CONFIRMATION_REQUIRED,OWNER_CONFIRMATION_REQUIRED,NOT_OBTAINED_AUTHENTICATED_ACCESS_NOT_VERIFIED,,NOT_OBTAINED_NO_BACKLINK_PROVIDER_QUERIED,True,"Technical crawl eligibility only, not proof of Google indexing; observed robots.txt allows crawling."
https://seo.goldenmaplelandscaping.ca/interlocking-driveway/collingwood/,200,200,https://seo.goldenmaplelandscaping.ca/interlocking-driveway/collingwood/,text/html; charset=UTF-8,,https://seo.goldenmaplelandscaping.ca/interlocking-driveway/collingwood/,,,INDEXABLE,Interlocking Driveway in Collingwood | Golden Maple Landscaping,Interlocking Driveway in Collingwood,"Interlocking Driveway for Collingwood homeowners by Golden Maple Landscaping. Starting at $18,000. Call +1-705-790-3838 for a free quote.",587,8,"[""https://seo.goldenmaplelandscaping.ca/"", ""https://seo.goldenmaplelandscaping.ca/interlocking-driveway/barrie"", ""https://seo.goldenmaplelandscaping.ca/interlocking-driveway/bradford"", ""https://seo.goldenmaplelandscaping.ca/interlocking-driveway/collingwood"", ""https://seo.goldenmaplelandscaping.ca/interlocking-driveway/innisfil"", ""https://seo.goldenmaplelandscaping.ca/paver-patio-installation/collingwood"", ""https://seo.goldenmaplelandscaping.ca/pool-deck-installation/collingwood"", ""https://seo.goldenmaplelandscaping.ca/retaining-wall-construction/collingwood""]",2026-09-05T14:52:44.683596+00:00,9,https://goldenmaplelandscaping.ca/services/interlocking-collingwood/,SAME_CITY_SERVICE_FAMILY,"Same city and relevant service family. Retaining-wall wording aligns; paver/driveway/walkway/pool scopes are broader interlocking candidates, not asserted exact equivalents.",,,OWNER_CONFIRMATION_REQUIRED,https://goldenmaplelandscaping.ca/services/interlocking-collingwood/,,"Same city and relevant service family. Retaining-wall wording aligns; paver/driveway/walkway/pool scopes are broader interlocking candidates, not asserted exact equivalents. Owner must confirm actual offering and target relevance before any routing action.",interlocking-driveway,collingwood,OWNER_CONFIRMATION_REQUIRED,OWNER_CONFIRMATION_REQUIRED,NOT_OBTAINED_AUTHENTICATED_ACCESS_NOT_VERIFIED,,NOT_OBTAINED_NO_BACKLINK_PROVIDER_QUERIED,True,"Technical crawl eligibility only, not proof of Google indexing; observed robots.txt allows crawling."
https://seo.goldenmaplelandscaping.ca/interlocking-driveway/alliston/,200,200,https://seo.goldenmaplelandscaping.ca/interlocking-driveway/alliston/,text/html; charset=UTF-8,,https://seo.goldenmaplelandscaping.ca/interlocking-driveway/alliston/,,,INDEXABLE,Interlocking Driveway in Alliston | Golden Maple Landscaping,Interlocking Driveway in Alliston,"Interlocking Driveway for Alliston homeowners by Golden Maple Landscaping. Starting at $18,000. Call +1-705-790-3838 for a free quote.",625,8,"[""https://seo.goldenmaplelandscaping.ca/"", ""https://seo.goldenmaplelandscaping.ca/interlocking-driveway/alliston"", ""https://seo.goldenmaplelandscaping.ca/interlocking-driveway/barrie"", ""https://seo.goldenmaplelandscaping.ca/interlocking-driveway/bradford"", ""https://seo.goldenmaplelandscaping.ca/interlocking-driveway/innisfil"", ""https://seo.goldenmaplelandscaping.ca/paver-patio-installation/alliston"", ""https://seo.goldenmaplelandscaping.ca/pool-deck-installation/alliston"", ""https://seo.goldenmaplelandscaping.ca/retaining-wall-construction/alliston""]",2026-09-05T14:52:45.701246+00:00,9,,NO_HONEST_EQUIVALENT_ESTABLISHED,No confirmed offering or appropriate same-market destination; do not infer a 410 from this absence.,,,OWNER_CONFIRMATION_REQUIRED,,,No confirmed offering or appropriate same-market destination; do not infer a 410 from this absence. Owner must confirm actual offering and target relevance before any routing action.,interlocking-driveway,alliston,OWNER_CONFIRMATION_REQUIRED,OWNER_CONFIRMATION_REQUIRED,NOT_OBTAINED_AUTHENTICATED_ACCESS_NOT_VERIFIED,,NOT_OBTAINED_NO_BACKLINK_PROVIDER_QUERIED,True,"Technical crawl eligibility only, not proof of Google indexing; observed robots.txt allows crawling."
https://seo.goldenmaplelandscaping.ca/interlocking-driveway/angus/,200,200,https://seo.goldenmaplelandscaping.ca/interlocking-driveway/angus/,text/html; charset=UTF-8,,https://seo.goldenmaplelandscaping.ca/interlocking-driveway/angus/,,,INDEXABLE,Interlocking Driveway in Angus | Golden Maple Landscaping,Interlocking Driveway in Angus,"Interlocking Driveway for Angus homeowners by Golden Maple Landscaping. Starting at $18,000. Call +1-705-790-3838 for a free quote.",554,8,"[""https://seo.goldenmaplelandscaping.ca/"", ""https://seo.goldenmaplelandscaping.ca/interlocking-driveway/angus"", ""https://seo.goldenmaplelandscaping.ca/interlocking-driveway/barrie"", ""https://seo.goldenmaplelandscaping.ca/interlocking-driveway/bradford"", ""https://seo.goldenmaplelandscaping.ca/interlocking-driveway/innisfil"", ""https://seo.goldenmaplelandscaping.ca/paver-patio-installation/angus"", ""https://seo.goldenmaplelandscaping.ca/pool-deck-installation/angus"", ""https://seo.goldenmaplelandscaping.ca/retaining-wall-construction/angus""]",2026-09-05T14:52:46.721137+00:00,9,,NO_HONEST_EQUIVALENT_ESTABLISHED,No confirmed offering or appropriate same-market destination; do not infer a 410 from this absence.,,,OWNER_CONFIRMATION_REQUIRED,,,No confirmed offering or appropriate same-market destination; do not infer a 410 from this absence. Owner must confirm actual offering and target relevance before any routing action.,interlocking-driveway,angus,OWNER_CONFIRMATION_REQUIRED,OWNER_CONFIRMATION_REQUIRED,NOT_OBTAINED_AUTHENTICATED_ACCESS_NOT_VERIFIED,,NOT_OBTAINED_NO_BACKLINK_PROVIDER_QUERIED,True,"Technical crawl eligibility only, not proof of Google indexing; observed robots.txt allows crawling."
https://seo.goldenmaplelandscaping.ca/interlocking-driveway/oro-station/,200,200,https://seo.goldenmaplelandscaping.ca/interlocking-driveway/oro-station/,text/html; charset=UTF-8,,https://seo.goldenmaplelandscaping.ca/interlocking-driveway/oro-station/,,,INDEXABLE,Interlocking Driveway in Oro-Medonte | Golden Maple Landscaping,Interlocking Driveway in Oro-Medonte,"Interlocking Driveway for Oro-Medonte homeowners by Golden Maple Landscaping. Starting at $18,000. Call +1-705-790-3838 for a free quote.",616,8,"[""https://seo.goldenmaplelandscaping.ca/"", ""https://seo.goldenmaplelandscaping.ca/interlocking-driveway/barrie"", ""https://seo.goldenmaplelandscaping.ca/interlocking-driveway/bradford"", ""https://seo.goldenmaplelandscaping.ca/interlocking-driveway/innisfil"", ""https://seo.goldenmaplelandscaping.ca/interlocking-driveway/oro-station"", ""https://seo.goldenmaplelandscaping.ca/paver-patio-installation/oro-station"", ""https://seo.goldenmaplelandscaping.ca/pool-deck-installation/oro-station"", ""https://seo.goldenmaplelandscaping.ca/retaining-wall-construction/oro-station""]",2026-09-05T14:52:47.786442+00:00,9,,NO_HONEST_EQUIVALENT_ESTABLISHED,No confirmed offering or appropriate same-market destination; do not infer a 410 from this absence. Oro Station must not silently be treated as equivalent to all Oro-Medonte; confirm geography and service scope.,,,OWNER_CONFIRMATION_REQUIRED,,,No confirmed offering or appropriate same-market destination; do not infer a 410 from this absence. Oro Station must not silently be treated as equivalent to all Oro-Medonte; confirm geography and service scope. Owner must confirm actual offering and target relevance before any routing action.,interlocking-driveway,oro-station,OWNER_CONFIRMATION_REQUIRED,OWNER_CONFIRMATION_REQUIRED,NOT_OBTAINED_AUTHENTICATED_ACCESS_NOT_VERIFIED,,NOT_OBTAINED_NO_BACKLINK_PROVIDER_QUERIED,True,"Technical crawl eligibility only, not proof of Google indexing; observed robots.txt allows crawling."
https://seo.goldenmaplelandscaping.ca/pool-deck-installation/barrie/,200,200,https://seo.goldenmaplelandscaping.ca/pool-deck-installation/barrie/,text/html; charset=UTF-8,,https://seo.goldenmaplelandscaping.ca/pool-deck-installation/barrie/,,,INDEXABLE,Pool Deck Installation in Barrie | Golden Maple Landscaping,Pool Deck Installation in Barrie,"Pool Deck Installation for Barrie homeowners by Golden Maple Landscaping. Starting at $22,000. Call +1-705-790-3838 for a free quote.",640,8,"[""https://seo.goldenmaplelandscaping.ca/"", ""https://seo.goldenmaplelandscaping.ca/interlocking-driveway/barrie"", ""https://seo.goldenmaplelandscaping.ca/paver-patio-installation/barrie"", ""https://seo.goldenmaplelandscaping.ca/pool-deck-installation/barrie"", ""https://seo.goldenmaplelandscaping.ca/pool-deck-installation/bradford"", ""https://seo.goldenmaplelandscaping.ca/pool-deck-installation/innisfil"", ""https://seo.goldenmaplelandscaping.ca/pool-deck-installation/newmarket"", ""https://seo.goldenmaplelandscaping.ca/retaining-wall-construction/barrie""]",2026-09-05T14:52:48.800825+00:00,19,https://goldenmaplelandscaping.ca/services/interlocking-barrie/,SAME_CITY_SERVICE_FAMILY,"Same city and relevant service family. Retaining-wall wording aligns; paver/driveway/walkway/pool scopes are broader interlocking candidates, not asserted exact equivalents.",,,OWNER_CONFIRMATION_REQUIRED,https://goldenmaplelandscaping.ca/services/interlocking-barrie/,,"Same city and relevant service family. Retaining-wall wording aligns; paver/driveway/walkway/pool scopes are broader interlocking candidates, not asserted exact equivalents. Owner must confirm actual offering and target relevance before any routing action.",pool-deck-installation,barrie,OWNER_CONFIRMATION_REQUIRED,OWNER_CONFIRMATION_REQUIRED,NOT_OBTAINED_AUTHENTICATED_ACCESS_NOT_VERIFIED,,NOT_OBTAINED_NO_BACKLINK_PROVIDER_QUERIED,True,"Technical crawl eligibility only, not proof of Google indexing; observed robots.txt allows crawling."
https://seo.goldenmaplelandscaping.ca/pool-deck-installation/innisfil/,200,200,https://seo.goldenmaplelandscaping.ca/pool-deck-installation/innisfil/,text/html; charset=UTF-8,,https://seo.goldenmaplelandscaping.ca/pool-deck-installation/innisfil/,,,INDEXABLE,Pool Deck Installation in Innisfil | Golden Maple Landscaping,Pool Deck Installation in Innisfil,"Pool Deck Installation for Innisfil homeowners by Golden Maple Landscaping. Starting at $22,000. Call +1-705-790-3838 for a free quote.",617,8,"[""https://seo.goldenmaplelandscaping.ca/"", ""https://seo.goldenmaplelandscaping.ca/interlocking-driveway/innisfil"", ""https://seo.goldenmaplelandscaping.ca/paver-patio-installation/innisfil"", ""https://seo.goldenmaplelandscaping.ca/pool-deck-installation/barrie"", ""https://seo.goldenmaplelandscaping.ca/pool-deck-installation/bradford"", ""https://seo.goldenmaplelandscaping.ca/pool-deck-installation/innisfil"", ""https://seo.goldenmaplelandscaping.ca/pool-deck-installation/newmarket"", ""https://seo.goldenmaplelandscaping.ca/retaining-wall-construction/innisfil""]",2026-09-05T14:52:49.852496+00:00,19,https://goldenmaplelandscaping.ca/services/interlocking-innisfil/,SAME_CITY_SERVICE_FAMILY,"Same city and relevant service family. Retaining-wall wording aligns; paver/driveway/walkway/pool scopes are broader interlocking candidates, not asserted exact equivalents.",,,OWNER_CONFIRMATION_REQUIRED,https://goldenmaplelandscaping.ca/services/interlocking-innisfil/,,"Same city and relevant service family. Retaining-wall wording aligns; paver/driveway/walkway/pool scopes are broader interlocking candidates, not asserted exact equivalents. Owner must confirm actual offering and target relevance before any routing action.",pool-deck-installation,innisfil,OWNER_CONFIRMATION_REQUIRED,OWNER_CONFIRMATION_REQUIRED,NOT_OBTAINED_AUTHENTICATED_ACCESS_NOT_VERIFIED,,NOT_OBTAINED_NO_BACKLINK_PROVIDER_QUERIED,True,"Technical crawl eligibility only, not proof of Google indexing; observed robots.txt allows crawling."
https://seo.goldenmaplelandscaping.ca/pool-deck-installation/bradford/,200,200,https://seo.goldenmaplelandscaping.ca/pool-deck-installation/bradford/,text/html; charset=UTF-8,,https://seo.goldenmaplelandscaping.ca/pool-deck-installation/bradford/,,,INDEXABLE,Pool Deck Installation in Bradford | Golden Maple Landscaping,Pool Deck Installation in Bradford,"Pool Deck Installation for Bradford homeowners by Golden Maple Landscaping. Starting at $22,000. Call +1-705-790-3838 for a free quote.",606,8,"[""https://seo.goldenmaplelandscaping.ca/"", ""https://seo.goldenmaplelandscaping.ca/interlocking-driveway/bradford"", ""https://seo.goldenmaplelandscaping.ca/paver-patio-installation/bradford"", ""https://seo.goldenmaplelandscaping.ca/pool-deck-installation/barrie"", ""https://seo.goldenmaplelandscaping.ca/pool-deck-installation/bradford"", ""https://seo.goldenmaplelandscaping.ca/pool-deck-installation/innisfil"", ""https://seo.goldenmaplelandscaping.ca/pool-deck-installation/newmarket"", ""https://seo.goldenmaplelandscaping.ca/retaining-wall-construction/bradford""]",2026-09-05T14:52:50.852826+00:00,19,,NO_HONEST_EQUIVALENT_ESTABLISHED,No confirmed offering or appropriate same-market destination; do not infer a 410 from this absence.,,,OWNER_CONFIRMATION_REQUIRED,,,No confirmed offering or appropriate same-market destination; do not infer a 410 from this absence. Owner must confirm actual offering and target relevance before any routing action.,pool-deck-installation,bradford,OWNER_CONFIRMATION_REQUIRED,OWNER_CONFIRMATION_REQUIRED,NOT_OBTAINED_AUTHENTICATED_ACCESS_NOT_VERIFIED,,NOT_OBTAINED_NO_BACKLINK_PROVIDER_QUERIED,True,"Technical crawl eligibility only, not proof of Google indexing; observed robots.txt allows crawling."
https://seo.goldenmaplelandscaping.ca/pool-deck-installation/newmarket/,200,200,https://seo.goldenmaplelandscaping.ca/pool-deck-installation/newmarket/,text/html; charset=UTF-8,,https://seo.goldenmaplelandscaping.ca/pool-deck-installation/newmarket/,,,INDEXABLE,Pool Deck Installation in Newmarket | Golden Maple Landscaping,Pool Deck Installation in Newmarket,"Pool Deck Installation for Newmarket homeowners by Golden Maple Landscaping. Starting at $22,000. Call +1-705-790-3838 for a free quote.",571,8,"[""https://seo.goldenmaplelandscaping.ca/"", ""https://seo.goldenmaplelandscaping.ca/interlocking-driveway/newmarket"", ""https://seo.goldenmaplelandscaping.ca/paver-patio-installation/newmarket"", ""https://seo.goldenmaplelandscaping.ca/pool-deck-installation/barrie"", ""https://seo.goldenmaplelandscaping.ca/pool-deck-installation/bradford"", ""https://seo.goldenmaplelandscaping.ca/pool-deck-installation/innisfil"", ""https://seo.goldenmaplelandscaping.ca/pool-deck-installation/newmarket"", ""https://seo.goldenmaplelandscaping.ca/retaining-wall-construction/newmarket""]",2026-09-05T14:52:51.904857+00:00,8,,NO_HONEST_EQUIVALENT_ESTABLISHED,No confirmed offering or appropriate same-market destination; do not infer a 410 from this absence.,,,OWNER_CONFIRMATION_REQUIRED,,,No confirmed offering or appropriate same-market destination; do not infer a 410 from this absence. Owner must confirm actual offering and target relevance before any routing action.,pool-deck-installation,newmarket,OWNER_CONFIRMATION_REQUIRED,OWNER_CONFIRMATION_REQUIRED,NOT_OBTAINED_AUTHENTICATED_ACCESS_NOT_VERIFIED,,NOT_OBTAINED_NO_BACKLINK_PROVIDER_QUERIED,True,"Technical crawl eligibility only, not proof of Google indexing; observed robots.txt allows crawling."
https://seo.goldenmaplelandscaping.ca/pool-deck-installation/aurora/,200,200,https://seo.goldenmaplelandscaping.ca/pool-deck-installation/aurora/,text/html; charset=UTF-8,,https://seo.goldenmaplelandscaping.ca/pool-deck-installation/aurora/,,,INDEXABLE,Pool Deck Installation in Aurora | Golden Maple Landscaping,Pool Deck Installation in Aurora,"Pool Deck Installation for Aurora homeowners by Golden Maple Landscaping. Starting at $22,000. Call +1-705-790-3838 for a free quote.",644,8,"[""https://seo.goldenmaplelandscaping.ca/"", ""https://seo.goldenmaplelandscaping.ca/interlocking-driveway/aurora"", ""https://seo.goldenmaplelandscaping.ca/paver-patio-installation/aurora"", ""https://seo.goldenmaplelandscaping.ca/pool-deck-installation/aurora"", ""https://seo.goldenmaplelandscaping.ca/pool-deck-installation/barrie"", ""https://seo.goldenmaplelandscaping.ca/pool-deck-installation/bradford"", ""https://seo.goldenmaplelandscaping.ca/pool-deck-installation/innisfil"", ""https://seo.goldenmaplelandscaping.ca/retaining-wall-construction/aurora""]",2026-09-05T14:52:52.933599+00:00,5,,NO_HONEST_EQUIVALENT_ESTABLISHED,No confirmed offering or appropriate same-market destination; do not infer a 410 from this absence.,,,OWNER_CONFIRMATION_REQUIRED,,,No confirmed offering or appropriate same-market destination; do not infer a 410 from this absence. Owner must confirm actual offering and target relevance before any routing action.,pool-deck-installation,aurora,OWNER_CONFIRMATION_REQUIRED,OWNER_CONFIRMATION_REQUIRED,NOT_OBTAINED_AUTHENTICATED_ACCESS_NOT_VERIFIED,,NOT_OBTAINED_NO_BACKLINK_PROVIDER_QUERIED,True,"Technical crawl eligibility only, not proof of Google indexing; observed robots.txt allows crawling."
https://seo.goldenmaplelandscaping.ca/pool-deck-installation/richmond-hill/,200,200,https://seo.goldenmaplelandscaping.ca/pool-deck-installation/richmond-hill/,text/html; charset=UTF-8,,https://seo.goldenmaplelandscaping.ca/pool-deck-installation/richmond-hill/,,,INDEXABLE,Pool Deck Installation in Richmond Hill | Golden Maple Landscaping,Pool Deck Installation in Richmond Hill,"Pool Deck Installation for Richmond Hill homeowners by Golden Maple Landscaping. Starting at $22,000. Call +1-705-790-3838 for a free quote.",605,8,"[""https://seo.goldenmaplelandscaping.ca/"", ""https://seo.goldenmaplelandscaping.ca/interlocking-driveway/richmond-hill"", ""https://seo.goldenmaplelandscaping.ca/paver-patio-installation/richmond-hill"", ""https://seo.goldenmaplelandscaping.ca/pool-deck-installation/barrie"", ""https://seo.goldenmaplelandscaping.ca/pool-deck-installation/bradford"", ""https://seo.goldenmaplelandscaping.ca/pool-deck-installation/innisfil"", ""https://seo.goldenmaplelandscaping.ca/pool-deck-installation/richmond-hill"", ""https://seo.goldenmaplelandscaping.ca/retaining-wall-construction/richmond-hill""]",2026-09-05T14:52:53.985870+00:00,5,,NO_HONEST_EQUIVALENT_ESTABLISHED,No confirmed offering or appropriate same-market destination; do not infer a 410 from this absence.,,,OWNER_CONFIRMATION_REQUIRED,,,No confirmed offering or appropriate same-market destination; do not infer a 410 from this absence. Owner must confirm actual offering and target relevance before any routing action.,pool-deck-installation,richmond-hill,OWNER_CONFIRMATION_REQUIRED,OWNER_CONFIRMATION_REQUIRED,NOT_OBTAINED_AUTHENTICATED_ACCESS_NOT_VERIFIED,,NOT_OBTAINED_NO_BACKLINK_PROVIDER_QUERIED,True,"Technical crawl eligibility only, not proof of Google indexing; observed robots.txt allows crawling."
https://seo.goldenmaplelandscaping.ca/pool-deck-installation/vaughan/,200,200,https://seo.goldenmaplelandscaping.ca/pool-deck-installation/vaughan/,text/html; charset=UTF-8,,https://seo.goldenmaplelandscaping.ca/pool-deck-installation/vaughan/,,,INDEXABLE,Pool Deck Installation in Vaughan | Golden Maple Landscaping,Pool Deck Installation in Vaughan,"Pool Deck Installation for Vaughan homeowners by Golden Maple Landscaping. Starting at $22,000. Call +1-705-790-3838 for a free quote.",639,8,"[""https://seo.goldenmaplelandscaping.ca/"", ""https://seo.goldenmaplelandscaping.ca/interlocking-driveway/vaughan"", ""https://seo.goldenmaplelandscaping.ca/paver-patio-installation/vaughan"", ""https://seo.goldenmaplelandscaping.ca/pool-deck-installation/barrie"", ""https://seo.goldenmaplelandscaping.ca/pool-deck-installation/bradford"", ""https://seo.goldenmaplelandscaping.ca/pool-deck-installation/innisfil"", ""https://seo.goldenmaplelandscaping.ca/pool-deck-installation/vaughan"", ""https://seo.goldenmaplelandscaping.ca/retaining-wall-construction/vaughan""]",2026-09-05T14:52:55.167778+00:00,5,,NO_HONEST_EQUIVALENT_ESTABLISHED,No confirmed offering or appropriate same-market destination; do not infer a 410 from this absence.,,,OWNER_CONFIRMATION_REQUIRED,,,No confirmed offering or appropriate same-market destination; do not infer a 410 from this absence. Owner must confirm actual offering and target relevance before any routing action.,pool-deck-installation,vaughan,OWNER_CONFIRMATION_REQUIRED,OWNER_CONFIRMATION_REQUIRED,NOT_OBTAINED_AUTHENTICATED_ACCESS_NOT_VERIFIED,,NOT_OBTAINED_NO_BACKLINK_PROVIDER_QUERIED,True,"Technical crawl eligibility only, not proof of Google indexing; observed robots.txt allows crawling."
https://seo.goldenmaplelandscaping.ca/pool-deck-installation/king-city/,200,200,https://seo.goldenmaplelandscaping.ca/pool-deck-installation/king-city/,text/html; charset=UTF-8,,https://seo.goldenmaplelandscaping.ca/pool-deck-installation/king-city/,,,INDEXABLE,Pool Deck Installation in King City | Golden Maple Landscaping,Pool Deck Installation in King City,"Pool Deck Installation for King City homeowners by Golden Maple Landscaping. Starting at $22,000. Call +1-705-790-3838 for a free quote.",626,8,"[""https://seo.goldenmaplelandscaping.ca/"", ""https://seo.goldenmaplelandscaping.ca/interlocking-driveway/king-city"", ""https://seo.goldenmaplelandscaping.ca/paver-patio-installation/king-city"", ""https://seo.goldenmaplelandscaping.ca/pool-deck-installation/barrie"", ""https://seo.goldenmaplelandscaping.ca/pool-deck-installation/bradford"", ""https://seo.goldenmaplelandscaping.ca/pool-deck-installation/innisfil"", ""https://seo.goldenmaplelandscaping.ca/pool-deck-installation/king-city"", ""https://seo.goldenmaplelandscaping.ca/retaining-wall-construction/king-city""]",2026-09-05T14:52:56.348165+00:00,5,,NO_HONEST_EQUIVALENT_ESTABLISHED,No confirmed offering or appropriate same-market destination; do not infer a 410 from this absence.,,,OWNER_CONFIRMATION_REQUIRED,,,No confirmed offering or appropriate same-market destination; do not infer a 410 from this absence. Owner must confirm actual offering and target relevance before any routing action.,pool-deck-installation,king-city,OWNER_CONFIRMATION_REQUIRED,OWNER_CONFIRMATION_REQUIRED,NOT_OBTAINED_AUTHENTICATED_ACCESS_NOT_VERIFIED,,NOT_OBTAINED_NO_BACKLINK_PROVIDER_QUERIED,True,"Technical crawl eligibility only, not proof of Google indexing; observed robots.txt allows crawling."
https://seo.goldenmaplelandscaping.ca/pool-deck-installation/orillia/,200,200,https://seo.goldenmaplelandscaping.ca/pool-deck-installation/orillia/,text/html; charset=UTF-8,,https://seo.goldenmaplelandscaping.ca/pool-deck-installation/orillia/,,,INDEXABLE,Pool Deck Installation in Orillia | Golden Maple Landscaping,Pool Deck Installation in Orillia,"Pool Deck Installation for Orillia homeowners by Golden Maple Landscaping. Starting at $22,000. Call +1-705-790-3838 for a free quote.",534,8,"[""https://seo.goldenmaplelandscaping.ca/"", ""https://seo.goldenmaplelandscaping.ca/interlocking-driveway/orillia"", ""https://seo.goldenmaplelandscaping.ca/paver-patio-installation/orillia"", ""https://seo.goldenmaplelandscaping.ca/pool-deck-installation/barrie"", ""https://seo.goldenmaplelandscaping.ca/pool-deck-installation/bradford"", ""https://seo.goldenmaplelandscaping.ca/pool-deck-installation/innisfil"", ""https://seo.goldenmaplelandscaping.ca/pool-deck-installation/orillia"", ""https://seo.goldenmaplelandscaping.ca/retaining-wall-construction/orillia""]",2026-09-05T14:52:57.497012+00:00,5,https://goldenmaplelandscaping.ca/services/interlocking-orillia/,SAME_CITY_SERVICE_FAMILY,"Same city and relevant service family. Retaining-wall wording aligns; paver/driveway/walkway/pool scopes are broader interlocking candidates, not asserted exact equivalents.",,,OWNER_CONFIRMATION_REQUIRED,https://goldenmaplelandscaping.ca/services/interlocking-orillia/,,"Same city and relevant service family. Retaining-wall wording aligns; paver/driveway/walkway/pool scopes are broader interlocking candidates, not asserted exact equivalents. Owner must confirm actual offering and target relevance before any routing action.",pool-deck-installation,orillia,OWNER_CONFIRMATION_REQUIRED,OWNER_CONFIRMATION_REQUIRED,NOT_OBTAINED_AUTHENTICATED_ACCESS_NOT_VERIFIED,,NOT_OBTAINED_NO_BACKLINK_PROVIDER_QUERIED,True,"Technical crawl eligibility only, not proof of Google indexing; observed robots.txt allows crawling."
https://seo.goldenmaplelandscaping.ca/pool-deck-installation/midland/,200,200,https://seo.goldenmaplelandscaping.ca/pool-deck-installation/midland/,text/html; charset=UTF-8,,https://seo.goldenmaplelandscaping.ca/pool-deck-installation/midland/,,,INDEXABLE,Pool Deck Installation in Midland | Golden Maple Landscaping,Pool Deck Installation in Midland,"Pool Deck Installation for Midland homeowners by Golden Maple Landscaping. Starting at $22,000. Call +1-705-790-3838 for a free quote.",573,8,"[""https://seo.goldenmaplelandscaping.ca/"", ""https://seo.goldenmaplelandscaping.ca/interlocking-driveway/midland"", ""https://seo.goldenmaplelandscaping.ca/paver-patio-installation/midland"", ""https://seo.goldenmaplelandscaping.ca/pool-deck-installation/barrie"", ""https://seo.goldenmaplelandscaping.ca/pool-deck-installation/bradford"", ""https://seo.goldenmaplelandscaping.ca/pool-deck-installation/innisfil"", ""https://seo.goldenmaplelandscaping.ca/pool-deck-installation/midland"", ""https://seo.goldenmaplelandscaping.ca/retaining-wall-construction/midland""]",2026-09-05T14:52:58.733459+00:00,5,https://goldenmaplelandscaping.ca/services/interlocking-midland/,SAME_CITY_SERVICE_FAMILY,"Same city and relevant service family. Retaining-wall wording aligns; paver/driveway/walkway/pool scopes are broader interlocking candidates, not asserted exact equivalents.",,,OWNER_CONFIRMATION_REQUIRED,https://goldenmaplelandscaping.ca/services/interlocking-midland/,,"Same city and relevant service family. Retaining-wall wording aligns; paver/driveway/walkway/pool scopes are broader interlocking candidates, not asserted exact equivalents. Owner must confirm actual offering and target relevance before any routing action.",pool-deck-installation,midland,OWNER_CONFIRMATION_REQUIRED,OWNER_CONFIRMATION_REQUIRED,NOT_OBTAINED_AUTHENTICATED_ACCESS_NOT_VERIFIED,,NOT_OBTAINED_NO_BACKLINK_PROVIDER_QUERIED,True,"Technical crawl eligibility only, not proof of Google indexing; observed robots.txt allows crawling."
https://seo.goldenmaplelandscaping.ca/pool-deck-installation/wasaga-beach/,200,200,https://seo.goldenmaplelandscaping.ca/pool-deck-installation/wasaga-beach/,text/html; charset=UTF-8,,https://seo.goldenmaplelandscaping.ca/pool-deck-installation/wasaga-beach/,,,INDEXABLE,Pool Deck Installation in Wasaga Beach | Golden Maple Landscaping,Pool Deck Installation in Wasaga Beach,"Pool Deck Installation for Wasaga Beach homeowners by Golden Maple Landscaping. Starting at $22,000. Call +1-705-790-3838 for a free quote.",547,8,"[""https://seo.goldenmaplelandscaping.ca/"", ""https://seo.goldenmaplelandscaping.ca/interlocking-driveway/wasaga-beach"", ""https://seo.goldenmaplelandscaping.ca/paver-patio-installation/wasaga-beach"", ""https://seo.goldenmaplelandscaping.ca/pool-deck-installation/barrie"", ""https://seo.goldenmaplelandscaping.ca/pool-deck-installation/bradford"", ""https://seo.goldenmaplelandscaping.ca/pool-deck-installation/innisfil"", ""https://seo.goldenmaplelandscaping.ca/pool-deck-installation/wasaga-beach"", ""https://seo.goldenmaplelandscaping.ca/retaining-wall-construction/wasaga-beach""]",2026-09-05T14:52:59.910153+00:00,5,https://goldenmaplelandscaping.ca/services/interlocking-wasaga-beach/,SAME_CITY_SERVICE_FAMILY,"Same city and relevant service family. Retaining-wall wording aligns; paver/driveway/walkway/pool scopes are broader interlocking candidates, not asserted exact equivalents.",,,OWNER_CONFIRMATION_REQUIRED,https://goldenmaplelandscaping.ca/services/interlocking-wasaga-beach/,,"Same city and relevant service family. Retaining-wall wording aligns; paver/driveway/walkway/pool scopes are broader interlocking candidates, not asserted exact equivalents. Owner must confirm actual offering and target relevance before any routing action.",pool-deck-installation,wasaga-beach,OWNER_CONFIRMATION_REQUIRED,OWNER_CONFIRMATION_REQUIRED,NOT_OBTAINED_AUTHENTICATED_ACCESS_NOT_VERIFIED,,NOT_OBTAINED_NO_BACKLINK_PROVIDER_QUERIED,True,"Technical crawl eligibility only, not proof of Google indexing; observed robots.txt allows crawling."
https://seo.goldenmaplelandscaping.ca/pool-deck-installation/collingwood/,200,200,https://seo.goldenmaplelandscaping.ca/pool-deck-installation/collingwood/,text/html; charset=UTF-8,,https://seo.goldenmaplelandscaping.ca/pool-deck-installation/collingwood/,,,INDEXABLE,Pool Deck Installation in Collingwood | Golden Maple Landscaping,Pool Deck Installation in Collingwood,"Pool Deck Installation for Collingwood homeowners by Golden Maple Landscaping. Starting at $22,000. Call +1-705-790-3838 for a free quote.",670,8,"[""https://seo.goldenmaplelandscaping.ca/"", ""https://seo.goldenmaplelandscaping.ca/interlocking-driveway/collingwood"", ""https://seo.goldenmaplelandscaping.ca/paver-patio-installation/collingwood"", ""https://seo.goldenmaplelandscaping.ca/pool-deck-installation/barrie"", ""https://seo.goldenmaplelandscaping.ca/pool-deck-installation/bradford"", ""https://seo.goldenmaplelandscaping.ca/pool-deck-installation/collingwood"", ""https://seo.goldenmaplelandscaping.ca/pool-deck-installation/innisfil"", ""https://seo.goldenmaplelandscaping.ca/retaining-wall-construction/collingwood""]",2026-09-05T14:53:01.138137+00:00,5,https://goldenmaplelandscaping.ca/services/interlocking-collingwood/,SAME_CITY_SERVICE_FAMILY,"Same city and relevant service family. Retaining-wall wording aligns; paver/driveway/walkway/pool scopes are broader interlocking candidates, not asserted exact equivalents.",,,OWNER_CONFIRMATION_REQUIRED,https://goldenmaplelandscaping.ca/services/interlocking-collingwood/,,"Same city and relevant service family. Retaining-wall wording aligns; paver/driveway/walkway/pool scopes are broader interlocking candidates, not asserted exact equivalents. Owner must confirm actual offering and target relevance before any routing action.",pool-deck-installation,collingwood,OWNER_CONFIRMATION_REQUIRED,OWNER_CONFIRMATION_REQUIRED,NOT_OBTAINED_AUTHENTICATED_ACCESS_NOT_VERIFIED,,NOT_OBTAINED_NO_BACKLINK_PROVIDER_QUERIED,True,"Technical crawl eligibility only, not proof of Google indexing; observed robots.txt allows crawling."
https://seo.goldenmaplelandscaping.ca/pool-deck-installation/alliston/,200,200,https://seo.goldenmaplelandscaping.ca/pool-deck-installation/alliston/,text/html; charset=UTF-8,,https://seo.goldenmaplelandscaping.ca/pool-deck-installation/alliston/,,,INDEXABLE,Pool Deck Installation in Alliston | Golden Maple Landscaping,Pool Deck Installation in Alliston,"Pool Deck Installation for Alliston homeowners by Golden Maple Landscaping. Starting at $22,000. Call +1-705-790-3838 for a free quote.",604,8,"[""https://seo.goldenmaplelandscaping.ca/"", ""https://seo.goldenmaplelandscaping.ca/interlocking-driveway/alliston"", ""https://seo.goldenmaplelandscaping.ca/paver-patio-installation/alliston"", ""https://seo.goldenmaplelandscaping.ca/pool-deck-installation/alliston"", ""https://seo.goldenmaplelandscaping.ca/pool-deck-installation/barrie"", ""https://seo.goldenmaplelandscaping.ca/pool-deck-installation/bradford"", ""https://seo.goldenmaplelandscaping.ca/pool-deck-installation/innisfil"", ""https://seo.goldenmaplelandscaping.ca/retaining-wall-construction/alliston""]",2026-09-05T14:53:02.312100+00:00,5,,NO_HONEST_EQUIVALENT_ESTABLISHED,No confirmed offering or appropriate same-market destination; do not infer a 410 from this absence.,,,OWNER_CONFIRMATION_REQUIRED,,,No confirmed offering or appropriate same-market destination; do not infer a 410 from this absence. Owner must confirm actual offering and target relevance before any routing action.,pool-deck-installation,alliston,OWNER_CONFIRMATION_REQUIRED,OWNER_CONFIRMATION_REQUIRED,NOT_OBTAINED_AUTHENTICATED_ACCESS_NOT_VERIFIED,,NOT_OBTAINED_NO_BACKLINK_PROVIDER_QUERIED,True,"Technical crawl eligibility only, not proof of Google indexing; observed robots.txt allows crawling."
https://seo.goldenmaplelandscaping.ca/pool-deck-installation/angus/,200,200,https://seo.goldenmaplelandscaping.ca/pool-deck-installation/angus/,text/html; charset=UTF-8,,https://seo.goldenmaplelandscaping.ca/pool-deck-installation/angus/,,,INDEXABLE,Pool Deck Installation in Angus | Golden Maple Landscaping,Pool Deck Installation in Angus,"Pool Deck Installation for Angus homeowners by Golden Maple Landscaping. Starting at $22,000. Call +1-705-790-3838 for a free quote.",576,8,"[""https://seo.goldenmaplelandscaping.ca/"", ""https://seo.goldenmaplelandscaping.ca/interlocking-driveway/angus"", ""https://seo.goldenmaplelandscaping.ca/paver-patio-installation/angus"", ""https://seo.goldenmaplelandscaping.ca/pool-deck-installation/angus"", ""https://seo.goldenmaplelandscaping.ca/pool-deck-installation/barrie"", ""https://seo.goldenmaplelandscaping.ca/pool-deck-installation/bradford"", ""https://seo.goldenmaplelandscaping.ca/pool-deck-installation/innisfil"", ""https://seo.goldenmaplelandscaping.ca/retaining-wall-construction/angus""]",2026-09-05T14:53:03.472654+00:00,5,,NO_HONEST_EQUIVALENT_ESTABLISHED,No confirmed offering or appropriate same-market destination; do not infer a 410 from this absence.,,,OWNER_CONFIRMATION_REQUIRED,,,No confirmed offering or appropriate same-market destination; do not infer a 410 from this absence. Owner must confirm actual offering and target relevance before any routing action.,pool-deck-installation,angus,OWNER_CONFIRMATION_REQUIRED,OWNER_CONFIRMATION_REQUIRED,NOT_OBTAINED_AUTHENTICATED_ACCESS_NOT_VERIFIED,,NOT_OBTAINED_NO_BACKLINK_PROVIDER_QUERIED,True,"Technical crawl eligibility only, not proof of Google indexing; observed robots.txt allows crawling."
https://seo.goldenmaplelandscaping.ca/pool-deck-installation/oro-station/,200,200,https://seo.goldenmaplelandscaping.ca/pool-deck-installation/oro-station/,text/html; charset=UTF-8,,https://seo.goldenmaplelandscaping.ca/pool-deck-installation/oro-station/,,,INDEXABLE,Pool Deck Installation in Oro-Medonte | Golden Maple Landscaping,Pool Deck Installation in Oro-Medonte,"Pool Deck Installation for Oro-Medonte homeowners by Golden Maple Landscaping. Starting at $22,000. Call +1-705-790-3838 for a free quote.",610,8,"[""https://seo.goldenmaplelandscaping.ca/"", ""https://seo.goldenmaplelandscaping.ca/interlocking-driveway/oro-station"", ""https://seo.goldenmaplelandscaping.ca/paver-patio-installation/oro-station"", ""https://seo.goldenmaplelandscaping.ca/pool-deck-installation/barrie"", ""https://seo.goldenmaplelandscaping.ca/pool-deck-installation/bradford"", ""https://seo.goldenmaplelandscaping.ca/pool-deck-installation/innisfil"", ""https://seo.goldenmaplelandscaping.ca/pool-deck-installation/oro-station"", ""https://seo.goldenmaplelandscaping.ca/retaining-wall-construction/oro-station""]",2026-09-05T14:53:04.686708+00:00,5,,NO_HONEST_EQUIVALENT_ESTABLISHED,No confirmed offering or appropriate same-market destination; do not infer a 410 from this absence. Oro Station must not silently be treated as equivalent to all Oro-Medonte; confirm geography and service scope.,,,OWNER_CONFIRMATION_REQUIRED,,,No confirmed offering or appropriate same-market destination; do not infer a 410 from this absence. Oro Station must not silently be treated as equivalent to all Oro-Medonte; confirm geography and service scope. Owner must confirm actual offering and target relevance before any routing action.,pool-deck-installation,oro-station,OWNER_CONFIRMATION_REQUIRED,OWNER_CONFIRMATION_REQUIRED,NOT_OBTAINED_AUTHENTICATED_ACCESS_NOT_VERIFIED,,NOT_OBTAINED_NO_BACKLINK_PROVIDER_QUERIED,True,"Technical crawl eligibility only, not proof of Google indexing; observed robots.txt allows crawling."
https://seo.goldenmaplelandscaping.ca/outdoor-kitchen-construction/barrie/,200,200,https://seo.goldenmaplelandscaping.ca/outdoor-kitchen-construction/barrie/,text/html; charset=UTF-8,,https://seo.goldenmaplelandscaping.ca/outdoor-kitchen-construction/barrie/,,,INDEXABLE,Outdoor Kitchen Construction in Barrie | Golden Maple Landscaping,Outdoor Kitchen Construction in Barrie,"Outdoor Kitchen Construction for Barrie homeowners by Golden Maple Landscaping. Starting at $28,000. Call +1-705-790-3838 for a free quote.",570,8,"[""https://seo.goldenmaplelandscaping.ca/"", ""https://seo.goldenmaplelandscaping.ca/interlocking-driveway/barrie"", ""https://seo.goldenmaplelandscaping.ca/outdoor-kitchen-construction/barrie"", ""https://seo.goldenmaplelandscaping.ca/outdoor-kitchen-construction/bradford"", ""https://seo.goldenmaplelandscaping.ca/outdoor-kitchen-construction/innisfil"", ""https://seo.goldenmaplelandscaping.ca/outdoor-kitchen-construction/newmarket"", ""https://seo.goldenmaplelandscaping.ca/paver-patio-installation/barrie"", ""https://seo.goldenmaplelandscaping.ca/retaining-wall-construction/barrie""]",2026-09-05T14:53:05.839431+00:00,16,https://goldenmaplelandscaping.ca/locations/barrie/,SAME_CITY_LOCATION_FALLBACK,No exact service-location/service target established; same-city location page is a conditional fallback only after advertised service is confirmed.,,,OWNER_CONFIRMATION_REQUIRED,https://goldenmaplelandscaping.ca/locations/barrie/,,No exact service-location/service target established; same-city location page is a conditional fallback only after advertised service is confirmed. Owner must confirm actual offering and target relevance before any routing action.,outdoor-kitchen-construction,barrie,OWNER_CONFIRMATION_REQUIRED,OWNER_CONFIRMATION_REQUIRED,NOT_OBTAINED_AUTHENTICATED_ACCESS_NOT_VERIFIED,,NOT_OBTAINED_NO_BACKLINK_PROVIDER_QUERIED,True,"Technical crawl eligibility only, not proof of Google indexing; observed robots.txt allows crawling."
https://seo.goldenmaplelandscaping.ca/outdoor-kitchen-construction/innisfil/,200,200,https://seo.goldenmaplelandscaping.ca/outdoor-kitchen-construction/innisfil/,text/html; charset=UTF-8,,https://seo.goldenmaplelandscaping.ca/outdoor-kitchen-construction/innisfil/,,,INDEXABLE,Outdoor Kitchen Construction in Innisfil | Golden Maple Landscaping,Outdoor Kitchen Construction in Innisfil,"Outdoor Kitchen Construction for Innisfil homeowners by Golden Maple Landscaping. Starting at $28,000. Call +1-705-790-3838 for a free quote.",621,8,"[""https://seo.goldenmaplelandscaping.ca/"", ""https://seo.goldenmaplelandscaping.ca/interlocking-driveway/innisfil"", ""https://seo.goldenmaplelandscaping.ca/outdoor-kitchen-construction/barrie"", ""https://seo.goldenmaplelandscaping.ca/outdoor-kitchen-construction/bradford"", ""https://seo.goldenmaplelandscaping.ca/outdoor-kitchen-construction/innisfil"", ""https://seo.goldenmaplelandscaping.ca/outdoor-kitchen-construction/newmarket"", ""https://seo.goldenmaplelandscaping.ca/paver-patio-installation/innisfil"", ""https://seo.goldenmaplelandscaping.ca/retaining-wall-construction/innisfil""]",2026-09-05T14:53:06.990569+00:00,16,https://goldenmaplelandscaping.ca/locations/innisfil/,SAME_CITY_LOCATION_FALLBACK,No exact service-location/service target established; same-city location page is a conditional fallback only after advertised service is confirmed.,,,OWNER_CONFIRMATION_REQUIRED,https://goldenmaplelandscaping.ca/locations/innisfil/,,No exact service-location/service target established; same-city location page is a conditional fallback only after advertised service is confirmed. Owner must confirm actual offering and target relevance before any routing action.,outdoor-kitchen-construction,innisfil,OWNER_CONFIRMATION_REQUIRED,OWNER_CONFIRMATION_REQUIRED,NOT_OBTAINED_AUTHENTICATED_ACCESS_NOT_VERIFIED,,NOT_OBTAINED_NO_BACKLINK_PROVIDER_QUERIED,True,"Technical crawl eligibility only, not proof of Google indexing; observed robots.txt allows crawling."
https://seo.goldenmaplelandscaping.ca/outdoor-kitchen-construction/bradford/,200,200,https://seo.goldenmaplelandscaping.ca/outdoor-kitchen-construction/bradford/,text/html; charset=UTF-8,,https://seo.goldenmaplelandscaping.ca/outdoor-kitchen-construction/bradford/,,,INDEXABLE,Outdoor Kitchen Construction in Bradford | Golden Maple Landscaping,Outdoor Kitchen Construction in Bradford,"Outdoor Kitchen Construction for Bradford homeowners by Golden Maple Landscaping. Starting at $28,000. Call +1-705-790-3838 for a free quote.",621,8,"[""https://seo.goldenmaplelandscaping.ca/"", ""https://seo.goldenmaplelandscaping.ca/interlocking-driveway/bradford"", ""https://seo.goldenmaplelandscaping.ca/outdoor-kitchen-construction/barrie"", ""https://seo.goldenmaplelandscaping.ca/outdoor-kitchen-construction/bradford"", ""https://seo.goldenmaplelandscaping.ca/outdoor-kitchen-construction/innisfil"", ""https://seo.goldenmaplelandscaping.ca/outdoor-kitchen-construction/newmarket"", ""https://seo.goldenmaplelandscaping.ca/paver-patio-installation/bradford"", ""https://seo.goldenmaplelandscaping.ca/retaining-wall-construction/bradford""]",2026-09-05T14:53:08.142467+00:00,16,,NO_HONEST_EQUIVALENT_ESTABLISHED,No confirmed offering or appropriate same-market destination; do not infer a 410 from this absence.,,,OWNER_CONFIRMATION_REQUIRED,,,No confirmed offering or appropriate same-market destination; do not infer a 410 from this absence. Owner must confirm actual offering and target relevance before any routing action.,outdoor-kitchen-construction,bradford,OWNER_CONFIRMATION_REQUIRED,OWNER_CONFIRMATION_REQUIRED,NOT_OBTAINED_AUTHENTICATED_ACCESS_NOT_VERIFIED,,NOT_OBTAINED_NO_BACKLINK_PROVIDER_QUERIED,True,"Technical crawl eligibility only, not proof of Google indexing; observed robots.txt allows crawling."
https://seo.goldenmaplelandscaping.ca/outdoor-kitchen-construction/newmarket/,200,200,https://seo.goldenmaplelandscaping.ca/outdoor-kitchen-construction/newmarket/,text/html; charset=UTF-8,,https://seo.goldenmaplelandscaping.ca/outdoor-kitchen-construction/newmarket/,,,INDEXABLE,Outdoor Kitchen Construction in Newmarket | Golden Maple Landscaping,Outdoor Kitchen Construction in Newmarket,"Outdoor Kitchen Construction for Newmarket homeowners by Golden Maple Landscaping. Starting at $28,000. Call +1-705-790-3838 for a free quote.",582,8,"[""https://seo.goldenmaplelandscaping.ca/"", ""https://seo.goldenmaplelandscaping.ca/interlocking-driveway/newmarket"", ""https://seo.goldenmaplelandscaping.ca/outdoor-kitchen-construction/barrie"", ""https://seo.goldenmaplelandscaping.ca/outdoor-kitchen-construction/bradford"", ""https://seo.goldenmaplelandscaping.ca/outdoor-kitchen-construction/innisfil"", ""https://seo.goldenmaplelandscaping.ca/outdoor-kitchen-construction/newmarket"", ""https://seo.goldenmaplelandscaping.ca/paver-patio-installation/newmarket"", ""https://seo.goldenmaplelandscaping.ca/retaining-wall-construction/newmarket""]",2026-09-05T14:53:09.195578+00:00,5,,NO_HONEST_EQUIVALENT_ESTABLISHED,No confirmed offering or appropriate same-market destination; do not infer a 410 from this absence.,,,OWNER_CONFIRMATION_REQUIRED,,,No confirmed offering or appropriate same-market destination; do not infer a 410 from this absence. Owner must confirm actual offering and target relevance before any routing action.,outdoor-kitchen-construction,newmarket,OWNER_CONFIRMATION_REQUIRED,OWNER_CONFIRMATION_REQUIRED,NOT_OBTAINED_AUTHENTICATED_ACCESS_NOT_VERIFIED,,NOT_OBTAINED_NO_BACKLINK_PROVIDER_QUERIED,True,"Technical crawl eligibility only, not proof of Google indexing; observed robots.txt allows crawling."
https://seo.goldenmaplelandscaping.ca/outdoor-kitchen-construction/aurora/,200,200,https://seo.goldenmaplelandscaping.ca/outdoor-kitchen-construction/aurora/,text/html; charset=UTF-8,,https://seo.goldenmaplelandscaping.ca/outdoor-kitchen-construction/aurora/,,,INDEXABLE,Outdoor Kitchen Construction in Aurora | Golden Maple Landscaping,Outdoor Kitchen Construction in Aurora,"Outdoor Kitchen Construction for Aurora homeowners by Golden Maple Landscaping. Starting at $28,000. Call +1-705-790-3838 for a free quote.",587,8,"[""https://seo.goldenmaplelandscaping.ca/"", ""https://seo.goldenmaplelandscaping.ca/interlocking-driveway/aurora"", ""https://seo.goldenmaplelandscaping.ca/outdoor-kitchen-construction/aurora"", ""https://seo.goldenmaplelandscaping.ca/outdoor-kitchen-construction/barrie"", ""https://seo.goldenmaplelandscaping.ca/outdoor-kitchen-construction/bradford"", ""https://seo.goldenmaplelandscaping.ca/outdoor-kitchen-construction/innisfil"", ""https://seo.goldenmaplelandscaping.ca/paver-patio-installation/aurora"", ""https://seo.goldenmaplelandscaping.ca/retaining-wall-construction/aurora""]",2026-09-05T14:53:10.275014+00:00,2,,NO_HONEST_EQUIVALENT_ESTABLISHED,No confirmed offering or appropriate same-market destination; do not infer a 410 from this absence.,,,OWNER_CONFIRMATION_REQUIRED,,,No confirmed offering or appropriate same-market destination; do not infer a 410 from this absence. Owner must confirm actual offering and target relevance before any routing action.,outdoor-kitchen-construction,aurora,OWNER_CONFIRMATION_REQUIRED,OWNER_CONFIRMATION_REQUIRED,NOT_OBTAINED_AUTHENTICATED_ACCESS_NOT_VERIFIED,,NOT_OBTAINED_NO_BACKLINK_PROVIDER_QUERIED,True,"Technical crawl eligibility only, not proof of Google indexing; observed robots.txt allows crawling."
https://seo.goldenmaplelandscaping.ca/outdoor-kitchen-construction/richmond-hill/,200,200,https://seo.goldenmaplelandscaping.ca/outdoor-kitchen-construction/richmond-hill/,text/html; charset=UTF-8,,https://seo.goldenmaplelandscaping.ca/outdoor-kitchen-construction/richmond-hill/,,,INDEXABLE,Outdoor Kitchen Construction in Richmond Hill | Golden Maple Landscaping,Outdoor Kitchen Construction in Richmond Hill,"Outdoor Kitchen Construction for Richmond Hill homeowners by Golden Maple Landscaping. Starting at $28,000. Call +1-705-790-3838 for a free quote.",629,8,"[""https://seo.goldenmaplelandscaping.ca/"", ""https://seo.goldenmaplelandscaping.ca/interlocking-driveway/richmond-hill"", ""https://seo.goldenmaplelandscaping.ca/outdoor-kitchen-construction/barrie"", ""https://seo.goldenmaplelandscaping.ca/outdoor-kitchen-construction/bradford"", ""https://seo.goldenmaplelandscaping.ca/outdoor-kitchen-construction/innisfil"", ""https://seo.goldenmaplelandscaping.ca/outdoor-kitchen-construction/richmond-hill"", ""https://seo.goldenmaplelandscaping.ca/paver-patio-installation/richmond-hill"", ""https://seo.goldenmaplelandscaping.ca/retaining-wall-construction/richmond-hill""]",2026-09-05T14:53:11.237117+00:00,2,,NO_HONEST_EQUIVALENT_ESTABLISHED,No confirmed offering or appropriate same-market destination; do not infer a 410 from this absence.,,,OWNER_CONFIRMATION_REQUIRED,,,No confirmed offering or appropriate same-market destination; do not infer a 410 from this absence. Owner must confirm actual offering and target relevance before any routing action.,outdoor-kitchen-construction,richmond-hill,OWNER_CONFIRMATION_REQUIRED,OWNER_CONFIRMATION_REQUIRED,NOT_OBTAINED_AUTHENTICATED_ACCESS_NOT_VERIFIED,,NOT_OBTAINED_NO_BACKLINK_PROVIDER_QUERIED,True,"Technical crawl eligibility only, not proof of Google indexing; observed robots.txt allows crawling."
https://seo.goldenmaplelandscaping.ca/outdoor-kitchen-construction/vaughan/,200,200,https://seo.goldenmaplelandscaping.ca/outdoor-kitchen-construction/vaughan/,text/html; charset=UTF-8,,https://seo.goldenmaplelandscaping.ca/outdoor-kitchen-construction/vaughan/,,,INDEXABLE,Outdoor Kitchen Construction in Vaughan | Golden Maple Landscaping,Outdoor Kitchen Construction in Vaughan,"Outdoor Kitchen Construction for Vaughan homeowners by Golden Maple Landscaping. Starting at $28,000. Call +1-705-790-3838 for a free quote.",675,8,"[""https://seo.goldenmaplelandscaping.ca/"", ""https://seo.goldenmaplelandscaping.ca/interlocking-driveway/vaughan"", ""https://seo.goldenmaplelandscaping.ca/outdoor-kitchen-construction/barrie"", ""https://seo.goldenmaplelandscaping.ca/outdoor-kitchen-construction/bradford"", ""https://seo.goldenmaplelandscaping.ca/outdoor-kitchen-construction/innisfil"", ""https://seo.goldenmaplelandscaping.ca/outdoor-kitchen-construction/vaughan"", ""https://seo.goldenmaplelandscaping.ca/paver-patio-installation/vaughan"", ""https://seo.goldenmaplelandscaping.ca/retaining-wall-construction/vaughan""]",2026-09-05T14:53:12.343707+00:00,2,,NO_HONEST_EQUIVALENT_ESTABLISHED,No confirmed offering or appropriate same-market destination; do not infer a 410 from this absence.,,,OWNER_CONFIRMATION_REQUIRED,,,No confirmed offering or appropriate same-market destination; do not infer a 410 from this absence. Owner must confirm actual offering and target relevance before any routing action.,outdoor-kitchen-construction,vaughan,OWNER_CONFIRMATION_REQUIRED,OWNER_CONFIRMATION_REQUIRED,NOT_OBTAINED_AUTHENTICATED_ACCESS_NOT_VERIFIED,,NOT_OBTAINED_NO_BACKLINK_PROVIDER_QUERIED,True,"Technical crawl eligibility only, not proof of Google indexing; observed robots.txt allows crawling."
https://seo.goldenmaplelandscaping.ca/outdoor-kitchen-construction/king-city/,200,200,https://seo.goldenmaplelandscaping.ca/outdoor-kitchen-construction/king-city/,text/html; charset=UTF-8,,https://seo.goldenmaplelandscaping.ca/outdoor-kitchen-construction/king-city/,,,INDEXABLE,Outdoor Kitchen Construction in King City | Golden Maple Landscaping,Outdoor Kitchen Construction in King City,"Outdoor Kitchen Construction for King City homeowners by Golden Maple Landscaping. Starting at $28,000. Call +1-705-790-3838 for a free quote.",603,8,"[""https://seo.goldenmaplelandscaping.ca/"", ""https://seo.goldenmaplelandscaping.ca/interlocking-driveway/king-city"", ""https://seo.goldenmaplelandscaping.ca/outdoor-kitchen-construction/barrie"", ""https://seo.goldenmaplelandscaping.ca/outdoor-kitchen-construction/bradford"", ""https://seo.goldenmaplelandscaping.ca/outdoor-kitchen-construction/innisfil"", ""https://seo.goldenmaplelandscaping.ca/outdoor-kitchen-construction/king-city"", ""https://seo.goldenmaplelandscaping.ca/paver-patio-installation/king-city"", ""https://seo.goldenmaplelandscaping.ca/retaining-wall-construction/king-city""]",2026-09-05T14:53:13.427767+00:00,2,,NO_HONEST_EQUIVALENT_ESTABLISHED,No confirmed offering or appropriate same-market destination; do not infer a 410 from this absence.,,,OWNER_CONFIRMATION_REQUIRED,,,No confirmed offering or appropriate same-market destination; do not infer a 410 from this absence. Owner must confirm actual offering and target relevance before any routing action.,outdoor-kitchen-construction,king-city,OWNER_CONFIRMATION_REQUIRED,OWNER_CONFIRMATION_REQUIRED,NOT_OBTAINED_AUTHENTICATED_ACCESS_NOT_VERIFIED,,NOT_OBTAINED_NO_BACKLINK_PROVIDER_QUERIED,True,"Technical crawl eligibility only, not proof of Google indexing; observed robots.txt allows crawling."
https://seo.goldenmaplelandscaping.ca/outdoor-kitchen-construction/orillia/,200,200,https://seo.goldenmaplelandscaping.ca/outdoor-kitchen-construction/orillia/,text/html; charset=UTF-8,,https://seo.goldenmaplelandscaping.ca/outdoor-kitchen-construction/orillia/,,,INDEXABLE,Outdoor Kitchen Construction in Orillia | Golden Maple Landscaping,Outdoor Kitchen Construction in Orillia,"Outdoor Kitchen Construction for Orillia homeowners by Golden Maple Landscaping. Starting at $28,000. Call +1-705-790-3838 for a free quote.",584,8,"[""https://seo.goldenmaplelandscaping.ca/"", ""https://seo.goldenmaplelandscaping.ca/interlocking-driveway/orillia"", ""https://seo.goldenmaplelandscaping.ca/outdoor-kitchen-construction/barrie"", ""https://seo.goldenmaplelandscaping.ca/outdoor-kitchen-construction/bradford"", ""https://seo.goldenmaplelandscaping.ca/outdoor-kitchen-construction/innisfil"", ""https://seo.goldenmaplelandscaping.ca/outdoor-kitchen-construction/orillia"", ""https://seo.goldenmaplelandscaping.ca/paver-patio-installation/orillia"", ""https://seo.goldenmaplelandscaping.ca/retaining-wall-construction/orillia""]",2026-09-05T14:53:14.457863+00:00,2,https://goldenmaplelandscaping.ca/locations/orillia/,SAME_CITY_LOCATION_FALLBACK,No exact service-location/service target established; same-city location page is a conditional fallback only after advertised service is confirmed.,,,OWNER_CONFIRMATION_REQUIRED,https://goldenmaplelandscaping.ca/locations/orillia/,,No exact service-location/service target established; same-city location page is a conditional fallback only after advertised service is confirmed. Owner must confirm actual offering and target relevance before any routing action.,outdoor-kitchen-construction,orillia,OWNER_CONFIRMATION_REQUIRED,OWNER_CONFIRMATION_REQUIRED,NOT_OBTAINED_AUTHENTICATED_ACCESS_NOT_VERIFIED,,NOT_OBTAINED_NO_BACKLINK_PROVIDER_QUERIED,True,"Technical crawl eligibility only, not proof of Google indexing; observed robots.txt allows crawling."
https://seo.goldenmaplelandscaping.ca/outdoor-kitchen-construction/midland/,200,200,https://seo.goldenmaplelandscaping.ca/outdoor-kitchen-construction/midland/,text/html; charset=UTF-8,,https://seo.goldenmaplelandscaping.ca/outdoor-kitchen-construction/midland/,,,INDEXABLE,Outdoor Kitchen Construction in Midland | Golden Maple Landscaping,Outdoor Kitchen Construction in Midland,"Outdoor Kitchen Construction for Midland homeowners by Golden Maple Landscaping. Starting at $28,000. Call +1-705-790-3838 for a free quote.",640,8,"[""https://seo.goldenmaplelandscaping.ca/"", ""https://seo.goldenmaplelandscaping.ca/interlocking-driveway/midland"", ""https://seo.goldenmaplelandscaping.ca/outdoor-kitchen-construction/barrie"", ""https://seo.goldenmaplelandscaping.ca/outdoor-kitchen-construction/bradford"", ""https://seo.goldenmaplelandscaping.ca/outdoor-kitchen-construction/innisfil"", ""https://seo.goldenmaplelandscaping.ca/outdoor-kitchen-construction/midland"", ""https://seo.goldenmaplelandscaping.ca/paver-patio-installation/midland"", ""https://seo.goldenmaplelandscaping.ca/retaining-wall-construction/midland""]",2026-09-05T14:53:15.496662+00:00,2,https://goldenmaplelandscaping.ca/locations/midland/,SAME_CITY_LOCATION_FALLBACK,No exact service-location/service target established; same-city location page is a conditional fallback only after advertised service is confirmed.,,,OWNER_CONFIRMATION_REQUIRED,https://goldenmaplelandscaping.ca/locations/midland/,,No exact service-location/service target established; same-city location page is a conditional fallback only after advertised service is confirmed. Owner must confirm actual offering and target relevance before any routing action.,outdoor-kitchen-construction,midland,OWNER_CONFIRMATION_REQUIRED,OWNER_CONFIRMATION_REQUIRED,NOT_OBTAINED_AUTHENTICATED_ACCESS_NOT_VERIFIED,,NOT_OBTAINED_NO_BACKLINK_PROVIDER_QUERIED,True,"Technical crawl eligibility only, not proof of Google indexing; observed robots.txt allows crawling."
https://seo.goldenmaplelandscaping.ca/outdoor-kitchen-construction/wasaga-beach/,200,200,https://seo.goldenmaplelandscaping.ca/outdoor-kitchen-construction/wasaga-beach/,text/html; charset=UTF-8,,https://seo.goldenmaplelandscaping.ca/outdoor-kitchen-construction/wasaga-beach/,,,INDEXABLE,Outdoor Kitchen Construction in Wasaga Beach | Golden Maple Landscaping,Outdoor Kitchen Construction in Wasaga Beach,"Outdoor Kitchen Construction for Wasaga Beach homeowners by Golden Maple Landscaping. Starting at $28,000. Call +1-705-790-3838 for a free quote.",643,8,"[""https://seo.goldenmaplelandscaping.ca/"", ""https://seo.goldenmaplelandscaping.ca/interlocking-driveway/wasaga-beach"", ""https://seo.goldenmaplelandscaping.ca/outdoor-kitchen-construction/barrie"", ""https://seo.goldenmaplelandscaping.ca/outdoor-kitchen-construction/bradford"", ""https://seo.goldenmaplelandscaping.ca/outdoor-kitchen-construction/innisfil"", ""https://seo.goldenmaplelandscaping.ca/outdoor-kitchen-construction/wasaga-beach"", ""https://seo.goldenmaplelandscaping.ca/paver-patio-installation/wasaga-beach"", ""https://seo.goldenmaplelandscaping.ca/retaining-wall-construction/wasaga-beach""]",2026-09-05T14:53:16.595505+00:00,2,https://goldenmaplelandscaping.ca/locations/wasaga-beach/,SAME_CITY_LOCATION_FALLBACK,No exact service-location/service target established; same-city location page is a conditional fallback only after advertised service is confirmed.,,,OWNER_CONFIRMATION_REQUIRED,https://goldenmaplelandscaping.ca/locations/wasaga-beach/,,No exact service-location/service target established; same-city location page is a conditional fallback only after advertised service is confirmed. Owner must confirm actual offering and target relevance before any routing action.,outdoor-kitchen-construction,wasaga-beach,OWNER_CONFIRMATION_REQUIRED,OWNER_CONFIRMATION_REQUIRED,NOT_OBTAINED_AUTHENTICATED_ACCESS_NOT_VERIFIED,,NOT_OBTAINED_NO_BACKLINK_PROVIDER_QUERIED,True,"Technical crawl eligibility only, not proof of Google indexing; observed robots.txt allows crawling."
https://seo.goldenmaplelandscaping.ca/outdoor-kitchen-construction/collingwood/,200,200,https://seo.goldenmaplelandscaping.ca/outdoor-kitchen-construction/collingwood/,text/html; charset=UTF-8,,https://seo.goldenmaplelandscaping.ca/outdoor-kitchen-construction/collingwood/,,,INDEXABLE,Outdoor Kitchen Construction in Collingwood | Golden Maple Landscaping,Outdoor Kitchen Construction in Collingwood,"Outdoor Kitchen Construction for Collingwood homeowners by Golden Maple Landscaping. Starting at $28,000. Call +1-705-790-3838 for a free quote.",637,8,"[""https://seo.goldenmaplelandscaping.ca/"", ""https://seo.goldenmaplelandscaping.ca/interlocking-driveway/collingwood"", ""https://seo.goldenmaplelandscaping.ca/outdoor-kitchen-construction/barrie"", ""https://seo.goldenmaplelandscaping.ca/outdoor-kitchen-construction/bradford"", ""https://seo.goldenmaplelandscaping.ca/outdoor-kitchen-construction/collingwood"", ""https://seo.goldenmaplelandscaping.ca/outdoor-kitchen-construction/innisfil"", ""https://seo.goldenmaplelandscaping.ca/paver-patio-installation/collingwood"", ""https://seo.goldenmaplelandscaping.ca/retaining-wall-construction/collingwood""]",2026-09-05T14:53:17.614290+00:00,2,https://goldenmaplelandscaping.ca/locations/collingwood/,SAME_CITY_LOCATION_FALLBACK,No exact service-location/service target established; same-city location page is a conditional fallback only after advertised service is confirmed.,,,OWNER_CONFIRMATION_REQUIRED,https://goldenmaplelandscaping.ca/locations/collingwood/,,No exact service-location/service target established; same-city location page is a conditional fallback only after advertised service is confirmed. Owner must confirm actual offering and target relevance before any routing action.,outdoor-kitchen-construction,collingwood,OWNER_CONFIRMATION_REQUIRED,OWNER_CONFIRMATION_REQUIRED,NOT_OBTAINED_AUTHENTICATED_ACCESS_NOT_VERIFIED,,NOT_OBTAINED_NO_BACKLINK_PROVIDER_QUERIED,True,"Technical crawl eligibility only, not proof of Google indexing; observed robots.txt allows crawling."
https://seo.goldenmaplelandscaping.ca/outdoor-kitchen-construction/alliston/,200,200,https://seo.goldenmaplelandscaping.ca/outdoor-kitchen-construction/alliston/,text/html; charset=UTF-8,,https://seo.goldenmaplelandscaping.ca/outdoor-kitchen-construction/alliston/,,,INDEXABLE,Outdoor Kitchen Construction in Alliston | Golden Maple Landscaping,Outdoor Kitchen Construction in Alliston,"Outdoor Kitchen Construction for Alliston homeowners by Golden Maple Landscaping. Starting at $28,000. Call +1-705-790-3838 for a free quote.",626,8,"[""https://seo.goldenmaplelandscaping.ca/"", ""https://seo.goldenmaplelandscaping.ca/interlocking-driveway/alliston"", ""https://seo.goldenmaplelandscaping.ca/outdoor-kitchen-construction/alliston"", ""https://seo.goldenmaplelandscaping.ca/outdoor-kitchen-construction/barrie"", ""https://seo.goldenmaplelandscaping.ca/outdoor-kitchen-construction/bradford"", ""https://seo.goldenmaplelandscaping.ca/outdoor-kitchen-construction/innisfil"", ""https://seo.goldenmaplelandscaping.ca/paver-patio-installation/alliston"", ""https://seo.goldenmaplelandscaping.ca/retaining-wall-construction/alliston""]",2026-09-05T14:53:18.725542+00:00,2,,NO_HONEST_EQUIVALENT_ESTABLISHED,No confirmed offering or appropriate same-market destination; do not infer a 410 from this absence.,,,OWNER_CONFIRMATION_REQUIRED,,,No confirmed offering or appropriate same-market destination; do not infer a 410 from this absence. Owner must confirm actual offering and target relevance before any routing action.,outdoor-kitchen-construction,alliston,OWNER_CONFIRMATION_REQUIRED,OWNER_CONFIRMATION_REQUIRED,NOT_OBTAINED_AUTHENTICATED_ACCESS_NOT_VERIFIED,,NOT_OBTAINED_NO_BACKLINK_PROVIDER_QUERIED,True,"Technical crawl eligibility only, not proof of Google indexing; observed robots.txt allows crawling."
https://seo.goldenmaplelandscaping.ca/outdoor-kitchen-construction/angus/,200,200,https://seo.goldenmaplelandscaping.ca/outdoor-kitchen-construction/angus/,text/html; charset=UTF-8,,https://seo.goldenmaplelandscaping.ca/outdoor-kitchen-construction/angus/,,,INDEXABLE,Outdoor Kitchen Construction in Angus | Golden Maple Landscaping,Outdoor Kitchen Construction in Angus,"Outdoor Kitchen Construction for Angus homeowners by Golden Maple Landscaping. Starting at $28,000. Call +1-705-790-3838 for a free quote.",575,8,"[""https://seo.goldenmaplelandscaping.ca/"", ""https://seo.goldenmaplelandscaping.ca/interlocking-driveway/angus"", ""https://seo.goldenmaplelandscaping.ca/outdoor-kitchen-construction/angus"", ""https://seo.goldenmaplelandscaping.ca/outdoor-kitchen-construction/barrie"", ""https://seo.goldenmaplelandscaping.ca/outdoor-kitchen-construction/bradford"", ""https://seo.goldenmaplelandscaping.ca/outdoor-kitchen-construction/innisfil"", ""https://seo.goldenmaplelandscaping.ca/paver-patio-installation/angus"", ""https://seo.goldenmaplelandscaping.ca/retaining-wall-construction/angus""]",2026-09-05T14:53:19.761773+00:00,2,,NO_HONEST_EQUIVALENT_ESTABLISHED,No confirmed offering or appropriate same-market destination; do not infer a 410 from this absence.,,,OWNER_CONFIRMATION_REQUIRED,,,No confirmed offering or appropriate same-market destination; do not infer a 410 from this absence. Owner must confirm actual offering and target relevance before any routing action.,outdoor-kitchen-construction,angus,OWNER_CONFIRMATION_REQUIRED,OWNER_CONFIRMATION_REQUIRED,NOT_OBTAINED_AUTHENTICATED_ACCESS_NOT_VERIFIED,,NOT_OBTAINED_NO_BACKLINK_PROVIDER_QUERIED,True,"Technical crawl eligibility only, not proof of Google indexing; observed robots.txt allows crawling."
https://seo.goldenmaplelandscaping.ca/outdoor-kitchen-construction/oro-station/,200,200,https://seo.goldenmaplelandscaping.ca/outdoor-kitchen-construction/oro-station/,text/html; charset=UTF-8,,https://seo.goldenmaplelandscaping.ca/outdoor-kitchen-construction/oro-station/,,,INDEXABLE,Outdoor Kitchen Construction in Oro-Medonte | Golden Maple Landscaping,Outdoor Kitchen Construction in Oro-Medonte,"Outdoor Kitchen Construction for Oro-Medonte homeowners by Golden Maple Landscaping. Starting at $28,000. Call +1-705-790-3838 for a free quote.",630,8,"[""https://seo.goldenmaplelandscaping.ca/"", ""https://seo.goldenmaplelandscaping.ca/interlocking-driveway/oro-station"", ""https://seo.goldenmaplelandscaping.ca/outdoor-kitchen-construction/barrie"", ""https://seo.goldenmaplelandscaping.ca/outdoor-kitchen-construction/bradford"", ""https://seo.goldenmaplelandscaping.ca/outdoor-kitchen-construction/innisfil"", ""https://seo.goldenmaplelandscaping.ca/outdoor-kitchen-construction/oro-station"", ""https://seo.goldenmaplelandscaping.ca/paver-patio-installation/oro-station"", ""https://seo.goldenmaplelandscaping.ca/retaining-wall-construction/oro-station""]",2026-09-05T14:53:20.835497+00:00,2,,NO_HONEST_EQUIVALENT_ESTABLISHED,No confirmed offering or appropriate same-market destination; do not infer a 410 from this absence. Oro Station must not silently be treated as equivalent to all Oro-Medonte; confirm geography and service scope.,,,OWNER_CONFIRMATION_REQUIRED,,,No confirmed offering or appropriate same-market destination; do not infer a 410 from this absence. Oro Station must not silently be treated as equivalent to all Oro-Medonte; confirm geography and service scope. Owner must confirm actual offering and target relevance before any routing action.,outdoor-kitchen-construction,oro-station,OWNER_CONFIRMATION_REQUIRED,OWNER_CONFIRMATION_REQUIRED,NOT_OBTAINED_AUTHENTICATED_ACCESS_NOT_VERIFIED,,NOT_OBTAINED_NO_BACKLINK_PROVIDER_QUERIED,True,"Technical crawl eligibility only, not proof of Google indexing; observed robots.txt allows crawling."
https://seo.goldenmaplelandscaping.ca/fire-pit-installation/barrie/,200,200,https://seo.goldenmaplelandscaping.ca/fire-pit-installation/barrie/,text/html; charset=UTF-8,,https://seo.goldenmaplelandscaping.ca/fire-pit-installation/barrie/,,,INDEXABLE,Fire Pit Installation in Barrie | Golden Maple Landscaping,Fire Pit Installation in Barrie,"Fire Pit Installation for Barrie homeowners by Golden Maple Landscaping. Starting at $3,500. Call +1-705-790-3838 for a free quote.",610,8,"[""https://seo.goldenmaplelandscaping.ca/"", ""https://seo.goldenmaplelandscaping.ca/fire-pit-installation/barrie"", ""https://seo.goldenmaplelandscaping.ca/fire-pit-installation/bradford"", ""https://seo.goldenmaplelandscaping.ca/fire-pit-installation/innisfil"", ""https://seo.goldenmaplelandscaping.ca/fire-pit-installation/newmarket"", ""https://seo.goldenmaplelandscaping.ca/interlocking-driveway/barrie"", ""https://seo.goldenmaplelandscaping.ca/paver-patio-installation/barrie"", ""https://seo.goldenmaplelandscaping.ca/retaining-wall-construction/barrie""]",2026-09-05T14:53:21.896347+00:00,16,https://goldenmaplelandscaping.ca/locations/barrie/,SAME_CITY_LOCATION_FALLBACK,No exact service-location/service target established; same-city location page is a conditional fallback only after advertised service is confirmed.,,,OWNER_CONFIRMATION_REQUIRED,https://goldenmaplelandscaping.ca/locations/barrie/,,No exact service-location/service target established; same-city location page is a conditional fallback only after advertised service is confirmed. Owner must confirm actual offering and target relevance before any routing action.,fire-pit-installation,barrie,OWNER_CONFIRMATION_REQUIRED,OWNER_CONFIRMATION_REQUIRED,NOT_OBTAINED_AUTHENTICATED_ACCESS_NOT_VERIFIED,,NOT_OBTAINED_NO_BACKLINK_PROVIDER_QUERIED,True,"Technical crawl eligibility only, not proof of Google indexing; observed robots.txt allows crawling."
https://seo.goldenmaplelandscaping.ca/fire-pit-installation/innisfil/,200,200,https://seo.goldenmaplelandscaping.ca/fire-pit-installation/innisfil/,text/html; charset=UTF-8,,https://seo.goldenmaplelandscaping.ca/fire-pit-installation/innisfil/,,,INDEXABLE,Fire Pit Installation in Innisfil | Golden Maple Landscaping,Fire Pit Installation in Innisfil,"Fire Pit Installation for Innisfil homeowners by Golden Maple Landscaping. Starting at $3,500. Call +1-705-790-3838 for a free quote.",593,8,"[""https://seo.goldenmaplelandscaping.ca/"", ""https://seo.goldenmaplelandscaping.ca/fire-pit-installation/barrie"", ""https://seo.goldenmaplelandscaping.ca/fire-pit-installation/bradford"", ""https://seo.goldenmaplelandscaping.ca/fire-pit-installation/innisfil"", ""https://seo.goldenmaplelandscaping.ca/fire-pit-installation/newmarket"", ""https://seo.goldenmaplelandscaping.ca/interlocking-driveway/innisfil"", ""https://seo.goldenmaplelandscaping.ca/paver-patio-installation/innisfil"", ""https://seo.goldenmaplelandscaping.ca/retaining-wall-construction/innisfil""]",2026-09-05T14:53:22.963022+00:00,16,https://goldenmaplelandscaping.ca/locations/innisfil/,SAME_CITY_LOCATION_FALLBACK,No exact service-location/service target established; same-city location page is a conditional fallback only after advertised service is confirmed.,,,OWNER_CONFIRMATION_REQUIRED,https://goldenmaplelandscaping.ca/locations/innisfil/,,No exact service-location/service target established; same-city location page is a conditional fallback only after advertised service is confirmed. Owner must confirm actual offering and target relevance before any routing action.,fire-pit-installation,innisfil,OWNER_CONFIRMATION_REQUIRED,OWNER_CONFIRMATION_REQUIRED,NOT_OBTAINED_AUTHENTICATED_ACCESS_NOT_VERIFIED,,NOT_OBTAINED_NO_BACKLINK_PROVIDER_QUERIED,True,"Technical crawl eligibility only, not proof of Google indexing; observed robots.txt allows crawling."
https://seo.goldenmaplelandscaping.ca/fire-pit-installation/bradford/,200,200,https://seo.goldenmaplelandscaping.ca/fire-pit-installation/bradford/,text/html; charset=UTF-8,,https://seo.goldenmaplelandscaping.ca/fire-pit-installation/bradford/,,,INDEXABLE,Fire Pit Installation in Bradford | Golden Maple Landscaping,Fire Pit Installation in Bradford,"Fire Pit Installation for Bradford homeowners by Golden Maple Landscaping. Starting at $3,500. Call +1-705-790-3838 for a free quote.",585,8,"[""https://seo.goldenmaplelandscaping.ca/"", ""https://seo.goldenmaplelandscaping.ca/fire-pit-installation/barrie"", ""https://seo.goldenmaplelandscaping.ca/fire-pit-installation/bradford"", ""https://seo.goldenmaplelandscaping.ca/fire-pit-installation/innisfil"", ""https://seo.goldenmaplelandscaping.ca/fire-pit-installation/newmarket"", ""https://seo.goldenmaplelandscaping.ca/interlocking-driveway/bradford"", ""https://seo.goldenmaplelandscaping.ca/paver-patio-installation/bradford"", ""https://seo.goldenmaplelandscaping.ca/retaining-wall-construction/bradford""]",2026-09-05T14:53:24.089108+00:00,16,,NO_HONEST_EQUIVALENT_ESTABLISHED,No confirmed offering or appropriate same-market destination; do not infer a 410 from this absence.,,,OWNER_CONFIRMATION_REQUIRED,,,No confirmed offering or appropriate same-market destination; do not infer a 410 from this absence. Owner must confirm actual offering and target relevance before any routing action.,fire-pit-installation,bradford,OWNER_CONFIRMATION_REQUIRED,OWNER_CONFIRMATION_REQUIRED,NOT_OBTAINED_AUTHENTICATED_ACCESS_NOT_VERIFIED,,NOT_OBTAINED_NO_BACKLINK_PROVIDER_QUERIED,True,"Technical crawl eligibility only, not proof of Google indexing; observed robots.txt allows crawling."
https://seo.goldenmaplelandscaping.ca/fire-pit-installation/newmarket/,200,200,https://seo.goldenmaplelandscaping.ca/fire-pit-installation/newmarket/,text/html; charset=UTF-8,,https://seo.goldenmaplelandscaping.ca/fire-pit-installation/newmarket/,,,INDEXABLE,Fire Pit Installation in Newmarket | Golden Maple Landscaping,Fire Pit Installation in Newmarket,"Fire Pit Installation for Newmarket homeowners by Golden Maple Landscaping. Starting at $3,500. Call +1-705-790-3838 for a free quote.",587,8,"[""https://seo.goldenmaplelandscaping.ca/"", ""https://seo.goldenmaplelandscaping.ca/fire-pit-installation/barrie"", ""https://seo.goldenmaplelandscaping.ca/fire-pit-installation/bradford"", ""https://seo.goldenmaplelandscaping.ca/fire-pit-installation/innisfil"", ""https://seo.goldenmaplelandscaping.ca/fire-pit-installation/newmarket"", ""https://seo.goldenmaplelandscaping.ca/interlocking-driveway/newmarket"", ""https://seo.goldenmaplelandscaping.ca/paver-patio-installation/newmarket"", ""https://seo.goldenmaplelandscaping.ca/retaining-wall-construction/newmarket""]",2026-09-05T14:53:25.185742+00:00,5,,NO_HONEST_EQUIVALENT_ESTABLISHED,No confirmed offering or appropriate same-market destination; do not infer a 410 from this absence.,,,OWNER_CONFIRMATION_REQUIRED,,,No confirmed offering or appropriate same-market destination; do not infer a 410 from this absence. Owner must confirm actual offering and target relevance before any routing action.,fire-pit-installation,newmarket,OWNER_CONFIRMATION_REQUIRED,OWNER_CONFIRMATION_REQUIRED,NOT_OBTAINED_AUTHENTICATED_ACCESS_NOT_VERIFIED,,NOT_OBTAINED_NO_BACKLINK_PROVIDER_QUERIED,True,"Technical crawl eligibility only, not proof of Google indexing; observed robots.txt allows crawling."
https://seo.goldenmaplelandscaping.ca/fire-pit-installation/aurora/,200,200,https://seo.goldenmaplelandscaping.ca/fire-pit-installation/aurora/,text/html; charset=UTF-8,,https://seo.goldenmaplelandscaping.ca/fire-pit-installation/aurora/,,,INDEXABLE,Fire Pit Installation in Aurora | Golden Maple Landscaping,Fire Pit Installation in Aurora,"Fire Pit Installation for Aurora homeowners by Golden Maple Landscaping. Starting at $3,500. Call +1-705-790-3838 for a free quote.",614,8,"[""https://seo.goldenmaplelandscaping.ca/"", ""https://seo.goldenmaplelandscaping.ca/fire-pit-installation/aurora"", ""https://seo.goldenmaplelandscaping.ca/fire-pit-installation/barrie"", ""https://seo.goldenmaplelandscaping.ca/fire-pit-installation/bradford"", ""https://seo.goldenmaplelandscaping.ca/fire-pit-installation/innisfil"", ""https://seo.goldenmaplelandscaping.ca/interlocking-driveway/aurora"", ""https://seo.goldenmaplelandscaping.ca/paver-patio-installation/aurora"", ""https://seo.goldenmaplelandscaping.ca/retaining-wall-construction/aurora""]",2026-09-05T14:53:26.245678+00:00,2,,NO_HONEST_EQUIVALENT_ESTABLISHED,No confirmed offering or appropriate same-market destination; do not infer a 410 from this absence.,,,OWNER_CONFIRMATION_REQUIRED,,,No confirmed offering or appropriate same-market destination; do not infer a 410 from this absence. Owner must confirm actual offering and target relevance before any routing action.,fire-pit-installation,aurora,OWNER_CONFIRMATION_REQUIRED,OWNER_CONFIRMATION_REQUIRED,NOT_OBTAINED_AUTHENTICATED_ACCESS_NOT_VERIFIED,,NOT_OBTAINED_NO_BACKLINK_PROVIDER_QUERIED,True,"Technical crawl eligibility only, not proof of Google indexing; observed robots.txt allows crawling."
https://seo.goldenmaplelandscaping.ca/fire-pit-installation/richmond-hill/,200,200,https://seo.goldenmaplelandscaping.ca/fire-pit-installation/richmond-hill/,text/html; charset=UTF-8,,https://seo.goldenmaplelandscaping.ca/fire-pit-installation/richmond-hill/,,,INDEXABLE,Fire Pit Installation in Richmond Hill | Golden Maple Landscaping,Fire Pit Installation in Richmond Hill,"Fire Pit Installation for Richmond Hill homeowners by Golden Maple Landscaping. Starting at $3,500. Call +1-705-790-3838 for a free quote.",640,8,"[""https://seo.goldenmaplelandscaping.ca/"", ""https://seo.goldenmaplelandscaping.ca/fire-pit-installation/barrie"", ""https://seo.goldenmaplelandscaping.ca/fire-pit-installation/bradford"", ""https://seo.goldenmaplelandscaping.ca/fire-pit-installation/innisfil"", ""https://seo.goldenmaplelandscaping.ca/fire-pit-installation/richmond-hill"", ""https://seo.goldenmaplelandscaping.ca/interlocking-driveway/richmond-hill"", ""https://seo.goldenmaplelandscaping.ca/paver-patio-installation/richmond-hill"", ""https://seo.goldenmaplelandscaping.ca/retaining-wall-construction/richmond-hill""]",2026-09-05T14:53:27.362049+00:00,2,,NO_HONEST_EQUIVALENT_ESTABLISHED,No confirmed offering or appropriate same-market destination; do not infer a 410 from this absence.,,,OWNER_CONFIRMATION_REQUIRED,,,No confirmed offering or appropriate same-market destination; do not infer a 410 from this absence. Owner must confirm actual offering and target relevance before any routing action.,fire-pit-installation,richmond-hill,OWNER_CONFIRMATION_REQUIRED,OWNER_CONFIRMATION_REQUIRED,NOT_OBTAINED_AUTHENTICATED_ACCESS_NOT_VERIFIED,,NOT_OBTAINED_NO_BACKLINK_PROVIDER_QUERIED,True,"Technical crawl eligibility only, not proof of Google indexing; observed robots.txt allows crawling."
https://seo.goldenmaplelandscaping.ca/fire-pit-installation/vaughan/,200,200,https://seo.goldenmaplelandscaping.ca/fire-pit-installation/vaughan/,text/html; charset=UTF-8,,https://seo.goldenmaplelandscaping.ca/fire-pit-installation/vaughan/,,,INDEXABLE,Fire Pit Installation in Vaughan | Golden Maple Landscaping,Fire Pit Installation in Vaughan,"Fire Pit Installation for Vaughan homeowners by Golden Maple Landscaping. Starting at $3,500. Call +1-705-790-3838 for a free quote.",634,8,"[""https://seo.goldenmaplelandscaping.ca/"", ""https://seo.goldenmaplelandscaping.ca/fire-pit-installation/barrie"", ""https://seo.goldenmaplelandscaping.ca/fire-pit-installation/bradford"", ""https://seo.goldenmaplelandscaping.ca/fire-pit-installation/innisfil"", ""https://seo.goldenmaplelandscaping.ca/fire-pit-installation/vaughan"", ""https://seo.goldenmaplelandscaping.ca/interlocking-driveway/vaughan"", ""https://seo.goldenmaplelandscaping.ca/paver-patio-installation/vaughan"", ""https://seo.goldenmaplelandscaping.ca/retaining-wall-construction/vaughan""]",2026-09-05T14:53:28.554674+00:00,2,,NO_HONEST_EQUIVALENT_ESTABLISHED,No confirmed offering or appropriate same-market destination; do not infer a 410 from this absence.,,,OWNER_CONFIRMATION_REQUIRED,,,No confirmed offering or appropriate same-market destination; do not infer a 410 from this absence. Owner must confirm actual offering and target relevance before any routing action.,fire-pit-installation,vaughan,OWNER_CONFIRMATION_REQUIRED,OWNER_CONFIRMATION_REQUIRED,NOT_OBTAINED_AUTHENTICATED_ACCESS_NOT_VERIFIED,,NOT_OBTAINED_NO_BACKLINK_PROVIDER_QUERIED,True,"Technical crawl eligibility only, not proof of Google indexing; observed robots.txt allows crawling."
https://seo.goldenmaplelandscaping.ca/fire-pit-installation/king-city/,200,200,https://seo.goldenmaplelandscaping.ca/fire-pit-installation/king-city/,text/html; charset=UTF-8,,https://seo.goldenmaplelandscaping.ca/fire-pit-installation/king-city/,,,INDEXABLE,Fire Pit Installation in King City | Golden Maple Landscaping,Fire Pit Installation in King City,"Fire Pit Installation for King City homeowners by Golden Maple Landscaping. Starting at $3,500. Call +1-705-790-3838 for a free quote.",582,8,"[""https://seo.goldenmaplelandscaping.ca/"", ""https://seo.goldenmaplelandscaping.ca/fire-pit-installation/barrie"", ""https://seo.goldenmaplelandscaping.ca/fire-pit-installation/bradford"", ""https://seo.goldenmaplelandscaping.ca/fire-pit-installation/innisfil"", ""https://seo.goldenmaplelandscaping.ca/fire-pit-installation/king-city"", ""https://seo.goldenmaplelandscaping.ca/interlocking-driveway/king-city"", ""https://seo.goldenmaplelandscaping.ca/paver-patio-installation/king-city"", ""https://seo.goldenmaplelandscaping.ca/retaining-wall-construction/king-city""]",2026-09-05T14:53:29.686130+00:00,2,,NO_HONEST_EQUIVALENT_ESTABLISHED,No confirmed offering or appropriate same-market destination; do not infer a 410 from this absence.,,,OWNER_CONFIRMATION_REQUIRED,,,No confirmed offering or appropriate same-market destination; do not infer a 410 from this absence. Owner must confirm actual offering and target relevance before any routing action.,fire-pit-installation,king-city,OWNER_CONFIRMATION_REQUIRED,OWNER_CONFIRMATION_REQUIRED,NOT_OBTAINED_AUTHENTICATED_ACCESS_NOT_VERIFIED,,NOT_OBTAINED_NO_BACKLINK_PROVIDER_QUERIED,True,"Technical crawl eligibility only, not proof of Google indexing; observed robots.txt allows crawling."
https://seo.goldenmaplelandscaping.ca/fire-pit-installation/orillia/,200,200,https://seo.goldenmaplelandscaping.ca/fire-pit-installation/orillia/,text/html; charset=UTF-8,,https://seo.goldenmaplelandscaping.ca/fire-pit-installation/orillia/,,,INDEXABLE,Fire Pit Installation in Orillia | Golden Maple Landscaping,Fire Pit Installation in Orillia,"Fire Pit Installation for Orillia homeowners by Golden Maple Landscaping. Starting at $3,500. Call +1-705-790-3838 for a free quote.",534,8,"[""https://seo.goldenmaplelandscaping.ca/"", ""https://seo.goldenmaplelandscaping.ca/fire-pit-installation/barrie"", ""https://seo.goldenmaplelandscaping.ca/fire-pit-installation/bradford"", ""https://seo.goldenmaplelandscaping.ca/fire-pit-installation/innisfil"", ""https://seo.goldenmaplelandscaping.ca/fire-pit-installation/orillia"", ""https://seo.goldenmaplelandscaping.ca/interlocking-driveway/orillia"", ""https://seo.goldenmaplelandscaping.ca/paver-patio-installation/orillia"", ""https://seo.goldenmaplelandscaping.ca/retaining-wall-construction/orillia""]",2026-09-05T14:53:30.833418+00:00,2,https://goldenmaplelandscaping.ca/locations/orillia/,SAME_CITY_LOCATION_FALLBACK,No exact service-location/service target established; same-city location page is a conditional fallback only after advertised service is confirmed.,,,OWNER_CONFIRMATION_REQUIRED,https://goldenmaplelandscaping.ca/locations/orillia/,,No exact service-location/service target established; same-city location page is a conditional fallback only after advertised service is confirmed. Owner must confirm actual offering and target relevance before any routing action.,fire-pit-installation,orillia,OWNER_CONFIRMATION_REQUIRED,OWNER_CONFIRMATION_REQUIRED,NOT_OBTAINED_AUTHENTICATED_ACCESS_NOT_VERIFIED,,NOT_OBTAINED_NO_BACKLINK_PROVIDER_QUERIED,True,"Technical crawl eligibility only, not proof of Google indexing; observed robots.txt allows crawling."
https://seo.goldenmaplelandscaping.ca/fire-pit-installation/midland/,200,200,https://seo.goldenmaplelandscaping.ca/fire-pit-installation/midland/,text/html; charset=UTF-8,,https://seo.goldenmaplelandscaping.ca/fire-pit-installation/midland/,,,INDEXABLE,Fire Pit Installation in Midland | Golden Maple Landscaping,Fire Pit Installation in Midland,"Fire Pit Installation for Midland homeowners by Golden Maple Landscaping. Starting at $3,500. Call +1-705-790-3838 for a free quote.",677,8,"[""https://seo.goldenmaplelandscaping.ca/"", ""https://seo.goldenmaplelandscaping.ca/fire-pit-installation/barrie"", ""https://seo.goldenmaplelandscaping.ca/fire-pit-installation/bradford"", ""https://seo.goldenmaplelandscaping.ca/fire-pit-installation/innisfil"", ""https://seo.goldenmaplelandscaping.ca/fire-pit-installation/midland"", ""https://seo.goldenmaplelandscaping.ca/interlocking-driveway/midland"", ""https://seo.goldenmaplelandscaping.ca/paver-patio-installation/midland"", ""https://seo.goldenmaplelandscaping.ca/retaining-wall-construction/midland""]",2026-09-05T14:53:31.914470+00:00,2,https://goldenmaplelandscaping.ca/locations/midland/,SAME_CITY_LOCATION_FALLBACK,No exact service-location/service target established; same-city location page is a conditional fallback only after advertised service is confirmed.,,,OWNER_CONFIRMATION_REQUIRED,https://goldenmaplelandscaping.ca/locations/midland/,,No exact service-location/service target established; same-city location page is a conditional fallback only after advertised service is confirmed. Owner must confirm actual offering and target relevance before any routing action.,fire-pit-installation,midland,OWNER_CONFIRMATION_REQUIRED,OWNER_CONFIRMATION_REQUIRED,NOT_OBTAINED_AUTHENTICATED_ACCESS_NOT_VERIFIED,,NOT_OBTAINED_NO_BACKLINK_PROVIDER_QUERIED,True,"Technical crawl eligibility only, not proof of Google indexing; observed robots.txt allows crawling."
https://seo.goldenmaplelandscaping.ca/fire-pit-installation/wasaga-beach/,200,200,https://seo.goldenmaplelandscaping.ca/fire-pit-installation/wasaga-beach/,text/html; charset=UTF-8,,https://seo.goldenmaplelandscaping.ca/fire-pit-installation/wasaga-beach/,,,INDEXABLE,Fire Pit Installation in Wasaga Beach | Golden Maple Landscaping,Fire Pit Installation in Wasaga Beach,"Fire Pit Installation for Wasaga Beach homeowners by Golden Maple Landscaping. Starting at $3,500. Call +1-705-790-3838 for a free quote.",634,8,"[""https://seo.goldenmaplelandscaping.ca/"", ""https://seo.goldenmaplelandscaping.ca/fire-pit-installation/barrie"", ""https://seo.goldenmaplelandscaping.ca/fire-pit-installation/bradford"", ""https://seo.goldenmaplelandscaping.ca/fire-pit-installation/innisfil"", ""https://seo.goldenmaplelandscaping.ca/fire-pit-installation/wasaga-beach"", ""https://seo.goldenmaplelandscaping.ca/interlocking-driveway/wasaga-beach"", ""https://seo.goldenmaplelandscaping.ca/paver-patio-installation/wasaga-beach"", ""https://seo.goldenmaplelandscaping.ca/retaining-wall-construction/wasaga-beach""]",2026-09-05T14:53:33.081074+00:00,2,https://goldenmaplelandscaping.ca/locations/wasaga-beach/,SAME_CITY_LOCATION_FALLBACK,No exact service-location/service target established; same-city location page is a conditional fallback only after advertised service is confirmed.,,,OWNER_CONFIRMATION_REQUIRED,https://goldenmaplelandscaping.ca/locations/wasaga-beach/,,No exact service-location/service target established; same-city location page is a conditional fallback only after advertised service is confirmed. Owner must confirm actual offering and target relevance before any routing action.,fire-pit-installation,wasaga-beach,OWNER_CONFIRMATION_REQUIRED,OWNER_CONFIRMATION_REQUIRED,NOT_OBTAINED_AUTHENTICATED_ACCESS_NOT_VERIFIED,,NOT_OBTAINED_NO_BACKLINK_PROVIDER_QUERIED,True,"Technical crawl eligibility only, not proof of Google indexing; observed robots.txt allows crawling."
https://seo.goldenmaplelandscaping.ca/fire-pit-installation/collingwood/,200,200,https://seo.goldenmaplelandscaping.ca/fire-pit-installation/collingwood/,text/html; charset=UTF-8,,https://seo.goldenmaplelandscaping.ca/fire-pit-installation/collingwood/,,,INDEXABLE,Fire Pit Installation in Collingwood | Golden Maple Landscaping,Fire Pit Installation in Collingwood,"Fire Pit Installation for Collingwood homeowners by Golden Maple Landscaping. Starting at $3,500. Call +1-705-790-3838 for a free quote.",613,8,"[""https://seo.goldenmaplelandscaping.ca/"", ""https://seo.goldenmaplelandscaping.ca/fire-pit-installation/barrie"", ""https://seo.goldenmaplelandscaping.ca/fire-pit-installation/bradford"", ""https://seo.goldenmaplelandscaping.ca/fire-pit-installation/collingwood"", ""https://seo.goldenmaplelandscaping.ca/fire-pit-installation/innisfil"", ""https://seo.goldenmaplelandscaping.ca/interlocking-driveway/collingwood"", ""https://seo.goldenmaplelandscaping.ca/paver-patio-installation/collingwood"", ""https://seo.goldenmaplelandscaping.ca/retaining-wall-construction/collingwood""]",2026-09-05T14:53:34.156103+00:00,2,https://goldenmaplelandscaping.ca/locations/collingwood/,SAME_CITY_LOCATION_FALLBACK,No exact service-location/service target established; same-city location page is a conditional fallback only after advertised service is confirmed.,,,OWNER_CONFIRMATION_REQUIRED,https://goldenmaplelandscaping.ca/locations/collingwood/,,No exact service-location/service target established; same-city location page is a conditional fallback only after advertised service is confirmed. Owner must confirm actual offering and target relevance before any routing action.,fire-pit-installation,collingwood,OWNER_CONFIRMATION_REQUIRED,OWNER_CONFIRMATION_REQUIRED,NOT_OBTAINED_AUTHENTICATED_ACCESS_NOT_VERIFIED,,NOT_OBTAINED_NO_BACKLINK_PROVIDER_QUERIED,True,"Technical crawl eligibility only, not proof of Google indexing; observed robots.txt allows crawling."
https://seo.goldenmaplelandscaping.ca/fire-pit-installation/alliston/,200,200,https://seo.goldenmaplelandscaping.ca/fire-pit-installation/alliston/,text/html; charset=UTF-8,,https://seo.goldenmaplelandscaping.ca/fire-pit-installation/alliston/,,,INDEXABLE,Fire Pit Installation in Alliston | Golden Maple Landscaping,Fire Pit Installation in Alliston,"Fire Pit Installation for Alliston homeowners by Golden Maple Landscaping. Starting at $3,500. Call +1-705-790-3838 for a free quote.",610,8,"[""https://seo.goldenmaplelandscaping.ca/"", ""https://seo.goldenmaplelandscaping.ca/fire-pit-installation/alliston"", ""https://seo.goldenmaplelandscaping.ca/fire-pit-installation/barrie"", ""https://seo.goldenmaplelandscaping.ca/fire-pit-installation/bradford"", ""https://seo.goldenmaplelandscaping.ca/fire-pit-installation/innisfil"", ""https://seo.goldenmaplelandscaping.ca/interlocking-driveway/alliston"", ""https://seo.goldenmaplelandscaping.ca/paver-patio-installation/alliston"", ""https://seo.goldenmaplelandscaping.ca/retaining-wall-construction/alliston""]",2026-09-05T14:53:35.225491+00:00,2,,NO_HONEST_EQUIVALENT_ESTABLISHED,No confirmed offering or appropriate same-market destination; do not infer a 410 from this absence.,,,OWNER_CONFIRMATION_REQUIRED,,,No confirmed offering or appropriate same-market destination; do not infer a 410 from this absence. Owner must confirm actual offering and target relevance before any routing action.,fire-pit-installation,alliston,OWNER_CONFIRMATION_REQUIRED,OWNER_CONFIRMATION_REQUIRED,NOT_OBTAINED_AUTHENTICATED_ACCESS_NOT_VERIFIED,,NOT_OBTAINED_NO_BACKLINK_PROVIDER_QUERIED,True,"Technical crawl eligibility only, not proof of Google indexing; observed robots.txt allows crawling."
https://seo.goldenmaplelandscaping.ca/fire-pit-installation/angus/,200,200,https://seo.goldenmaplelandscaping.ca/fire-pit-installation/angus/,text/html; charset=UTF-8,,https://seo.goldenmaplelandscaping.ca/fire-pit-installation/angus/,,,INDEXABLE,Fire Pit Installation in Angus | Golden Maple Landscaping,Fire Pit Installation in Angus,"Fire Pit Installation for Angus homeowners by Golden Maple Landscaping. Starting at $3,500. Call +1-705-790-3838 for a free quote.",667,8,"[""https://seo.goldenmaplelandscaping.ca/"", ""https://seo.goldenmaplelandscaping.ca/fire-pit-installation/angus"", ""https://seo.goldenmaplelandscaping.ca/fire-pit-installation/barrie"", ""https://seo.goldenmaplelandscaping.ca/fire-pit-installation/bradford"", ""https://seo.goldenmaplelandscaping.ca/fire-pit-installation/innisfil"", ""https://seo.goldenmaplelandscaping.ca/interlocking-driveway/angus"", ""https://seo.goldenmaplelandscaping.ca/paver-patio-installation/angus"", ""https://seo.goldenmaplelandscaping.ca/retaining-wall-construction/angus""]",2026-09-05T14:53:36.316248+00:00,2,,NO_HONEST_EQUIVALENT_ESTABLISHED,No confirmed offering or appropriate same-market destination; do not infer a 410 from this absence.,,,OWNER_CONFIRMATION_REQUIRED,,,No confirmed offering or appropriate same-market destination; do not infer a 410 from this absence. Owner must confirm actual offering and target relevance before any routing action.,fire-pit-installation,angus,OWNER_CONFIRMATION_REQUIRED,OWNER_CONFIRMATION_REQUIRED,NOT_OBTAINED_AUTHENTICATED_ACCESS_NOT_VERIFIED,,NOT_OBTAINED_NO_BACKLINK_PROVIDER_QUERIED,True,"Technical crawl eligibility only, not proof of Google indexing; observed robots.txt allows crawling."
https://seo.goldenmaplelandscaping.ca/fire-pit-installation/oro-station/,200,200,https://seo.goldenmaplelandscaping.ca/fire-pit-installation/oro-station/,text/html; charset=UTF-8,,https://seo.goldenmaplelandscaping.ca/fire-pit-installation/oro-station/,,,INDEXABLE,Fire Pit Installation in Oro-Medonte | Golden Maple Landscaping,Fire Pit Installation in Oro-Medonte,"Fire Pit Installation for Oro-Medonte homeowners by Golden Maple Landscaping. Starting at $3,500. Call +1-705-790-3838 for a free quote.",585,8,"[""https://seo.goldenmaplelandscaping.ca/"", ""https://seo.goldenmaplelandscaping.ca/fire-pit-installation/barrie"", ""https://seo.goldenmaplelandscaping.ca/fire-pit-installation/bradford"", ""https://seo.goldenmaplelandscaping.ca/fire-pit-installation/innisfil"", ""https://seo.goldenmaplelandscaping.ca/fire-pit-installation/oro-station"", ""https://seo.goldenmaplelandscaping.ca/interlocking-driveway/oro-station"", ""https://seo.goldenmaplelandscaping.ca/paver-patio-installation/oro-station"", ""https://seo.goldenmaplelandscaping.ca/retaining-wall-construction/oro-station""]",2026-09-05T14:53:37.362973+00:00,2,,NO_HONEST_EQUIVALENT_ESTABLISHED,No confirmed offering or appropriate same-market destination; do not infer a 410 from this absence. Oro Station must not silently be treated as equivalent to all Oro-Medonte; confirm geography and service scope.,,,OWNER_CONFIRMATION_REQUIRED,,,No confirmed offering or appropriate same-market destination; do not infer a 410 from this absence. Oro Station must not silently be treated as equivalent to all Oro-Medonte; confirm geography and service scope. Owner must confirm actual offering and target relevance before any routing action.,fire-pit-installation,oro-station,OWNER_CONFIRMATION_REQUIRED,OWNER_CONFIRMATION_REQUIRED,NOT_OBTAINED_AUTHENTICATED_ACCESS_NOT_VERIFIED,,NOT_OBTAINED_NO_BACKLINK_PROVIDER_QUERIED,True,"Technical crawl eligibility only, not proof of Google indexing; observed robots.txt allows crawling."
https://seo.goldenmaplelandscaping.ca/front-walkway-installation/barrie/,200,200,https://seo.goldenmaplelandscaping.ca/front-walkway-installation/barrie/,text/html; charset=UTF-8,,https://seo.goldenmaplelandscaping.ca/front-walkway-installation/barrie/,,,INDEXABLE,Front Walkway Installation in Barrie | Golden Maple Landscaping,Front Walkway Installation in Barrie,"Front Walkway Installation for Barrie homeowners by Golden Maple Landscaping. Starting at $4,500. Call +1-705-790-3838 for a free quote.",632,8,"[""https://seo.goldenmaplelandscaping.ca/"", ""https://seo.goldenmaplelandscaping.ca/front-walkway-installation/barrie"", ""https://seo.goldenmaplelandscaping.ca/front-walkway-installation/bradford"", ""https://seo.goldenmaplelandscaping.ca/front-walkway-installation/innisfil"", ""https://seo.goldenmaplelandscaping.ca/front-walkway-installation/newmarket"", ""https://seo.goldenmaplelandscaping.ca/interlocking-driveway/barrie"", ""https://seo.goldenmaplelandscaping.ca/paver-patio-installation/barrie"", ""https://seo.goldenmaplelandscaping.ca/retaining-wall-construction/barrie""]",2026-09-05T14:53:38.408715+00:00,16,https://goldenmaplelandscaping.ca/services/interlocking-barrie/,SAME_CITY_SERVICE_FAMILY,"Same city and relevant service family. Retaining-wall wording aligns; paver/driveway/walkway/pool scopes are broader interlocking candidates, not asserted exact equivalents.",,,OWNER_CONFIRMATION_REQUIRED,https://goldenmaplelandscaping.ca/services/interlocking-barrie/,,"Same city and relevant service family. Retaining-wall wording aligns; paver/driveway/walkway/pool scopes are broader interlocking candidates, not asserted exact equivalents. Owner must confirm actual offering and target relevance before any routing action.",front-walkway-installation,barrie,OWNER_CONFIRMATION_REQUIRED,OWNER_CONFIRMATION_REQUIRED,NOT_OBTAINED_AUTHENTICATED_ACCESS_NOT_VERIFIED,,NOT_OBTAINED_NO_BACKLINK_PROVIDER_QUERIED,True,"Technical crawl eligibility only, not proof of Google indexing; observed robots.txt allows crawling."
https://seo.goldenmaplelandscaping.ca/front-walkway-installation/innisfil/,200,200,https://seo.goldenmaplelandscaping.ca/front-walkway-installation/innisfil/,text/html; charset=UTF-8,,https://seo.goldenmaplelandscaping.ca/front-walkway-installation/innisfil/,,,INDEXABLE,Front Walkway Installation in Innisfil | Golden Maple Landscaping,Front Walkway Installation in Innisfil,"Front Walkway Installation for Innisfil homeowners by Golden Maple Landscaping. Starting at $4,500. Call +1-705-790-3838 for a free quote.",602,8,"[""https://seo.goldenmaplelandscaping.ca/"", ""https://seo.goldenmaplelandscaping.ca/front-walkway-installation/barrie"", ""https://seo.goldenmaplelandscaping.ca/front-walkway-installation/bradford"", ""https://seo.goldenmaplelandscaping.ca/front-walkway-installation/innisfil"", ""https://seo.goldenmaplelandscaping.ca/front-walkway-installation/newmarket"", ""https://seo.goldenmaplelandscaping.ca/interlocking-driveway/innisfil"", ""https://seo.goldenmaplelandscaping.ca/paver-patio-installation/innisfil"", ""https://seo.goldenmaplelandscaping.ca/retaining-wall-construction/innisfil""]",2026-09-05T14:53:39.403859+00:00,16,https://goldenmaplelandscaping.ca/services/interlocking-innisfil/,SAME_CITY_SERVICE_FAMILY,"Same city and relevant service family. Retaining-wall wording aligns; paver/driveway/walkway/pool scopes are broader interlocking candidates, not asserted exact equivalents.",,,OWNER_CONFIRMATION_REQUIRED,https://goldenmaplelandscaping.ca/services/interlocking-innisfil/,,"Same city and relevant service family. Retaining-wall wording aligns; paver/driveway/walkway/pool scopes are broader interlocking candidates, not asserted exact equivalents. Owner must confirm actual offering and target relevance before any routing action.",front-walkway-installation,innisfil,OWNER_CONFIRMATION_REQUIRED,OWNER_CONFIRMATION_REQUIRED,NOT_OBTAINED_AUTHENTICATED_ACCESS_NOT_VERIFIED,,NOT_OBTAINED_NO_BACKLINK_PROVIDER_QUERIED,True,"Technical crawl eligibility only, not proof of Google indexing; observed robots.txt allows crawling."
https://seo.goldenmaplelandscaping.ca/front-walkway-installation/bradford/,200,200,https://seo.goldenmaplelandscaping.ca/front-walkway-installation/bradford/,text/html; charset=UTF-8,,https://seo.goldenmaplelandscaping.ca/front-walkway-installation/bradford/,,,INDEXABLE,Front Walkway Installation in Bradford | Golden Maple Landscaping,Front Walkway Installation in Bradford,"Front Walkway Installation for Bradford homeowners by Golden Maple Landscaping. Starting at $4,500. Call +1-705-790-3838 for a free quote.",554,8,"[""https://seo.goldenmaplelandscaping.ca/"", ""https://seo.goldenmaplelandscaping.ca/front-walkway-installation/barrie"", ""https://seo.goldenmaplelandscaping.ca/front-walkway-installation/bradford"", ""https://seo.goldenmaplelandscaping.ca/front-walkway-installation/innisfil"", ""https://seo.goldenmaplelandscaping.ca/front-walkway-installation/newmarket"", ""https://seo.goldenmaplelandscaping.ca/interlocking-driveway/bradford"", ""https://seo.goldenmaplelandscaping.ca/paver-patio-installation/bradford"", ""https://seo.goldenmaplelandscaping.ca/retaining-wall-construction/bradford""]",2026-09-05T14:53:40.389802+00:00,16,,NO_HONEST_EQUIVALENT_ESTABLISHED,No confirmed offering or appropriate same-market destination; do not infer a 410 from this absence.,,,OWNER_CONFIRMATION_REQUIRED,,,No confirmed offering or appropriate same-market destination; do not infer a 410 from this absence. Owner must confirm actual offering and target relevance before any routing action.,front-walkway-installation,bradford,OWNER_CONFIRMATION_REQUIRED,OWNER_CONFIRMATION_REQUIRED,NOT_OBTAINED_AUTHENTICATED_ACCESS_NOT_VERIFIED,,NOT_OBTAINED_NO_BACKLINK_PROVIDER_QUERIED,True,"Technical crawl eligibility only, not proof of Google indexing; observed robots.txt allows crawling."
https://seo.goldenmaplelandscaping.ca/front-walkway-installation/newmarket/,200,200,https://seo.goldenmaplelandscaping.ca/front-walkway-installation/newmarket/,text/html; charset=UTF-8,,https://seo.goldenmaplelandscaping.ca/front-walkway-installation/newmarket/,,,INDEXABLE,Front Walkway Installation in Newmarket | Golden Maple Landscaping,Front Walkway Installation in Newmarket,"Front Walkway Installation for Newmarket homeowners by Golden Maple Landscaping. Starting at $4,500. Call +1-705-790-3838 for a free quote.",624,8,"[""https://seo.goldenmaplelandscaping.ca/"", ""https://seo.goldenmaplelandscaping.ca/front-walkway-installation/barrie"", ""https://seo.goldenmaplelandscaping.ca/front-walkway-installation/bradford"", ""https://seo.goldenmaplelandscaping.ca/front-walkway-installation/innisfil"", ""https://seo.goldenmaplelandscaping.ca/front-walkway-installation/newmarket"", ""https://seo.goldenmaplelandscaping.ca/interlocking-driveway/newmarket"", ""https://seo.goldenmaplelandscaping.ca/paver-patio-installation/newmarket"", ""https://seo.goldenmaplelandscaping.ca/retaining-wall-construction/newmarket""]",2026-09-05T14:53:41.393539+00:00,5,,NO_HONEST_EQUIVALENT_ESTABLISHED,No confirmed offering or appropriate same-market destination; do not infer a 410 from this absence.,,,OWNER_CONFIRMATION_REQUIRED,,,No confirmed offering or appropriate same-market destination; do not infer a 410 from this absence. Owner must confirm actual offering and target relevance before any routing action.,front-walkway-installation,newmarket,OWNER_CONFIRMATION_REQUIRED,OWNER_CONFIRMATION_REQUIRED,NOT_OBTAINED_AUTHENTICATED_ACCESS_NOT_VERIFIED,,NOT_OBTAINED_NO_BACKLINK_PROVIDER_QUERIED,True,"Technical crawl eligibility only, not proof of Google indexing; observed robots.txt allows crawling."
https://seo.goldenmaplelandscaping.ca/front-walkway-installation/aurora/,200,200,https://seo.goldenmaplelandscaping.ca/front-walkway-installation/aurora/,text/html; charset=UTF-8,,https://seo.goldenmaplelandscaping.ca/front-walkway-installation/aurora/,,,INDEXABLE,Front Walkway Installation in Aurora | Golden Maple Landscaping,Front Walkway Installation in Aurora,"Front Walkway Installation for Aurora homeowners by Golden Maple Landscaping. Starting at $4,500. Call +1-705-790-3838 for a free quote.",640,8,"[""https://seo.goldenmaplelandscaping.ca/"", ""https://seo.goldenmaplelandscaping.ca/front-walkway-installation/aurora"", ""https://seo.goldenmaplelandscaping.ca/front-walkway-installation/barrie"", ""https://seo.goldenmaplelandscaping.ca/front-walkway-installation/bradford"", ""https://seo.goldenmaplelandscaping.ca/front-walkway-installation/innisfil"", ""https://seo.goldenmaplelandscaping.ca/interlocking-driveway/aurora"", ""https://seo.goldenmaplelandscaping.ca/paver-patio-installation/aurora"", ""https://seo.goldenmaplelandscaping.ca/retaining-wall-construction/aurora""]",2026-09-05T14:53:42.422455+00:00,2,,NO_HONEST_EQUIVALENT_ESTABLISHED,No confirmed offering or appropriate same-market destination; do not infer a 410 from this absence.,,,OWNER_CONFIRMATION_REQUIRED,,,No confirmed offering or appropriate same-market destination; do not infer a 410 from this absence. Owner must confirm actual offering and target relevance before any routing action.,front-walkway-installation,aurora,OWNER_CONFIRMATION_REQUIRED,OWNER_CONFIRMATION_REQUIRED,NOT_OBTAINED_AUTHENTICATED_ACCESS_NOT_VERIFIED,,NOT_OBTAINED_NO_BACKLINK_PROVIDER_QUERIED,True,"Technical crawl eligibility only, not proof of Google indexing; observed robots.txt allows crawling."
https://seo.goldenmaplelandscaping.ca/front-walkway-installation/richmond-hill/,200,200,https://seo.goldenmaplelandscaping.ca/front-walkway-installation/richmond-hill/,text/html; charset=UTF-8,,https://seo.goldenmaplelandscaping.ca/front-walkway-installation/richmond-hill/,,,INDEXABLE,Front Walkway Installation in Richmond Hill | Golden Maple Landscaping,Front Walkway Installation in Richmond Hill,"Front Walkway Installation for Richmond Hill homeowners by Golden Maple Landscaping. Starting at $4,500. Call +1-705-790-3838 for a free quote.",581,8,"[""https://seo.goldenmaplelandscaping.ca/"", ""https://seo.goldenmaplelandscaping.ca/front-walkway-installation/barrie"", ""https://seo.goldenmaplelandscaping.ca/front-walkway-installation/bradford"", ""https://seo.goldenmaplelandscaping.ca/front-walkway-installation/innisfil"", ""https://seo.goldenmaplelandscaping.ca/front-walkway-installation/richmond-hill"", ""https://seo.goldenmaplelandscaping.ca/interlocking-driveway/richmond-hill"", ""https://seo.goldenmaplelandscaping.ca/paver-patio-installation/richmond-hill"", ""https://seo.goldenmaplelandscaping.ca/retaining-wall-construction/richmond-hill""]",2026-09-05T14:53:43.371395+00:00,2,,NO_HONEST_EQUIVALENT_ESTABLISHED,No confirmed offering or appropriate same-market destination; do not infer a 410 from this absence.,,,OWNER_CONFIRMATION_REQUIRED,,,No confirmed offering or appropriate same-market destination; do not infer a 410 from this absence. Owner must confirm actual offering and target relevance before any routing action.,front-walkway-installation,richmond-hill,OWNER_CONFIRMATION_REQUIRED,OWNER_CONFIRMATION_REQUIRED,NOT_OBTAINED_AUTHENTICATED_ACCESS_NOT_VERIFIED,,NOT_OBTAINED_NO_BACKLINK_PROVIDER_QUERIED,True,"Technical crawl eligibility only, not proof of Google indexing; observed robots.txt allows crawling."
https://seo.goldenmaplelandscaping.ca/front-walkway-installation/vaughan/,200,200,https://seo.goldenmaplelandscaping.ca/front-walkway-installation/vaughan/,text/html; charset=UTF-8,,https://seo.goldenmaplelandscaping.ca/front-walkway-installation/vaughan/,,,INDEXABLE,Front Walkway Installation in Vaughan | Golden Maple Landscaping,Front Walkway Installation in Vaughan,"Front Walkway Installation for Vaughan homeowners by Golden Maple Landscaping. Starting at $4,500. Call +1-705-790-3838 for a free quote.",553,8,"[""https://seo.goldenmaplelandscaping.ca/"", ""https://seo.goldenmaplelandscaping.ca/front-walkway-installation/barrie"", ""https://seo.goldenmaplelandscaping.ca/front-walkway-installation/bradford"", ""https://seo.goldenmaplelandscaping.ca/front-walkway-installation/innisfil"", ""https://seo.goldenmaplelandscaping.ca/front-walkway-installation/vaughan"", ""https://seo.goldenmaplelandscaping.ca/interlocking-driveway/vaughan"", ""https://seo.goldenmaplelandscaping.ca/paver-patio-installation/vaughan"", ""https://seo.goldenmaplelandscaping.ca/retaining-wall-construction/vaughan""]",2026-09-05T14:53:44.389861+00:00,2,,NO_HONEST_EQUIVALENT_ESTABLISHED,No confirmed offering or appropriate same-market destination; do not infer a 410 from this absence.,,,OWNER_CONFIRMATION_REQUIRED,,,No confirmed offering or appropriate same-market destination; do not infer a 410 from this absence. Owner must confirm actual offering and target relevance before any routing action.,front-walkway-installation,vaughan,OWNER_CONFIRMATION_REQUIRED,OWNER_CONFIRMATION_REQUIRED,NOT_OBTAINED_AUTHENTICATED_ACCESS_NOT_VERIFIED,,NOT_OBTAINED_NO_BACKLINK_PROVIDER_QUERIED,True,"Technical crawl eligibility only, not proof of Google indexing; observed robots.txt allows crawling."
https://seo.goldenmaplelandscaping.ca/front-walkway-installation/king-city/,200,200,https://seo.goldenmaplelandscaping.ca/front-walkway-installation/king-city/,text/html; charset=UTF-8,,https://seo.goldenmaplelandscaping.ca/front-walkway-installation/king-city/,,,INDEXABLE,Front Walkway Installation in King City | Golden Maple Landscaping,Front Walkway Installation in King City,"Front Walkway Installation for King City homeowners by Golden Maple Landscaping. Starting at $4,500. Call +1-705-790-3838 for a free quote.",610,8,"[""https://seo.goldenmaplelandscaping.ca/"", ""https://seo.goldenmaplelandscaping.ca/front-walkway-installation/barrie"", ""https://seo.goldenmaplelandscaping.ca/front-walkway-installation/bradford"", ""https://seo.goldenmaplelandscaping.ca/front-walkway-installation/innisfil"", ""https://seo.goldenmaplelandscaping.ca/front-walkway-installation/king-city"", ""https://seo.goldenmaplelandscaping.ca/interlocking-driveway/king-city"", ""https://seo.goldenmaplelandscaping.ca/paver-patio-installation/king-city"", ""https://seo.goldenmaplelandscaping.ca/retaining-wall-construction/king-city""]",2026-09-05T14:53:45.402799+00:00,2,,NO_HONEST_EQUIVALENT_ESTABLISHED,No confirmed offering or appropriate same-market destination; do not infer a 410 from this absence.,,,OWNER_CONFIRMATION_REQUIRED,,,No confirmed offering or appropriate same-market destination; do not infer a 410 from this absence. Owner must confirm actual offering and target relevance before any routing action.,front-walkway-installation,king-city,OWNER_CONFIRMATION_REQUIRED,OWNER_CONFIRMATION_REQUIRED,NOT_OBTAINED_AUTHENTICATED_ACCESS_NOT_VERIFIED,,NOT_OBTAINED_NO_BACKLINK_PROVIDER_QUERIED,True,"Technical crawl eligibility only, not proof of Google indexing; observed robots.txt allows crawling."
https://seo.goldenmaplelandscaping.ca/front-walkway-installation/orillia/,200,200,https://seo.goldenmaplelandscaping.ca/front-walkway-installation/orillia/,text/html; charset=UTF-8,,https://seo.goldenmaplelandscaping.ca/front-walkway-installation/orillia/,,,INDEXABLE,Front Walkway Installation in Orillia | Golden Maple Landscaping,Front Walkway Installation in Orillia,"Front Walkway Installation for Orillia homeowners by Golden Maple Landscaping. Starting at $4,500. Call +1-705-790-3838 for a free quote.",557,8,"[""https://seo.goldenmaplelandscaping.ca/"", ""https://seo.goldenmaplelandscaping.ca/front-walkway-installation/barrie"", ""https://seo.goldenmaplelandscaping.ca/front-walkway-installation/bradford"", ""https://seo.goldenmaplelandscaping.ca/front-walkway-installation/innisfil"", ""https://seo.goldenmaplelandscaping.ca/front-walkway-installation/orillia"", ""https://seo.goldenmaplelandscaping.ca/interlocking-driveway/orillia"", ""https://seo.goldenmaplelandscaping.ca/paver-patio-installation/orillia"", ""https://seo.goldenmaplelandscaping.ca/retaining-wall-construction/orillia""]",2026-09-05T14:53:46.474031+00:00,2,https://goldenmaplelandscaping.ca/services/interlocking-orillia/,SAME_CITY_SERVICE_FAMILY,"Same city and relevant service family. Retaining-wall wording aligns; paver/driveway/walkway/pool scopes are broader interlocking candidates, not asserted exact equivalents.",,,OWNER_CONFIRMATION_REQUIRED,https://goldenmaplelandscaping.ca/services/interlocking-orillia/,,"Same city and relevant service family. Retaining-wall wording aligns; paver/driveway/walkway/pool scopes are broader interlocking candidates, not asserted exact equivalents. Owner must confirm actual offering and target relevance before any routing action.",front-walkway-installation,orillia,OWNER_CONFIRMATION_REQUIRED,OWNER_CONFIRMATION_REQUIRED,NOT_OBTAINED_AUTHENTICATED_ACCESS_NOT_VERIFIED,,NOT_OBTAINED_NO_BACKLINK_PROVIDER_QUERIED,True,"Technical crawl eligibility only, not proof of Google indexing; observed robots.txt allows crawling."
https://seo.goldenmaplelandscaping.ca/front-walkway-installation/midland/,200,200,https://seo.goldenmaplelandscaping.ca/front-walkway-installation/midland/,text/html; charset=UTF-8,,https://seo.goldenmaplelandscaping.ca/front-walkway-installation/midland/,,,INDEXABLE,Front Walkway Installation in Midland | Golden Maple Landscaping,Front Walkway Installation in Midland,"Front Walkway Installation for Midland homeowners by Golden Maple Landscaping. Starting at $4,500. Call +1-705-790-3838 for a free quote.",591,8,"[""https://seo.goldenmaplelandscaping.ca/"", ""https://seo.goldenmaplelandscaping.ca/front-walkway-installation/barrie"", ""https://seo.goldenmaplelandscaping.ca/front-walkway-installation/bradford"", ""https://seo.goldenmaplelandscaping.ca/front-walkway-installation/innisfil"", ""https://seo.goldenmaplelandscaping.ca/front-walkway-installation/midland"", ""https://seo.goldenmaplelandscaping.ca/interlocking-driveway/midland"", ""https://seo.goldenmaplelandscaping.ca/paver-patio-installation/midland"", ""https://seo.goldenmaplelandscaping.ca/retaining-wall-construction/midland""]",2026-09-05T14:53:47.473527+00:00,2,https://goldenmaplelandscaping.ca/services/interlocking-midland/,SAME_CITY_SERVICE_FAMILY,"Same city and relevant service family. Retaining-wall wording aligns; paver/driveway/walkway/pool scopes are broader interlocking candidates, not asserted exact equivalents.",,,OWNER_CONFIRMATION_REQUIRED,https://goldenmaplelandscaping.ca/services/interlocking-midland/,,"Same city and relevant service family. Retaining-wall wording aligns; paver/driveway/walkway/pool scopes are broader interlocking candidates, not asserted exact equivalents. Owner must confirm actual offering and target relevance before any routing action.",front-walkway-installation,midland,OWNER_CONFIRMATION_REQUIRED,OWNER_CONFIRMATION_REQUIRED,NOT_OBTAINED_AUTHENTICATED_ACCESS_NOT_VERIFIED,,NOT_OBTAINED_NO_BACKLINK_PROVIDER_QUERIED,True,"Technical crawl eligibility only, not proof of Google indexing; observed robots.txt allows crawling."
https://seo.goldenmaplelandscaping.ca/front-walkway-installation/wasaga-beach/,200,200,https://seo.goldenmaplelandscaping.ca/front-walkway-installation/wasaga-beach/,text/html; charset=UTF-8,,https://seo.goldenmaplelandscaping.ca/front-walkway-installation/wasaga-beach/,,,INDEXABLE,Front Walkway Installation in Wasaga Beach | Golden Maple Landscaping,Front Walkway Installation in Wasaga Beach,"Front Walkway Installation for Wasaga Beach homeowners by Golden Maple Landscaping. Starting at $4,500. Call +1-705-790-3838 for a free quote.",605,8,"[""https://seo.goldenmaplelandscaping.ca/"", ""https://seo.goldenmaplelandscaping.ca/front-walkway-installation/barrie"", ""https://seo.goldenmaplelandscaping.ca/front-walkway-installation/bradford"", ""https://seo.goldenmaplelandscaping.ca/front-walkway-installation/innisfil"", ""https://seo.goldenmaplelandscaping.ca/front-walkway-installation/wasaga-beach"", ""https://seo.goldenmaplelandscaping.ca/interlocking-driveway/wasaga-beach"", ""https://seo.goldenmaplelandscaping.ca/paver-patio-installation/wasaga-beach"", ""https://seo.goldenmaplelandscaping.ca/retaining-wall-construction/wasaga-beach""]",2026-09-05T14:53:48.503745+00:00,2,https://goldenmaplelandscaping.ca/services/interlocking-wasaga-beach/,SAME_CITY_SERVICE_FAMILY,"Same city and relevant service family. Retaining-wall wording aligns; paver/driveway/walkway/pool scopes are broader interlocking candidates, not asserted exact equivalents.",,,OWNER_CONFIRMATION_REQUIRED,https://goldenmaplelandscaping.ca/services/interlocking-wasaga-beach/,,"Same city and relevant service family. Retaining-wall wording aligns; paver/driveway/walkway/pool scopes are broader interlocking candidates, not asserted exact equivalents. Owner must confirm actual offering and target relevance before any routing action.",front-walkway-installation,wasaga-beach,OWNER_CONFIRMATION_REQUIRED,OWNER_CONFIRMATION_REQUIRED,NOT_OBTAINED_AUTHENTICATED_ACCESS_NOT_VERIFIED,,NOT_OBTAINED_NO_BACKLINK_PROVIDER_QUERIED,True,"Technical crawl eligibility only, not proof of Google indexing; observed robots.txt allows crawling."
https://seo.goldenmaplelandscaping.ca/front-walkway-installation/collingwood/,200,200,https://seo.goldenmaplelandscaping.ca/front-walkway-installation/collingwood/,text/html; charset=UTF-8,,https://seo.goldenmaplelandscaping.ca/front-walkway-installation/collingwood/,,,INDEXABLE,Front Walkway Installation in Collingwood | Golden Maple Landscaping,Front Walkway Installation in Collingwood,"Front Walkway Installation for Collingwood homeowners by Golden Maple Landscaping. Starting at $4,500. Call +1-705-790-3838 for a free quote.",593,8,"[""https://seo.goldenmaplelandscaping.ca/"", ""https://seo.goldenmaplelandscaping.ca/front-walkway-installation/barrie"", ""https://seo.goldenmaplelandscaping.ca/front-walkway-installation/bradford"", ""https://seo.goldenmaplelandscaping.ca/front-walkway-installation/collingwood"", ""https://seo.goldenmaplelandscaping.ca/front-walkway-installation/innisfil"", ""https://seo.goldenmaplelandscaping.ca/interlocking-driveway/collingwood"", ""https://seo.goldenmaplelandscaping.ca/paver-patio-installation/collingwood"", ""https://seo.goldenmaplelandscaping.ca/retaining-wall-construction/collingwood""]",2026-09-05T14:53:49.520833+00:00,2,https://goldenmaplelandscaping.ca/services/interlocking-collingwood/,SAME_CITY_SERVICE_FAMILY,"Same city and relevant service family. Retaining-wall wording aligns; paver/driveway/walkway/pool scopes are broader interlocking candidates, not asserted exact equivalents.",,,OWNER_CONFIRMATION_REQUIRED,https://goldenmaplelandscaping.ca/services/interlocking-collingwood/,,"Same city and relevant service family. Retaining-wall wording aligns; paver/driveway/walkway/pool scopes are broader interlocking candidates, not asserted exact equivalents. Owner must confirm actual offering and target relevance before any routing action.",front-walkway-installation,collingwood,OWNER_CONFIRMATION_REQUIRED,OWNER_CONFIRMATION_REQUIRED,NOT_OBTAINED_AUTHENTICATED_ACCESS_NOT_VERIFIED,,NOT_OBTAINED_NO_BACKLINK_PROVIDER_QUERIED,True,"Technical crawl eligibility only, not proof of Google indexing; observed robots.txt allows crawling."
https://seo.goldenmaplelandscaping.ca/front-walkway-installation/alliston/,200,200,https://seo.goldenmaplelandscaping.ca/front-walkway-installation/alliston/,text/html; charset=UTF-8,,https://seo.goldenmaplelandscaping.ca/front-walkway-installation/alliston/,,,INDEXABLE,Front Walkway Installation in Alliston | Golden Maple Landscaping,Front Walkway Installation in Alliston,"Front Walkway Installation for Alliston homeowners by Golden Maple Landscaping. Starting at $4,500. Call +1-705-790-3838 for a free quote.",626,8,"[""https://seo.goldenmaplelandscaping.ca/"", ""https://seo.goldenmaplelandscaping.ca/front-walkway-installation/alliston"", ""https://seo.goldenmaplelandscaping.ca/front-walkway-installation/barrie"", ""https://seo.goldenmaplelandscaping.ca/front-walkway-installation/bradford"", ""https://seo.goldenmaplelandscaping.ca/front-walkway-installation/innisfil"", ""https://seo.goldenmaplelandscaping.ca/interlocking-driveway/alliston"", ""https://seo.goldenmaplelandscaping.ca/paver-patio-installation/alliston"", ""https://seo.goldenmaplelandscaping.ca/retaining-wall-construction/alliston""]",2026-09-05T14:53:50.517555+00:00,2,,NO_HONEST_EQUIVALENT_ESTABLISHED,No confirmed offering or appropriate same-market destination; do not infer a 410 from this absence.,,,OWNER_CONFIRMATION_REQUIRED,,,No confirmed offering or appropriate same-market destination; do not infer a 410 from this absence. Owner must confirm actual offering and target relevance before any routing action.,front-walkway-installation,alliston,OWNER_CONFIRMATION_REQUIRED,OWNER_CONFIRMATION_REQUIRED,NOT_OBTAINED_AUTHENTICATED_ACCESS_NOT_VERIFIED,,NOT_OBTAINED_NO_BACKLINK_PROVIDER_QUERIED,True,"Technical crawl eligibility only, not proof of Google indexing; observed robots.txt allows crawling."
https://seo.goldenmaplelandscaping.ca/front-walkway-installation/angus/,200,200,https://seo.goldenmaplelandscaping.ca/front-walkway-installation/angus/,text/html; charset=UTF-8,,https://seo.goldenmaplelandscaping.ca/front-walkway-installation/angus/,,,INDEXABLE,Front Walkway Installation in Angus | Golden Maple Landscaping,Front Walkway Installation in Angus,"Front Walkway Installation for Angus homeowners by Golden Maple Landscaping. Starting at $4,500. Call +1-705-790-3838 for a free quote.",590,8,"[""https://seo.goldenmaplelandscaping.ca/"", ""https://seo.goldenmaplelandscaping.ca/front-walkway-installation/angus"", ""https://seo.goldenmaplelandscaping.ca/front-walkway-installation/barrie"", ""https://seo.goldenmaplelandscaping.ca/front-walkway-installation/bradford"", ""https://seo.goldenmaplelandscaping.ca/front-walkway-installation/innisfil"", ""https://seo.goldenmaplelandscaping.ca/interlocking-driveway/angus"", ""https://seo.goldenmaplelandscaping.ca/paver-patio-installation/angus"", ""https://seo.goldenmaplelandscaping.ca/retaining-wall-construction/angus""]",2026-09-05T14:53:51.572473+00:00,2,,NO_HONEST_EQUIVALENT_ESTABLISHED,No confirmed offering or appropriate same-market destination; do not infer a 410 from this absence.,,,OWNER_CONFIRMATION_REQUIRED,,,No confirmed offering or appropriate same-market destination; do not infer a 410 from this absence. Owner must confirm actual offering and target relevance before any routing action.,front-walkway-installation,angus,OWNER_CONFIRMATION_REQUIRED,OWNER_CONFIRMATION_REQUIRED,NOT_OBTAINED_AUTHENTICATED_ACCESS_NOT_VERIFIED,,NOT_OBTAINED_NO_BACKLINK_PROVIDER_QUERIED,True,"Technical crawl eligibility only, not proof of Google indexing; observed robots.txt allows crawling."
https://seo.goldenmaplelandscaping.ca/front-walkway-installation/oro-station/,200,200,https://seo.goldenmaplelandscaping.ca/front-walkway-installation/oro-station/,text/html; charset=UTF-8,,https://seo.goldenmaplelandscaping.ca/front-walkway-installation/oro-station/,,,INDEXABLE,Front Walkway Installation in Oro-Medonte | Golden Maple Landscaping,Front Walkway Installation in Oro-Medonte,"Front Walkway Installation for Oro-Medonte homeowners by Golden Maple Landscaping. Starting at $4,500. Call +1-705-790-3838 for a free quote.",534,8,"[""https://seo.goldenmaplelandscaping.ca/"", ""https://seo.goldenmaplelandscaping.ca/front-walkway-installation/barrie"", ""https://seo.goldenmaplelandscaping.ca/front-walkway-installation/bradford"", ""https://seo.goldenmaplelandscaping.ca/front-walkway-installation/innisfil"", ""https://seo.goldenmaplelandscaping.ca/front-walkway-installation/oro-station"", ""https://seo.goldenmaplelandscaping.ca/interlocking-driveway/oro-station"", ""https://seo.goldenmaplelandscaping.ca/paver-patio-installation/oro-station"", ""https://seo.goldenmaplelandscaping.ca/retaining-wall-construction/oro-station""]",2026-09-05T14:53:52.575668+00:00,2,,NO_HONEST_EQUIVALENT_ESTABLISHED,No confirmed offering or appropriate same-market destination; do not infer a 410 from this absence. Oro Station must not silently be treated as equivalent to all Oro-Medonte; confirm geography and service scope.,,,OWNER_CONFIRMATION_REQUIRED,,,No confirmed offering or appropriate same-market destination; do not infer a 410 from this absence. Oro Station must not silently be treated as equivalent to all Oro-Medonte; confirm geography and service scope. Owner must confirm actual offering and target relevance before any routing action.,front-walkway-installation,oro-station,OWNER_CONFIRMATION_REQUIRED,OWNER_CONFIRMATION_REQUIRED,NOT_OBTAINED_AUTHENTICATED_ACCESS_NOT_VERIFIED,,NOT_OBTAINED_NO_BACKLINK_PROVIDER_QUERIED,True,"Technical crawl eligibility only, not proof of Google indexing; observed robots.txt allows crawling."
https://seo.goldenmaplelandscaping.ca/landscape-lighting/barrie/,200,200,https://seo.goldenmaplelandscaping.ca/landscape-lighting/barrie/,text/html; charset=UTF-8,,https://seo.goldenmaplelandscaping.ca/landscape-lighting/barrie/,,,INDEXABLE,Landscape Lighting in Barrie | Golden Maple Landscaping,Landscape Lighting in Barrie,"Landscape Lighting for Barrie homeowners by Golden Maple Landscaping. Starting at $2,500. Call +1-705-790-3838 for a free quote.",591,8,"[""https://seo.goldenmaplelandscaping.ca/"", ""https://seo.goldenmaplelandscaping.ca/interlocking-driveway/barrie"", ""https://seo.goldenmaplelandscaping.ca/landscape-lighting/barrie"", ""https://seo.goldenmaplelandscaping.ca/landscape-lighting/bradford"", ""https://seo.goldenmaplelandscaping.ca/landscape-lighting/innisfil"", ""https://seo.goldenmaplelandscaping.ca/landscape-lighting/newmarket"", ""https://seo.goldenmaplelandscaping.ca/paver-patio-installation/barrie"", ""https://seo.goldenmaplelandscaping.ca/retaining-wall-construction/barrie""]",2026-09-05T14:53:53.574009+00:00,16,https://goldenmaplelandscaping.ca/locations/barrie/,SAME_CITY_LOCATION_FALLBACK,No exact service-location/service target established; same-city location page is a conditional fallback only after advertised service is confirmed.,,,OWNER_CONFIRMATION_REQUIRED,https://goldenmaplelandscaping.ca/locations/barrie/,,No exact service-location/service target established; same-city location page is a conditional fallback only after advertised service is confirmed. Owner must confirm actual offering and target relevance before any routing action.,landscape-lighting,barrie,OWNER_CONFIRMATION_REQUIRED,OWNER_CONFIRMATION_REQUIRED,NOT_OBTAINED_AUTHENTICATED_ACCESS_NOT_VERIFIED,,NOT_OBTAINED_NO_BACKLINK_PROVIDER_QUERIED,True,"Technical crawl eligibility only, not proof of Google indexing; observed robots.txt allows crawling."
https://seo.goldenmaplelandscaping.ca/landscape-lighting/innisfil/,200,200,https://seo.goldenmaplelandscaping.ca/landscape-lighting/innisfil/,text/html; charset=UTF-8,,https://seo.goldenmaplelandscaping.ca/landscape-lighting/innisfil/,,,INDEXABLE,Landscape Lighting in Innisfil | Golden Maple Landscaping,Landscape Lighting in Innisfil,"Landscape Lighting for Innisfil homeowners by Golden Maple Landscaping. Starting at $2,500. Call +1-705-790-3838 for a free quote.",615,8,"[""https://seo.goldenmaplelandscaping.ca/"", ""https://seo.goldenmaplelandscaping.ca/interlocking-driveway/innisfil"", ""https://seo.goldenmaplelandscaping.ca/landscape-lighting/barrie"", ""https://seo.goldenmaplelandscaping.ca/landscape-lighting/bradford"", ""https://seo.goldenmaplelandscaping.ca/landscape-lighting/innisfil"", ""https://seo.goldenmaplelandscaping.ca/landscape-lighting/newmarket"", ""https://seo.goldenmaplelandscaping.ca/paver-patio-installation/innisfil"", ""https://seo.goldenmaplelandscaping.ca/retaining-wall-construction/innisfil""]",2026-09-05T14:53:54.698847+00:00,16,https://goldenmaplelandscaping.ca/locations/innisfil/,SAME_CITY_LOCATION_FALLBACK,No exact service-location/service target established; same-city location page is a conditional fallback only after advertised service is confirmed.,,,OWNER_CONFIRMATION_REQUIRED,https://goldenmaplelandscaping.ca/locations/innisfil/,,No exact service-location/service target established; same-city location page is a conditional fallback only after advertised service is confirmed. Owner must confirm actual offering and target relevance before any routing action.,landscape-lighting,innisfil,OWNER_CONFIRMATION_REQUIRED,OWNER_CONFIRMATION_REQUIRED,NOT_OBTAINED_AUTHENTICATED_ACCESS_NOT_VERIFIED,,NOT_OBTAINED_NO_BACKLINK_PROVIDER_QUERIED,True,"Technical crawl eligibility only, not proof of Google indexing; observed robots.txt allows crawling."
https://seo.goldenmaplelandscaping.ca/landscape-lighting/bradford/,200,200,https://seo.goldenmaplelandscaping.ca/landscape-lighting/bradford/,text/html; charset=UTF-8,,https://seo.goldenmaplelandscaping.ca/landscape-lighting/bradford/,,,INDEXABLE,Landscape Lighting in Bradford | Golden Maple Landscaping,Landscape Lighting in Bradford,"Landscape Lighting for Bradford homeowners by Golden Maple Landscaping. Starting at $2,500. Call +1-705-790-3838 for a free quote.",623,8,"[""https://seo.goldenmaplelandscaping.ca/"", ""https://seo.goldenmaplelandscaping.ca/interlocking-driveway/bradford"", ""https://seo.goldenmaplelandscaping.ca/landscape-lighting/barrie"", ""https://seo.goldenmaplelandscaping.ca/landscape-lighting/bradford"", ""https://seo.goldenmaplelandscaping.ca/landscape-lighting/innisfil"", ""https://seo.goldenmaplelandscaping.ca/landscape-lighting/newmarket"", ""https://seo.goldenmaplelandscaping.ca/paver-patio-installation/bradford"", ""https://seo.goldenmaplelandscaping.ca/retaining-wall-construction/bradford""]",2026-09-05T14:53:55.739486+00:00,16,,NO_HONEST_EQUIVALENT_ESTABLISHED,No confirmed offering or appropriate same-market destination; do not infer a 410 from this absence.,,,OWNER_CONFIRMATION_REQUIRED,,,No confirmed offering or appropriate same-market destination; do not infer a 410 from this absence. Owner must confirm actual offering and target relevance before any routing action.,landscape-lighting,bradford,OWNER_CONFIRMATION_REQUIRED,OWNER_CONFIRMATION_REQUIRED,NOT_OBTAINED_AUTHENTICATED_ACCESS_NOT_VERIFIED,,NOT_OBTAINED_NO_BACKLINK_PROVIDER_QUERIED,True,"Technical crawl eligibility only, not proof of Google indexing; observed robots.txt allows crawling."
https://seo.goldenmaplelandscaping.ca/landscape-lighting/newmarket/,200,200,https://seo.goldenmaplelandscaping.ca/landscape-lighting/newmarket/,text/html; charset=UTF-8,,https://seo.goldenmaplelandscaping.ca/landscape-lighting/newmarket/,,,INDEXABLE,Landscape Lighting in Newmarket | Golden Maple Landscaping,Landscape Lighting in Newmarket,"Landscape Lighting for Newmarket homeowners by Golden Maple Landscaping. Starting at $2,500. Call +1-705-790-3838 for a free quote.",589,8,"[""https://seo.goldenmaplelandscaping.ca/"", ""https://seo.goldenmaplelandscaping.ca/interlocking-driveway/newmarket"", ""https://seo.goldenmaplelandscaping.ca/landscape-lighting/barrie"", ""https://seo.goldenmaplelandscaping.ca/landscape-lighting/bradford"", ""https://seo.goldenmaplelandscaping.ca/landscape-lighting/innisfil"", ""https://seo.goldenmaplelandscaping.ca/landscape-lighting/newmarket"", ""https://seo.goldenmaplelandscaping.ca/paver-patio-installation/newmarket"", ""https://seo.goldenmaplelandscaping.ca/retaining-wall-construction/newmarket""]",2026-09-05T14:53:56.838667+00:00,5,,NO_HONEST_EQUIVALENT_ESTABLISHED,No confirmed offering or appropriate same-market destination; do not infer a 410 from this absence.,,,OWNER_CONFIRMATION_REQUIRED,,,No confirmed offering or appropriate same-market destination; do not infer a 410 from this absence. Owner must confirm actual offering and target relevance before any routing action.,landscape-lighting,newmarket,OWNER_CONFIRMATION_REQUIRED,OWNER_CONFIRMATION_REQUIRED,NOT_OBTAINED_AUTHENTICATED_ACCESS_NOT_VERIFIED,,NOT_OBTAINED_NO_BACKLINK_PROVIDER_QUERIED,True,"Technical crawl eligibility only, not proof of Google indexing; observed robots.txt allows crawling."
https://seo.goldenmaplelandscaping.ca/landscape-lighting/aurora/,200,200,https://seo.goldenmaplelandscaping.ca/landscape-lighting/aurora/,text/html; charset=UTF-8,,https://seo.goldenmaplelandscaping.ca/landscape-lighting/aurora/,,,INDEXABLE,Landscape Lighting in Aurora | Golden Maple Landscaping,Landscape Lighting in Aurora,"Landscape Lighting for Aurora homeowners by Golden Maple Landscaping. Starting at $2,500. Call +1-705-790-3838 for a free quote.",551,8,"[""https://seo.goldenmaplelandscaping.ca/"", ""https://seo.goldenmaplelandscaping.ca/interlocking-driveway/aurora"", ""https://seo.goldenmaplelandscaping.ca/landscape-lighting/aurora"", ""https://seo.goldenmaplelandscaping.ca/landscape-lighting/barrie"", ""https://seo.goldenmaplelandscaping.ca/landscape-lighting/bradford"", ""https://seo.goldenmaplelandscaping.ca/landscape-lighting/innisfil"", ""https://seo.goldenmaplelandscaping.ca/paver-patio-installation/aurora"", ""https://seo.goldenmaplelandscaping.ca/retaining-wall-construction/aurora""]",2026-09-05T14:53:57.884348+00:00,2,,NO_HONEST_EQUIVALENT_ESTABLISHED,No confirmed offering or appropriate same-market destination; do not infer a 410 from this absence.,,,OWNER_CONFIRMATION_REQUIRED,,,No confirmed offering or appropriate same-market destination; do not infer a 410 from this absence. Owner must confirm actual offering and target relevance before any routing action.,landscape-lighting,aurora,OWNER_CONFIRMATION_REQUIRED,OWNER_CONFIRMATION_REQUIRED,NOT_OBTAINED_AUTHENTICATED_ACCESS_NOT_VERIFIED,,NOT_OBTAINED_NO_BACKLINK_PROVIDER_QUERIED,True,"Technical crawl eligibility only, not proof of Google indexing; observed robots.txt allows crawling."
https://seo.goldenmaplelandscaping.ca/landscape-lighting/richmond-hill/,200,200,https://seo.goldenmaplelandscaping.ca/landscape-lighting/richmond-hill/,text/html; charset=UTF-8,,https://seo.goldenmaplelandscaping.ca/landscape-lighting/richmond-hill/,,,INDEXABLE,Landscape Lighting in Richmond Hill | Golden Maple Landscaping,Landscape Lighting in Richmond Hill,"Landscape Lighting for Richmond Hill homeowners by Golden Maple Landscaping. Starting at $2,500. Call +1-705-790-3838 for a free quote.",587,8,"[""https://seo.goldenmaplelandscaping.ca/"", ""https://seo.goldenmaplelandscaping.ca/interlocking-driveway/richmond-hill"", ""https://seo.goldenmaplelandscaping.ca/landscape-lighting/barrie"", ""https://seo.goldenmaplelandscaping.ca/landscape-lighting/bradford"", ""https://seo.goldenmaplelandscaping.ca/landscape-lighting/innisfil"", ""https://seo.goldenmaplelandscaping.ca/landscape-lighting/richmond-hill"", ""https://seo.goldenmaplelandscaping.ca/paver-patio-installation/richmond-hill"", ""https://seo.goldenmaplelandscaping.ca/retaining-wall-construction/richmond-hill""]",2026-09-05T14:53:58.907738+00:00,2,,NO_HONEST_EQUIVALENT_ESTABLISHED,No confirmed offering or appropriate same-market destination; do not infer a 410 from this absence.,,,OWNER_CONFIRMATION_REQUIRED,,,No confirmed offering or appropriate same-market destination; do not infer a 410 from this absence. Owner must confirm actual offering and target relevance before any routing action.,landscape-lighting,richmond-hill,OWNER_CONFIRMATION_REQUIRED,OWNER_CONFIRMATION_REQUIRED,NOT_OBTAINED_AUTHENTICATED_ACCESS_NOT_VERIFIED,,NOT_OBTAINED_NO_BACKLINK_PROVIDER_QUERIED,True,"Technical crawl eligibility only, not proof of Google indexing; observed robots.txt allows crawling."
https://seo.goldenmaplelandscaping.ca/landscape-lighting/vaughan/,200,200,https://seo.goldenmaplelandscaping.ca/landscape-lighting/vaughan/,text/html; charset=UTF-8,,https://seo.goldenmaplelandscaping.ca/landscape-lighting/vaughan/,,,INDEXABLE,Landscape Lighting in Vaughan | Golden Maple Landscaping,Landscape Lighting in Vaughan,"Landscape Lighting for Vaughan homeowners by Golden Maple Landscaping. Starting at $2,500. Call +1-705-790-3838 for a free quote.",620,8,"[""https://seo.goldenmaplelandscaping.ca/"", ""https://seo.goldenmaplelandscaping.ca/interlocking-driveway/vaughan"", ""https://seo.goldenmaplelandscaping.ca/landscape-lighting/barrie"", ""https://seo.goldenmaplelandscaping.ca/landscape-lighting/bradford"", ""https://seo.goldenmaplelandscaping.ca/landscape-lighting/innisfil"", ""https://seo.goldenmaplelandscaping.ca/landscape-lighting/vaughan"", ""https://seo.goldenmaplelandscaping.ca/paver-patio-installation/vaughan"", ""https://seo.goldenmaplelandscaping.ca/retaining-wall-construction/vaughan""]",2026-09-05T14:53:59.973699+00:00,2,,NO_HONEST_EQUIVALENT_ESTABLISHED,No confirmed offering or appropriate same-market destination; do not infer a 410 from this absence.,,,OWNER_CONFIRMATION_REQUIRED,,,No confirmed offering or appropriate same-market destination; do not infer a 410 from this absence. Owner must confirm actual offering and target relevance before any routing action.,landscape-lighting,vaughan,OWNER_CONFIRMATION_REQUIRED,OWNER_CONFIRMATION_REQUIRED,NOT_OBTAINED_AUTHENTICATED_ACCESS_NOT_VERIFIED,,NOT_OBTAINED_NO_BACKLINK_PROVIDER_QUERIED,True,"Technical crawl eligibility only, not proof of Google indexing; observed robots.txt allows crawling."
https://seo.goldenmaplelandscaping.ca/landscape-lighting/king-city/,200,200,https://seo.goldenmaplelandscaping.ca/landscape-lighting/king-city/,text/html; charset=UTF-8,,https://seo.goldenmaplelandscaping.ca/landscape-lighting/king-city/,,,INDEXABLE,Landscape Lighting in King City | Golden Maple Landscaping,Landscape Lighting in King City,"Landscape Lighting for King City homeowners by Golden Maple Landscaping. Starting at $2,500. Call +1-705-790-3838 for a free quote.",583,8,"[""https://seo.goldenmaplelandscaping.ca/"", ""https://seo.goldenmaplelandscaping.ca/interlocking-driveway/king-city"", ""https://seo.goldenmaplelandscaping.ca/landscape-lighting/barrie"", ""https://seo.goldenmaplelandscaping.ca/landscape-lighting/bradford"", ""https://seo.goldenmaplelandscaping.ca/landscape-lighting/innisfil"", ""https://seo.goldenmaplelandscaping.ca/landscape-lighting/king-city"", ""https://seo.goldenmaplelandscaping.ca/paver-patio-installation/king-city"", ""https://seo.goldenmaplelandscaping.ca/retaining-wall-construction/king-city""]",2026-09-05T14:54:01.051175+00:00,2,,NO_HONEST_EQUIVALENT_ESTABLISHED,No confirmed offering or appropriate same-market destination; do not infer a 410 from this absence.,,,OWNER_CONFIRMATION_REQUIRED,,,No confirmed offering or appropriate same-market destination; do not infer a 410 from this absence. Owner must confirm actual offering and target relevance before any routing action.,landscape-lighting,king-city,OWNER_CONFIRMATION_REQUIRED,OWNER_CONFIRMATION_REQUIRED,NOT_OBTAINED_AUTHENTICATED_ACCESS_NOT_VERIFIED,,NOT_OBTAINED_NO_BACKLINK_PROVIDER_QUERIED,True,"Technical crawl eligibility only, not proof of Google indexing; observed robots.txt allows crawling."
https://seo.goldenmaplelandscaping.ca/landscape-lighting/orillia/,200,200,https://seo.goldenmaplelandscaping.ca/landscape-lighting/orillia/,text/html; charset=UTF-8,,https://seo.goldenmaplelandscaping.ca/landscape-lighting/orillia/,,,INDEXABLE,Landscape Lighting in Orillia | Golden Maple Landscaping,Landscape Lighting in Orillia,"Landscape Lighting for Orillia homeowners by Golden Maple Landscaping. Starting at $2,500. Call +1-705-790-3838 for a free quote.",575,8,"[""https://seo.goldenmaplelandscaping.ca/"", ""https://seo.goldenmaplelandscaping.ca/interlocking-driveway/orillia"", ""https://seo.goldenmaplelandscaping.ca/landscape-lighting/barrie"", ""https://seo.goldenmaplelandscaping.ca/landscape-lighting/bradford"", ""https://seo.goldenmaplelandscaping.ca/landscape-lighting/innisfil"", ""https://seo.goldenmaplelandscaping.ca/landscape-lighting/orillia"", ""https://seo.goldenmaplelandscaping.ca/paver-patio-installation/orillia"", ""https://seo.goldenmaplelandscaping.ca/retaining-wall-construction/orillia""]",2026-09-05T14:54:02.085789+00:00,2,https://goldenmaplelandscaping.ca/locations/orillia/,SAME_CITY_LOCATION_FALLBACK,No exact service-location/service target established; same-city location page is a conditional fallback only after advertised service is confirmed.,,,OWNER_CONFIRMATION_REQUIRED,https://goldenmaplelandscaping.ca/locations/orillia/,,No exact service-location/service target established; same-city location page is a conditional fallback only after advertised service is confirmed. Owner must confirm actual offering and target relevance before any routing action.,landscape-lighting,orillia,OWNER_CONFIRMATION_REQUIRED,OWNER_CONFIRMATION_REQUIRED,NOT_OBTAINED_AUTHENTICATED_ACCESS_NOT_VERIFIED,,NOT_OBTAINED_NO_BACKLINK_PROVIDER_QUERIED,True,"Technical crawl eligibility only, not proof of Google indexing; observed robots.txt allows crawling."
https://seo.goldenmaplelandscaping.ca/landscape-lighting/midland/,200,200,https://seo.goldenmaplelandscaping.ca/landscape-lighting/midland/,text/html; charset=UTF-8,,https://seo.goldenmaplelandscaping.ca/landscape-lighting/midland/,,,INDEXABLE,Landscape Lighting in Midland | Golden Maple Landscaping,Landscape Lighting in Midland,"Landscape Lighting for Midland homeowners by Golden Maple Landscaping. Starting at $2,500. Call +1-705-790-3838 for a free quote.",601,8,"[""https://seo.goldenmaplelandscaping.ca/"", ""https://seo.goldenmaplelandscaping.ca/interlocking-driveway/midland"", ""https://seo.goldenmaplelandscaping.ca/landscape-lighting/barrie"", ""https://seo.goldenmaplelandscaping.ca/landscape-lighting/bradford"", ""https://seo.goldenmaplelandscaping.ca/landscape-lighting/innisfil"", ""https://seo.goldenmaplelandscaping.ca/landscape-lighting/midland"", ""https://seo.goldenmaplelandscaping.ca/paver-patio-installation/midland"", ""https://seo.goldenmaplelandscaping.ca/retaining-wall-construction/midland""]",2026-09-05T14:54:03.120065+00:00,2,https://goldenmaplelandscaping.ca/locations/midland/,SAME_CITY_LOCATION_FALLBACK,No exact service-location/service target established; same-city location page is a conditional fallback only after advertised service is confirmed.,,,OWNER_CONFIRMATION_REQUIRED,https://goldenmaplelandscaping.ca/locations/midland/,,No exact service-location/service target established; same-city location page is a conditional fallback only after advertised service is confirmed. Owner must confirm actual offering and target relevance before any routing action.,landscape-lighting,midland,OWNER_CONFIRMATION_REQUIRED,OWNER_CONFIRMATION_REQUIRED,NOT_OBTAINED_AUTHENTICATED_ACCESS_NOT_VERIFIED,,NOT_OBTAINED_NO_BACKLINK_PROVIDER_QUERIED,True,"Technical crawl eligibility only, not proof of Google indexing; observed robots.txt allows crawling."
https://seo.goldenmaplelandscaping.ca/landscape-lighting/wasaga-beach/,200,200,https://seo.goldenmaplelandscaping.ca/landscape-lighting/wasaga-beach/,text/html; charset=UTF-8,,https://seo.goldenmaplelandscaping.ca/landscape-lighting/wasaga-beach/,,,INDEXABLE,Landscape Lighting in Wasaga Beach | Golden Maple Landscaping,Landscape Lighting in Wasaga Beach,"Landscape Lighting for Wasaga Beach homeowners by Golden Maple Landscaping. Starting at $2,500. Call +1-705-790-3838 for a free quote.",570,8,"[""https://seo.goldenmaplelandscaping.ca/"", ""https://seo.goldenmaplelandscaping.ca/interlocking-driveway/wasaga-beach"", ""https://seo.goldenmaplelandscaping.ca/landscape-lighting/barrie"", ""https://seo.goldenmaplelandscaping.ca/landscape-lighting/bradford"", ""https://seo.goldenmaplelandscaping.ca/landscape-lighting/innisfil"", ""https://seo.goldenmaplelandscaping.ca/landscape-lighting/wasaga-beach"", ""https://seo.goldenmaplelandscaping.ca/paver-patio-installation/wasaga-beach"", ""https://seo.goldenmaplelandscaping.ca/retaining-wall-construction/wasaga-beach""]",2026-09-05T14:54:04.127593+00:00,2,https://goldenmaplelandscaping.ca/locations/wasaga-beach/,SAME_CITY_LOCATION_FALLBACK,No exact service-location/service target established; same-city location page is a conditional fallback only after advertised service is confirmed.,,,OWNER_CONFIRMATION_REQUIRED,https://goldenmaplelandscaping.ca/locations/wasaga-beach/,,No exact service-location/service target established; same-city location page is a conditional fallback only after advertised service is confirmed. Owner must confirm actual offering and target relevance before any routing action.,landscape-lighting,wasaga-beach,OWNER_CONFIRMATION_REQUIRED,OWNER_CONFIRMATION_REQUIRED,NOT_OBTAINED_AUTHENTICATED_ACCESS_NOT_VERIFIED,,NOT_OBTAINED_NO_BACKLINK_PROVIDER_QUERIED,True,"Technical crawl eligibility only, not proof of Google indexing; observed robots.txt allows crawling."
https://seo.goldenmaplelandscaping.ca/landscape-lighting/collingwood/,200,200,https://seo.goldenmaplelandscaping.ca/landscape-lighting/collingwood/,text/html; charset=UTF-8,,https://seo.goldenmaplelandscaping.ca/landscape-lighting/collingwood/,,,INDEXABLE,Landscape Lighting in Collingwood | Golden Maple Landscaping,Landscape Lighting in Collingwood,"Landscape Lighting for Collingwood homeowners by Golden Maple Landscaping. Starting at $2,500. Call +1-705-790-3838 for a free quote.",586,8,"[""https://seo.goldenmaplelandscaping.ca/"", ""https://seo.goldenmaplelandscaping.ca/interlocking-driveway/collingwood"", ""https://seo.goldenmaplelandscaping.ca/landscape-lighting/barrie"", ""https://seo.goldenmaplelandscaping.ca/landscape-lighting/bradford"", ""https://seo.goldenmaplelandscaping.ca/landscape-lighting/collingwood"", ""https://seo.goldenmaplelandscaping.ca/landscape-lighting/innisfil"", ""https://seo.goldenmaplelandscaping.ca/paver-patio-installation/collingwood"", ""https://seo.goldenmaplelandscaping.ca/retaining-wall-construction/collingwood""]",2026-09-05T14:54:05.135587+00:00,2,https://goldenmaplelandscaping.ca/locations/collingwood/,SAME_CITY_LOCATION_FALLBACK,No exact service-location/service target established; same-city location page is a conditional fallback only after advertised service is confirmed.,,,OWNER_CONFIRMATION_REQUIRED,https://goldenmaplelandscaping.ca/locations/collingwood/,,No exact service-location/service target established; same-city location page is a conditional fallback only after advertised service is confirmed. Owner must confirm actual offering and target relevance before any routing action.,landscape-lighting,collingwood,OWNER_CONFIRMATION_REQUIRED,OWNER_CONFIRMATION_REQUIRED,NOT_OBTAINED_AUTHENTICATED_ACCESS_NOT_VERIFIED,,NOT_OBTAINED_NO_BACKLINK_PROVIDER_QUERIED,True,"Technical crawl eligibility only, not proof of Google indexing; observed robots.txt allows crawling."
https://seo.goldenmaplelandscaping.ca/landscape-lighting/alliston/,200,200,https://seo.goldenmaplelandscaping.ca/landscape-lighting/alliston/,text/html; charset=UTF-8,,https://seo.goldenmaplelandscaping.ca/landscape-lighting/alliston/,,,INDEXABLE,Landscape Lighting in Alliston | Golden Maple Landscaping,Landscape Lighting in Alliston,"Landscape Lighting for Alliston homeowners by Golden Maple Landscaping. Starting at $2,500. Call +1-705-790-3838 for a free quote.",572,8,"[""https://seo.goldenmaplelandscaping.ca/"", ""https://seo.goldenmaplelandscaping.ca/interlocking-driveway/alliston"", ""https://seo.goldenmaplelandscaping.ca/landscape-lighting/alliston"", ""https://seo.goldenmaplelandscaping.ca/landscape-lighting/barrie"", ""https://seo.goldenmaplelandscaping.ca/landscape-lighting/bradford"", ""https://seo.goldenmaplelandscaping.ca/landscape-lighting/innisfil"", ""https://seo.goldenmaplelandscaping.ca/paver-patio-installation/alliston"", ""https://seo.goldenmaplelandscaping.ca/retaining-wall-construction/alliston""]",2026-09-05T14:54:06.185499+00:00,2,,NO_HONEST_EQUIVALENT_ESTABLISHED,No confirmed offering or appropriate same-market destination; do not infer a 410 from this absence.,,,OWNER_CONFIRMATION_REQUIRED,,,No confirmed offering or appropriate same-market destination; do not infer a 410 from this absence. Owner must confirm actual offering and target relevance before any routing action.,landscape-lighting,alliston,OWNER_CONFIRMATION_REQUIRED,OWNER_CONFIRMATION_REQUIRED,NOT_OBTAINED_AUTHENTICATED_ACCESS_NOT_VERIFIED,,NOT_OBTAINED_NO_BACKLINK_PROVIDER_QUERIED,True,"Technical crawl eligibility only, not proof of Google indexing; observed robots.txt allows crawling."
https://seo.goldenmaplelandscaping.ca/landscape-lighting/angus/,200,200,https://seo.goldenmaplelandscaping.ca/landscape-lighting/angus/,text/html; charset=UTF-8,,https://seo.goldenmaplelandscaping.ca/landscape-lighting/angus/,,,INDEXABLE,Landscape Lighting in Angus | Golden Maple Landscaping,Landscape Lighting in Angus,"Landscape Lighting for Angus homeowners by Golden Maple Landscaping. Starting at $2,500. Call +1-705-790-3838 for a free quote.",541,8,"[""https://seo.goldenmaplelandscaping.ca/"", ""https://seo.goldenmaplelandscaping.ca/interlocking-driveway/angus"", ""https://seo.goldenmaplelandscaping.ca/landscape-lighting/angus"", ""https://seo.goldenmaplelandscaping.ca/landscape-lighting/barrie"", ""https://seo.goldenmaplelandscaping.ca/landscape-lighting/bradford"", ""https://seo.goldenmaplelandscaping.ca/landscape-lighting/innisfil"", ""https://seo.goldenmaplelandscaping.ca/paver-patio-installation/angus"", ""https://seo.goldenmaplelandscaping.ca/retaining-wall-construction/angus""]",2026-09-05T14:54:07.195492+00:00,2,,NO_HONEST_EQUIVALENT_ESTABLISHED,No confirmed offering or appropriate same-market destination; do not infer a 410 from this absence.,,,OWNER_CONFIRMATION_REQUIRED,,,No confirmed offering or appropriate same-market destination; do not infer a 410 from this absence. Owner must confirm actual offering and target relevance before any routing action.,landscape-lighting,angus,OWNER_CONFIRMATION_REQUIRED,OWNER_CONFIRMATION_REQUIRED,NOT_OBTAINED_AUTHENTICATED_ACCESS_NOT_VERIFIED,,NOT_OBTAINED_NO_BACKLINK_PROVIDER_QUERIED,True,"Technical crawl eligibility only, not proof of Google indexing; observed robots.txt allows crawling."
https://seo.goldenmaplelandscaping.ca/landscape-lighting/oro-station/,200,200,https://seo.goldenmaplelandscaping.ca/landscape-lighting/oro-station/,text/html; charset=UTF-8,,https://seo.goldenmaplelandscaping.ca/landscape-lighting/oro-station/,,,INDEXABLE,Landscape Lighting in Oro-Medonte | Golden Maple Landscaping,Landscape Lighting in Oro-Medonte,"Landscape Lighting for Oro-Medonte homeowners by Golden Maple Landscaping. Starting at $2,500. Call +1-705-790-3838 for a free quote.",551,8,"[""https://seo.goldenmaplelandscaping.ca/"", ""https://seo.goldenmaplelandscaping.ca/interlocking-driveway/oro-station"", ""https://seo.goldenmaplelandscaping.ca/landscape-lighting/barrie"", ""https://seo.goldenmaplelandscaping.ca/landscape-lighting/bradford"", ""https://seo.goldenmaplelandscaping.ca/landscape-lighting/innisfil"", ""https://seo.goldenmaplelandscaping.ca/landscape-lighting/oro-station"", ""https://seo.goldenmaplelandscaping.ca/paver-patio-installation/oro-station"", ""https://seo.goldenmaplelandscaping.ca/retaining-wall-construction/oro-station""]",2026-09-05T14:54:08.230029+00:00,2,,NO_HONEST_EQUIVALENT_ESTABLISHED,No confirmed offering or appropriate same-market destination; do not infer a 410 from this absence. Oro Station must not silently be treated as equivalent to all Oro-Medonte; confirm geography and service scope.,,,OWNER_CONFIRMATION_REQUIRED,,,No confirmed offering or appropriate same-market destination; do not infer a 410 from this absence. Oro Station must not silently be treated as equivalent to all Oro-Medonte; confirm geography and service scope. Owner must confirm actual offering and target relevance before any routing action.,landscape-lighting,oro-station,OWNER_CONFIRMATION_REQUIRED,OWNER_CONFIRMATION_REQUIRED,NOT_OBTAINED_AUTHENTICATED_ACCESS_NOT_VERIFIED,,NOT_OBTAINED_NO_BACKLINK_PROVIDER_QUERIED,True,"Technical crawl eligibility only, not proof of Google indexing; observed robots.txt allows crawling."
